b.country,b.state,b.city,b.latitude,b.longitude,bit_capacity_min,bit_load_min,bit_capacity_mean,bit_load_mean,bit_capacity_max,bit_load_max,bit_capacity_std,flit_capacity_min,flit_load_min,flit_capacity_mean,flit_load_mean,flit_capacity_max,flit_load_max,flit_capacity_std,region
Australia,ACT,CANBERRA,-35.28,149.22,9800000000,30951552,9800000000.0,305032988.49913424,9800000000,1631267360,0.0,1685473144,36089864,2387987251.9348955,214242468.10481358,2400000000,615110240,63788112.83193618,AU-NSW
Australia,NSW,ABBOTSFORD,-33.85,151.13,0,0,0.0,1278731.0078857313,0,38869336,0.0,0,0,521679296.6046719,1523958.4466597233,720000000,76557232,317803270.6036932,AU-NSW
Australia,NSW,MASCOT,-33.93,151.2,950000000,0,950000000.0,80824149.25176036,950000000,263336160,0.0,0,0,317069053.6580861,83117628.89899573,319200000,203462648,19543731.771929193,AU-NSW
Australia,NSW,SYDNEY,-33.88,151.22,706050000000,13626091640,765971866673.786,76252578613.63223,936742222208,147255913384,53389732162.15052,141817905672,10698304352,175562210431.8938,33506246527.80515,181048955328,55350551192,4720881763.52669,AU-NSW
Australia,NSW,VILLAWOOD,-33.88,150.97,1900000000,2041976,1900000000.0,60703272.651968144,1900000000,260179104,0.0,480000000,2584368,716853506.8138058,22672707.285697795,720000000,145736336,26826016.69882953,AU-NSW
Australia,NT,DARWIN,-12.47,130.83,9800000000,0,9800000000.0,20463965.89634076,9800000000,347448656,0.0,0,0,572698173.0624495,18340784.00369387,576000000,235138768,28966263.060861573,AU-NT
Australia,QLD,BRISBANE,-27.5,153.02,48700000000,658482216,82841059679.095,9407841536.600254,107500000000,28309648112,11391327382.588257,17376083072,1240550480,29488580015.12917,4466968013.876024,30816590072,11488299168,1396965970.486469,AU-QLD
Australia,QLD,COORPAROO,-27.5,153.05,19600000000,13741384,19600000000.0,170582535.57612836,19600000000,546085488,0.0,1570524192,89757376,2704732272.3407598,179342729.85339952,2880000000,426730288,172029547.8296372,AU-QLD
Australia,QLD,GOLDCOAST,-28.0,153.43,950000000,0,950000000.0,61881192.266882144,950000000,244220768,0.0,0,0,355651297.7628997,64702216.955788985,478800000,163064376,71015485.05827236,AU-QLD
Australia,QLD,SAINTLUCIA,-27.5,153.0,0,1707120,9754750086.57509,133806866.6152603,9800000000,726573912,664418960.6654699,0,9982136,567623578.7029897,92300699.07976452,576000000,337519480,55062330.552976325,AU-QLD
Australia,SA,ADELAIDE,-34.93,138.6,80300000000,606308008,81150317441.99469,6844658232.727693,82200000000,14926506264,944810262.0091448,15454776968,811995144,20937338617.472008,3268762435.2219787,22593598976,6308480240,1058520080.3940008,AU-SA
Australia,SA,THEBARTON,-34.92,138.57,19600000000,3787344,19600000000.0,119857158.62495671,19600000000,409377808,0.0,0,73883240,2676999623.229828,134998780.69029206,2760000000,273529792,186002626.53703302,AU-SA
Australia,VIC,MELBOURNE,-37.82,144.97,253460000000,6142426824,291669742583.4007,28935555375.788525,302460000000,49569044864,5911461515.43223,72626340464,4426778264,89557201209.48863,14327137213.46231,92318912584,25270012688,2455936915.951679,AU-VIC
Australia,VIC,MOUNTWAVERLEY,-37.88,145.13,19600000000,12501488,19600000000.0,157588431.41729194,19600000000,612646976,0.0,1842733800,66709944,2888605189.2120514,151101530.55615836,3000000000,467835728,144268700.2184288,AU-VIC
Australia,VIC,PORTMELBOURNE,-37.83,144.93,49000000000,882616400,58671037746.739006,5974779630.064412,58800000000,15272890176,1116845022.497791,11754512904,390119560,15859166102.338682,1762102876.3153641,16211200000,4081729248,551081933.9333402,AU-VIC
Australia,VIC,SOUTHMELBOURNE,-37.83,144.97,950000000,0,950000000.0,137311099.43714648,950000000,423287376,0.0,0,0,474853937.8367771,117923307.75204894,478800000,295313424,26198651.218122747,AU-VIC
Australia,VIC,SUNSHINE,-37.78,144.83,98000000000,1470945568,98000000000.0,11029032620.223942,98000000000,27224151104,0.0,4613792000,1039227520,12682657286.558468,4548438462.772712,13409791120,8532339792,425105341.0500414,AU-VIC
Australia,VIC,TULLAMARINE,-37.7,144.87,19600000000,4295432,19600000000.0,244839051.2459887,19600000000,573749728,0.0,0,181657896,7135615574.087499,335456025.19404364,7200000000,664526752,281997091.6584201,AU-VIC
Australia,WA,PERTH,-31.93,115.83,98650000000,504216712,127803387971.83424,9703322657.613298,128050000000,23448799768,2669059965.06145,20855232472,1178799576,33299998791.244602,4547607520.118204,33944396160,10114766360,1128680995.6717958,AU-WA
Brazil,AL,MACEIO,-9.67,-35.72,950000000,0,950000000.0,7580398.986032552,950000000,73678144,0.0,0,0,469879931.80930394,36939249.94851668,478800000,286292552,36751309.65884815,BR-NE
Brazil,AM,MANAUS,-3.11,-60.03,950000000,15526112,950000000.0,412851380.9830313,950000000,996433288,0.0,0,50754104,633858993.6299204,353410313.26515067,638400000,615561280,33321238.902493965,BR-N
Brazil,BA,SALVADOR,-12.98,-38.52,11000000000,47198864,16067032205.933279,1375616668.5240679,16700000000,3264038448,1436096825.9534492,965267552,46683688,5363470893.43276,806819014.6369618,7187996032,1565155664,1576241639.2986705,BR-NE
Brazil,CE,FORTALEZA,-3.72,-38.5,2850000000,7290008,2850000000.0,414415238.0911924,2850000000,920311568,0.0,962102424,6986528,1373224364.6201086,115966537.77213436,1440000000,518366176,107634860.15410936,BR-NE
Brazil,DF,BRASILIA,-15.78,-47.92,109700000000,1089464352,109700000000.0,9558324316.74847,109700000000,18445499592,0.0,9808591616,936554016,15291565064.87083,4970331868.779868,16688592128,8344109056,887861553.0561596,BR-CS
Brazil,MG,BELOHORIZONTE,-19.92,-43.93,20000000000,94216472,20000000000.0,1287098361.906037,20000000000,3108707544,0.0,0,175823280,2050718217.6086805,940028340.3264458,2074800000,1614519616,72250907.57327342,BR-CS
Brazil,MG,UBERLANDIA,-18.92,-48.3,9800000000,10166896,9800000000.0,873860984.4765093,9800000000,3981337064,0.0,0,12773360,2102172476.7872562,1087419715.7566662,2639996584,1868032632,237836222.7175885,BR-CS
Brazil,PB,JOAOPESSOA,-7.12,-34.87,1900000000,726200,1900000000.0,114612241.70933856,1900000000,706579144,0.0,0,11097416,292824915.3115549,101716108.74385317,478800000,388481480,97509233.87161268,BR-NE
Brazil,PE,RECIFE,-8.05,-34.9,9800000000,0,9800000000.0,137413291.86194158,9800000000,817745752,0.0,0,0,1582625640.6759782,50708337.15248759,1602000000,264455240,146321128.88787535,BR-NE
Brazil,PR,CURITIBA,-25.42,-49.25,68300000000,1062191096,70111064296.4331,14107220731.69664,71150000000,28362580384,1371785909.4245617,12922239536,622613672,22774515850.74362,5811778797.184347,23878587520,11369298504,1142692242.7182658,BR-S
Brazil,PR,LONDRINA,-23.3,-51.15,1900000000,18268208,2985432298.2800417,416889760.6898303,3800000000,1157482592,940351086.449379,0,9549264,1476122969.4526145,138066058.49705645,1921200000,380796680,476990082.1877934,BR-S
Brazil,RJ,MACEIO,-22.91,-43.06,950000000,1159768,950000000.0,222648034.77686712,950000000,708470744,0.0,0,20880768,476357901.64885145,152637043.97922197,478800000,367130832,23772423.625521857,BR-CS
Brazil,RJ,NOVAFRIBURGO,-22.27,-42.53,0,0,3542324354.86909,8930176.543981917,3800000000,140397440,955480337.1754366,0,0,806135457.1497457,6837794.219627049,961200000,137606432,352777442.0190885,BR-CS
Brazil,RJ,RIODEJANEIRO,-22.9,-43.23,123700000000,2719979712,180918013390.28052,31401491409.018585,198700000000,60940965104,14328849069.877678,27792978560,1722833768,46733771215.84578,14363841814.24726,50520865216,22571040600,3393453965.063028,BR-CS
Brazil,RN,NATAL,-5.78,-35.22,0,0,3542324354.86909,532291713.03974384,3800000000,1311945152,955480337.1754366,0,0,886253917.6492748,112512411.31060463,961200000,354825704,249592065.93029124,BR-NE
Brazil,RS,PORTOALEGRE,-30.03,-51.2,3800000000,0,3800000000.0,383373754.12674594,3800000000,1056265808,0.0,0,0,476535786.2218631,296403584.39155024,478800000,448221904,21206716.156497788,BR-S
Brazil,SC,CAMBORIU,-26.98,-48.63,0,0,3542324354.86909,246200177.4541345,3800000000,968950256,955480337.1754366,0,0,883156428.5567904,68850160.1883594,961200000,271614672,252505868.4695115,BR-S
Brazil,SC,FLORIANOPOLIS,-27.58,-48.57,11700000000,38693848,11700000000.0,599408888.5208358,11700000000,2321233632,0.0,478800000,59509648,2061225736.6113355,336856775.45700103,2080800000,863401784,139762483.7401072,BR-S
Brazil,SP,AMERICANA,-22.74,-47.33,7600000000,66756608,7600000000.0,987278100.1500635,7600000000,2522182128,0.0,0,79101136,1686027745.8755627,520544296.9290084,1758000000,1142598576,102927279.23609892,BR-CS
Brazil,SP,BARUERI,-23.52,-46.88,4329500000,4018792,4329500000.0,796552975.360037,4329500000,4412968496,0.0,0,14271744,2282300986.6974487,367733567.3729655,2496000000,2055861336,74292239.47309308,BR-CS
Brazil,SP,CAMPINAS,-22.9,-47.08,7600000000,7811472,7600000000.0,778000165.6137596,7600000000,2741684440,0.0,1227320,23028208,769256993.6991804,399813526.9186194,895200000,767445392,226810693.3599211,BR-CS
Brazil,SP,FRANCA,-20.53,-47.4,3800000000,24317528,3800000000.0,1271837245.7402747,3800000000,2519037824,0.0,720000000,16189584,1991964195.1859634,372530469.40043867,2160000000,816019000,135043579.59956622,BR-CS
Brazil,SP,GUARULHOS,-23.47,-46.53,0,0,1893200969.641002,376436696.11358654,1900000000,1046299128,113461080.95392194,0,0,629551598.572319,353766890.21170497,638400000,589398040,64634584.17171801,BR-CS
Brazil,SP,SANTANADEPARNAIBA,-23.45,-46.92,950000000,0,950000000.0,88089743.53641926,950000000,333686008,0.0,0,0,158622823.74142906,93484945.41013506,159600000,202010944,12143165.5945894,BR-CS
Brazil,SP,SANTOANDRE,-23.67,-46.52,19600000000,48138848,19600000000.0,1824837984.8043404,19600000000,4957861056,0.0,2977725688,106164600,4207360058.4813576,828395322.9689484,4488000000,2263310744,202406435.98023042,BR-CS
Brazil,SP,SANTOS,-23.95,-46.33,0,0,110272515294.93246,7265540119.330486,196000000000,26720825424,28270162503.210835,0,0,27781741933.953594,3197976509.385663,28885392128,10108557808,3472437325.032323,BR-CS
Brazil,SP,SAOPAULO,-23.53,-46.62,276465500000,9750786736,298564892127.43854,53396312993.53942,303665500000,83860380224,5156345493.529508,56301452488,4937854048,83670021315.76036,22171786868.451115,87958968936,32981023016,4015586576.3102016,BR-CS
Canada,AB,CALGARY,51.08,-114.08,139100000000,3307307224,197224645042.1332,16750372890.786102,197900000000,36986561000,4034215362.4712863,26402826544,2856533760,37639879604.38185,9260267989.247143,38632401656,16249633160,1023502124.7053694,CA-AB
Canada,AB,LETHBRIDGE,49.7,-112.83,0,0,0.0,1172186.2126284197,0,12938168,0.0,0,0,0.0,583743.5410365924,0,20396184,0.0,CA-AB
Canada,BC,NORTHVANCOUVER,49.32,-123.07,950000000,0,950000000.0,34951697.25868636,950000000,171237584,0.0,0,0,190695759.25753203,21329644.807572436,192000000,149280704,15591222.38949494,CA-BC
Canada,BC,PRINCERUPERT,54.32,-130.33,950000000,0,950000000.0,63033711.31663396,950000000,201460648,0.0,0,0,190090394.05194506,23033190.644349534,192000000,107417736,18447818.492400695,CA-BC
Canada,BC,VANCOUVER,49.25,-123.13,136900000000,4245042464,168583989380.12234,19592143326.84105,185900000000,37711576032,15902481074.737375,38758915408,3598259240,54017807696.12374,10786733079.052523,64061314872,19257578800,6696302176.06143,CA-BC
Canada,BC,VICTORIA,48.43,-123.35,1900000000,0,1900000000.0,91635644.46311902,1900000000,841307104,0.0,0,0,713104673.3538035,25862826.470275886,720000000,185127336,58008207.69132694,CA-BC
Canada,MB,BRANDON,49.83,-99.95,80000000,0,80000000.0,53412012.70414406,80000000,210800008,0.0,0,0,237926405.91111624,63641126.9961907,240000000,124792296,16810284.44191591,CA-MB
Canada,MB,WINNIPEG,49.88,-97.17,11700000000,297503624,16211290546.00023,2012300460.417869,21500000000,4517762304,4802159292.320195,735600000,466921888,5417177995.705875,2110587577.2162068,6069600768,3347607008,897143507.0597221,CA-MB
Canada,NB,SAINTJOHN,45.27,-66.07,9800000000,72911168,9800000000.0,482304965.7116472,9800000000,1369720656,0.0,478800000,118808744,791698278.5021355,450299324.54807806,798000000,789499192,34968336.40477179,CA-NB
Canada,NF,GOOSEBAY,53.33,-60.42,0,0,902516449.2669976,8202908.9664088655,950000000,97257488,207025682.08209917,0,0,1076558067.0160453,6762927.049751818,1200000000,157415504,357296559.17802745,CA-NL-LB
Canada,NF,SAINTJOHNS,47.55,-52.67,9800000000,79151528,9800000000.0,620183004.3624611,9800000000,1551653304,0.0,1596000000,180716976,1905072430.886298,636189876.8980722,1915200000,1268479736,49354880.76204245,CA-NL-NF
Canada,NS,HALIFAX,44.65,-63.6,40150000000,565474192,40150000000.0,3554440550.3802376,40150000000,7715444824,0.0,3751600000,740822624,6269681339.908115,2619552092.4483438,6309999872,4222319080,185732688.7450412,CA-NS
Canada,NT,YELLOWKNIFE,62.45,-114.35,950000000,7214280,950000000.0,74869107.56550848,950000000,269133224,0.0,271025368,31893784,476001040.69075376,76276999.50686829,478800000,213489656,20649082.02170629,CA-NT
Canada,NU,IQALUIT,63.73,-68.5,95000000,0,95000000.0,562673.3556504674,95000000,7948728,0.0,0,0,3827773.5989841856,5361632.63257532,159158280,75822776,16696571.788953574,CA-NU
Canada,ON,BARRIE,44.38,-79.7,9800000000,80217440,9800000000.0,766246096.0156989,9800000000,2213834408,0.0,1680000000,39856248,2283667747.1490245,229265207.0986956,2400000000,567750640,131967043.42206925,CA-ON
Canada,ON,BURLINGTON,43.32,-79.8,19600000000,822928632,19600000000.0,5028884529.725038,19600000000,11856920592,0.0,3630110144,340440240,4215245266.1369042,1349469016.102505,4416000000,2982341456,124125745.07748494,CA-ON
Canada,ON,ETOBICOKE,43.7,-79.57,19600000000,81087576,59630335911.34711,3732103498.59125,98000000000,14979373560,6861155149.062569,2368675656,126857384,7553552947.749278,1730257197.4964793,11373121224,6346111336,673124539.8055482,CA-ON
Canada,ON,HAMILTON,43.25,-79.83,0,1150976,925435761.28362,126787927.82731156,950000000,402940696,150782125.48301604,0,1130280,466295057.34456885,35419338.84150987,480000000,183549872,77878693.25923188,CA-ON
Canada,ON,KINGSTON,44.3,-76.57,1045000000,2274904,1045000000.0,38619055.348031856,1045000000,217185808,0.0,159600000,15614176,428593839.81253606,78462435.3623456,519600000,221114784,88773266.73951839,CA-ON
Canada,ON,KITCHENER,43.45,-80.5,0,0,0.0,0.0,0,0,0.0,0,0,0.0,0.0,0,0,0.0,CA-ON
Canada,ON,LONDON,42.98,-81.25,950000000,2688296,950000000.0,39103240.35830544,950000000,272154944,0.0,640800000,11598800,956435721.5634307,115825702.91769595,961200000,538672192,37846975.86267928,CA-ON
Canada,ON,MISSISSAUGA,43.15,-79.5,19600000000,324035072,19604040170.84151,11357712394.481358,26600000000,19764409648,168131305.82576865,5683196784,348054072,7615184507.294009,3453219665.611451,7680000000,6140232008,184041783.3316245,CA-ON
Canada,ON,NORTHBAY,46.3,-79.45,9800000000,1466256,9800000000.0,2534854.6563546117,9800000000,15869008,0.0,960000000,2285424,1196974943.9833777,3228428.9562507216,1200000000,22072680,26319341.691333935,CA-ON
Canada,ON,OTTAWA,45.42,-75.7,9800000000,34059928,18983469929.585594,441509481.5966755,19600000000,1132368664,2379609003.3373847,159600000,71211000,1369408554.8165762,355626664.8523606,1598400000,871292448,336979478.8671798,CA-ON
Canada,ON,PORTPERRY,44.1,-78.93,950000000,2005320,950000000.0,29683881.424910538,950000000,159566680,0.0,16,12943464,159379114.2329447,33376815.57705183,159600000,131902312,5663974.848857699,CA-ON
Canada,ON,RIPLEY,44.07,-81.58,95000000,0,95000000.0,59599049.42398707,95000000,195036640,0.0,0,0,158306601.19681403,59893148.05309939,159600000,130626392,14145036.501472408,CA-ON
Canada,ON,SUDBURY,46.5,-80.97,10750000000,9004840,10750000000.0,168269329.996537,10750000000,465703160,0.0,960000000,9065240,1576441764.5028281,81538171.58397783,1584000000,264001496,45120828.712970585,CA-ON
Canada,ON,TIVERTON,44.27,-81.53,950000000,0,950000000.0,37958199.87902574,950000000,137584296,0.0,0,0,239668491.04744315,12516983.82177075,240000000,122118856,7454246.713041042,CA-ON
Canada,ON,TORONTO,43.67,-79.42,372800000000,7571695888,408479152718.4578,42502605157.45862,413000000000,82670285784,8073487657.341095,105640297328,7004874456,125688908986.4278,22858358689.711185,131325083576,38831542296,4847278282.731496,CA-ON
Canada,ON,WINDSOR,42.33,-83.03,950000000,9964008,950000000.0,85488441.17834468,950000000,472275000,0.0,1847288,25565368,316942945.4064412,97820383.23998615,319200000,225507392,19311545.405270964,US-MIDW-MISO
Canada,QC,MONTREAL,45.5,-73.58,91300000000,3058735928,129626676670.89923,17125933096.281658,130500000000,39551721808,5153332867.852543,33611832656,1814554808,63315088152.348145,6962539161.899573,64414208800,15028833736,3363592825.86403,CA-QC
Canada,QC,QUEBEC,46.8,-71.25,9800000000,70363888,9800000000.0,500221779.4168302,9800000000,1304962456,0.0,1915200000,182840360,2345848422.6582017,559580387.0058872,2393999872,1229947848,92006182.72551876,CA-QC
Canada,SK,REGINA,50.45,-104.62,9800000000,196164248,9800000000.0,1148769898.5783217,9800000000,2503997776,0.0,1920000000,92838944,2388159625.7305784,355126095.5668937,2400000000,679556016,57807023.9132225,CA-SK
Canada,SK,SASKATOON,52.13,-106.67,10750000000,192776712,10750000000.0,929760503.5151795,10750000000,2384874280,0.0,2398800000,94914000,2865223987.175805,310922501.28131133,2878800000,668970016,67708225.91827896,CA-SK
Canada,YT,WHITEHORSE,60.72,-135.05,950000000,0,950000000.0,37024334.09858017,950000000,145422336,0.0,0,0,473853228.1897726,54747759.29077686,478800000,188327496,35999649.780242376,CA-YT
Germany,BE,BERLIN,52.52,13.4,101800000000,2010642664,237280503289.8534,25965321307.638462,239000000000,66767604832,15159622241.42195,24010462552,1142353504,52295724386.7981,8704866358.78564,54232800256,21264667568,3381388254.512062,DE
Germany,BW,BOEBLINGEN,48.68,9.02,0,0,0.0,0.0,0,0,0.0,0,0,0.0,0.0,0,0,0.0,DE
Germany,BW,KARLSRUHE,49.0,8.39,3800000000,15153928,42662876601.63915,2203604332.220247,43000000000,9734449024,3586009866.7758985,2873726568,138897064,11587463253.005194,770234582.1336719,11754800000,2866806952,919572784.4290634,DE
Germany,BW,STUTTGART,48.77,9.18,30000000000,302419968,30000000000.0,6060944825.553272,30000000000,13749409232,0.0,0,336993912,9034127388.138983,2192888303.889184,9240000000,4920526056,348176208.32071334,DE
Germany,BY,ERLANGEN,49.59,11.0,19600000000,49311680,19600000000.0,710524938.9283159,19600000000,3060370632,0.0,1689581648,49284920,2151600865.923583,271635804.0817269,2304000000,741223760,96375441.22982256,DE
Germany,BY,MUNICH,48.15,11.58,485695000000,5971865544,530014335103.3129,44688470690.01778,545495000000,107761374208,9991046738.724192,107488844800,4570833080,125079979183.04698,17943988100.319057,128785955784,37640720400,3014189959.125907,DE
Germany,BY,RAISTING,47.91,11.1,950000000,2043272,950000000.0,12083284.621955443,950000000,63816184,0.0,480000000,2867880,716705678.2915848,11359888.499595983,720000000,98581832,27537498.125638165,DE
Germany,HE,FRANKFURT,50.12,8.68,3942467000000,95115622904,4476704642387.164,445619936317.6692,4623567000000,864649059904,105935607399.54335,992921683040,63030455800,1124749968097.4424,210966866875.52948,1148689389456,370015459248,24258291047.04775,DE
Germany,HH,HAMBURG,53.55,10.0,324500000000,8671938544,529468740621.032,45352589345.239296,562900000000,118499408728,35352250993.49538,54143612040,3757931552,96193196868.96457,14737991670.841972,104923853960,29629627256,6947747444.387396,DE
Germany,NI,HANNOVER,52.37,9.72,19600000000,61389432,19600000000.0,935332856.3047444,19600000000,3279761168,0.0,2160000000,25516936,3096890503.3203278,255952330.11843473,3120000000,928270768,109226755.76520638,DE
Germany,NI,OLDENBURG,53.17,8.2,9800000000,390852088,9800000000.0,3444444549.836315,9800000000,8388590880,0.0,2160000000,123847776,2853596628.5665474,911039183.2261342,3120000000,2192686936,188089325.84955597,DE
Germany,NW,DUSSELDORF,51.22,6.77,147950000000,3711741704,327631749971.14166,40621081689.069374,383150000000,108687082352,32248736127.743336,52584891488,3709274328,98600813149.95451,15047558218.173843,107328521224,31618402152,8712024513.173683,DE
Germany,NW,LANGENHAGEN,51.68,8.53,29400000000,0,29400000000.0,5482791064.202239,29400000000,9889140840,0.0,0,0,9744813502.120743,1928455892.0992727,10288000000,4011964624,574168264.254581,DE
Germany,RP,MAINZ,50.0,8.27,950000000,1131072,950000000.0,2564605.9517488168,950000000,17134856,0.0,1680000000,3611048,1911620615.9972296,4997939.976451576,1920000000,26473176,43328972.39730703,DE
Germany,SH,KIEL,54.33,10.13,950000000,5820504,950000000.0,114770279.37019508,950000000,407706904,0.0,319200000,33121856,476294054.13644236,85098577.03336027,478800000,250876160,19431549.24264885,DE
Germany,SH,NORDERSTEDT,53.7,10.02,9800000000,46517768,9800000000.0,786458481.8081496,9800000000,2856671432,0.0,2563200000,20209864,3190070375.6001387,249110376.53838164,3203999744,887948048,76275449.47081926,DE
Japan,02,MISAWA,40.68,141.4,950000000,0,950000000.0,0.0,950000000,0,0.0,0,0,0.0,0.0,0,0,0.0,JP-TH
Japan,04,SENDAI,38.26,140.89,950000000,3475608,950000000.0,88665403.92843126,950000000,508167304,0.0,576000000,10760552,763948828.2165532,48253288.94193697,768000000,274286864,27027918.550757956,JP-TH
Japan,05,AKITA,39.72,140.07,950000000,5953952,950000000.0,77375045.48262727,950000000,285570432,0.0,159600416,29511368,515835805.8815653,73061446.32482974,638400000,223108968,82065698.55703883,JP-TH
Japan,09,TOCHIGI,36.38,139.73,950000000,1941952,950000000.0,127185719.65277618,950000000,633361816,0.0,720000000,2307232,956813078.5556966,37832924.11774212,960000000,222682480,26998704.08013011,JP-TK
Japan,13,MITAKA,35.68,139.55,0,0,25894032.090499826,2934198.9444765095,32000000,11783176,12574831.29375467,0,0,1259413452.5369964,147391.56597021816,1547584000,1521224,601139707.1668205,JP-TK
Japan,13,OTEMACHI,35.68,139.77,19600000000,139568312,19600000000.0,988792081.5209512,19600000000,2840725904,0.0,1497968808,178596104,2690022029.6229944,594039163.3577282,2760000000,1419645040,176923062.70035663,JP-TK
Japan,13,TOKYO,35.69,139.75,2346264000000,78717459808,2427048197160.337,308763177424.1321,2476564000000,556847416456,27779163789.506638,599274147544,51347282656,668156291887.9612,139857087573.52048,686813155072,225020922864,13689584075.262678,JP-TK
Japan,14,YOKOSUKA,35.28,139.67,950000000,0,950000000.0,0.0,950000000,0,0.0,0,0,0.0,0.0,0,0,0.0,JP-TK
Japan,15,NIIGATA,37.92,139.05,1900000000,4888200,1900000000.0,74790117.24991342,1900000000,688433592,0.0,2161665264,63386296,2974811872.4183307,112622839.02851206,3000000000,249473136,94364562.90745202,JP-TH
Japan,16,TOYAMA,36.68,137.22,950000000,11824064,950000000.0,126854968.01939282,950000000,433176320,0.0,576000000,20413016,763999337.3750433,79952259.1942745,768000000,266599824,26761708.01910767,JP-HR
Japan,23,NAGOYA,35.17,136.92,19600000000,626993632,29340043864.711994,4121833363.6107583,29400000000,14514412312,764226933.4048165,5617094872,271552976,9715993469.850168,1387167745.8035324,10008000000,3522207000,460178234.20585966,JP-CB
Japan,24,MIE,34.7,136.52,1900000000,29364416,1900000000.0,282495832.29550964,1900000000,861487400,0.0,387164808,19069344,762404508.3227519,85317371.09361653,768000000,201105632,31901362.89574296,JP-CB
Japan,27,OSAKA,34.67,135.5,690699000000,28166343192,898625369848.7822,95897866967.8227,907350000000,204767142296,15285698410.512598,141017056552,15133910424,186761840557.4937,38245045257.32148,194486012800,68690829480,7586730265.563878,JP-KN
Japan,29,IKOMA,34.68,135.7,1900000000,13533432,1900000000.0,530988677.3274847,1900000000,1757298128,0.0,720000000,7558816,955515077.1317096,137143529.23282927,960000000,445729408,31949276.100712992,JP-KN
Japan,34,HIROSHIMA,34.4,132.45,19600000000,302869200,19600000000.0,2037565329.5874407,19600000000,5623191160,0.0,2998528200,267160536,4376388994.91354,929383644.1343645,4680000000,1985524960,342728709.21439236,JP-CG
Japan,37,TAKAMATSU,34.33,134.05,19600000000,120424808,19600000000.0,955497791.1827312,19600000000,3247647176,0.0,1680000000,148437840,3896133570.438878,538355100.5822463,4080000000,1347973072,273902911.30848527,JP-SK
Japan,38,MATSUYAMA,33.84,132.76,1900000000,9730344,1900000000.0,109534403.60891147,1900000000,398172744,0.0,720000000,5857136,955558496.400785,35658109.06152603,960000000,190592568,31887276.152630102,JP-SK
Japan,40,FUKUOKA,33.58,130.4,23400000000,533809872,23400000000.0,4075550244.595175,23400000000,11613351344,0.0,7672575328,311382896,9340199473.315018,1530428897.0342836,9600000000,3706874080,310710376.67490095,JP-KY
Japan,41,SAGA,33.25,130.3,950000000,6629616,950000000.0,114462236.70783792,950000000,344010720,0.0,576000000,8749512,764282266.8405864,49786203.665242985,768000000,181139464,25967563.969523206,JP-KY
Japan,46,KAGOSHIMA,31.6,130.55,950000000,11365568,950000000.0,146341135.98337758,950000000,824594688,0.0,720000000,5538256,955634259.2238255,43792884.87867944,960000000,237591880,31554871.456209894,JP-KY
Japan,47,OKINAWA,26.34,127.8,950000000,4244440,950000000.0,72415588.36246105,950000000,201888808,0.0,384000000,12355792,572355913.0638347,42429177.931894265,576000000,221925400,25930741.408423487,JP-ON
United Kingdom,EN,BASILDON,51.57,0.47,20000000000,1256906288,20000000000.0,9460185878.941706,20000000000,20325903072,0.0,11720464992,405524648,14031440179.087152,3063240042.537689,14097604608,6550494096,320734722.186959,GB
United Kingdom,EN,BASINGSTOKE,51.27,-1.08,69200000000,2247651288,88381438300.81958,21142064161.738888,88800000000,62119849576,2833644699.976396,20655969392,780935944,26136374473.71303,5719589729.694563,26544000000,16061989776,995800259.175748,GB
United Kingdom,EN,BIRMINGHAM,52.47,-1.92,206400000000,5833177088,212345838624.03323,41498900112.50144,284800000000,99705491560,20756938255.443405,35542816736,1854164072,43517612345.73242,9703532186.173843,60936002560,23396205184,5126751914.052808,GB
United Kingdom,EN,BRENTFORD,51.5,-0.32,78400000000,1559540192,78400000000.0,11427750858.121204,78400000000,27986380688,0.0,19017762408,963860296,21815842366.000694,3519297979.521182,22392002560,8548206504,483765758.1750905,GB
United Kingdom,EN,BRISTOL,51.45,-2.58,0,0,0.0,0.0,0,0,0.0,0,0,0.0,0.0,0,0,0.0,GB
United Kingdom,EN,CAMBRIDGE,52.2,0.12,0,0,0.0,0.0,0,0,0.0,0,0,0.0,0.0,0,0,0.0,GB
United Kingdom,EN,CARLISLE,54.88,-2.93,88800000000,510024960,88800000000.0,8141093226.010389,88800000000,42508066336,0.0,37566773104,1160228200,42465487656.60949,3548705687.7007966,43464009728,13684155072,943297465.0794945,GB
United Kingdom,EN,CROYDON,51.38,-0.1,0,0,0.0,0.0,0,0,0.0,0,0,0.0,0.0,0,0,0.0,GB
United Kingdom,EN,DORCHESTER,51.63,-1.17,0,0,0.0,0.0,0,0,0.0,0,0,0.0,0.0,0,0,0.0,GB
United Kingdom,EN,DOUGLAS,54.15,-4.48,1900000000,26562960,1900000000.0,396527677.71441764,1900000000,981162544,0.0,720054736,10698488,1195250742.0838046,118029645.43091308,1200000000,374090904,33595846.99443154,IM
United Kingdom,EN,KINGSTONUPONHULL,53.72,-0.33,58800000000,132001136,58800000000.0,986520804.2525684,58800000000,3174149720,0.0,5399991544,163499448,7128829093.234215,532489458.9375505,7320000000,1061864728,304164163.407531,GB
United Kingdom,EN,LEEDS,53.8,-1.58,69000000000,632022072,88092693062.4495,14834352097.41937,89000000000,45725038440,4162322999.1058426,9497133896,174995424,22500276600.68706,3745479938.983724,23889604312,10943425464,2873291169.680248,GB
United Kingdom,EN,LEICESTER,52.63,-1.13,92800000000,1966577008,92800000000.0,21942843110.520603,92800000000,55694835744,0.0,39362719104,1663280440,44267465833.79337,8062356771.77883,45576010752,17626544520,1151455636.9269025,GB
United Kingdom,EN,LONDON,51.5,-0.12,5726070100000,112199985544,6249559660198.546,466174509240.54486,6343570100000,923510212848,88388846767.4879,1333762981664,88688588032,1613648376393.1792,265458716873.53296,1662927286168,450649699448,46717695515.24381,GB
United Kingdom,EN,LUTON,51.88,-0.42,20000000000,262550432,20000000000.0,9896409614.871523,20000000000,19879740952,0.0,0,133390600,7441526197.659933,2437283118.917696,7872000000,5202533288,293794348.1870733,GB
United Kingdom,EN,MANCHESTER,53.5,-2.22,246150000000,6043194112,269894892069.7218,43791566056.797874,285350000000,110030873648,19128865243.616882,56785372216,3125854360,82663645208.4368,13413028489.12663,98554011648,31456438504,4444051080.624488,GB
United Kingdom,EN,ROCHDALE,53.62,-2.15,19600000000,103681248,19600000000.0,807077027.9976913,19600000000,3405932472,0.0,4471519112,72703344,5728840238.222324,261144365.86586633,5760000000,858119296,128024696.25205651,GB
United Kingdom,EN,SHEFFIELD,53.37,-1.5,209600000000,4008552272,231333533417.98453,29345259558.654507,248800000000,75854529744,19484657032.631954,30475466608,1637031560,40664902927.35172,9002613700.805725,47293196288,21442540688,6287520230.611932,GB
United Kingdom,EN,SOUTHAMPTON,50.9,-1.4,950000000,850848,950000000.0,1661072.060948863,950000000,20315784,0.0,319200000,10073568,475789962.2615722,18868241.498787947,478800000,89914328,21463883.30211413,GB
United Kingdom,EN,STAINES,51.43,-0.52,0,0,68330255.10793027,908931.8443957058,95000000,4346560,42691461.16767183,0,0,172544160.2936627,486400.05540805723,240000000,21151600,107877849.82579407,GB
United Kingdom,EN,STUDLEY,51.8,-1.13,3800000000,10275008,3800000000.0,88478769.54957867,3800000000,520446712,0.0,11444328,5097520,477773093.9822233,28129197.067066837,480000000,145060080,23392397.01760185,GB
United Kingdom,EN,SUNDERLAND,54.91,-1.38,0,0,0.0,0.0,0,0,0.0,0,0,0.0,0.0,0,0,0.0,GB
United Kingdom,EN,WOKINGHAM,51.42,-0.83,59200000000,1513889392,59200000000.0,13415949253.320097,59200000000,32728584688,0.0,16907604944,958957248,25234046325.14279,6427743284.488052,26977205248,16719182216,1560307352.804457,GB
United Kingdom,EN,WOLVERHAMPTON,52.58,-2.13,19600000000,0,19600000000.0,7682100888.701836,19600000000,19101100560,0.0,0,0,6564651979.304167,1836275998.4485743,7103999840,4883623968,835676185.1014913,GB
United Kingdom,EN,YORK,53.97,-1.08,88800000000,389861400,88800000000.0,7810395904.088653,88800000000,30172202936,0.0,35496168816,1051260632,41093388201.04906,3309001239.939051,42168009728,9402624400,834409697.4618974,GB
United Kingdom,NI,NEWCASTLE,54.2,-5.88,0,0,0.0,0.0,0,0,0.0,0,0,0.0,0.0,0,0,0.0,GB-NIR
United Kingdom,SC,GLASGOW,55.83,-4.25,39200000000,5613856,39200000000.0,1953243049.4563084,39200000000,13618173648,0.0,5760000000,41886240,11731960670.705297,566687464.6805956,11847598592,3650195624,327613194.4138325,GB
United States,AK,ANCHORAGE,61.188,-149.889,19600000000,755974880,19600000000.0,3372921290.227404,19600000000,7280024952,0.0,5978486584,263251904,7291467950.07734,887914684.6524298,7440000000,1793916800,220741612.22570923,US-AK
United States,AK,EAGLERIVER,61.194,-149.321,950000000,2144432,950000000.0,224147868.77340412,950000000,628875120,0.0,319200000,34540280,542420309.2776175,175798612.89068452,798000000,368403696,97223452.31473558,US-AK
United States,AL,HUNTSVILLE,34.739333333333335,-86.60233333333333,1030000000,23921664,2873195197.9683714,340418237.76059103,2930000000,1802911272,323596084.4539994,559200216,80098296,2052308682.837816,238755852.82788873,3358800000,657712680,441450422.0543344,US-TEN-TVA
United States,AL,MONTEVALLO,33.139,-86.888,950000000,0,950000000.0,0.0,950000000,0,0.0,0,0,0.0,0.0,0,0,0.0,US-SE-SOCO
United States,AL,ONEONTA,33.896,-86.489,950000000,8114232,950000000.0,52928665.35380353,950000000,139012520,0.0,319200000,37560888,476342363.6698603,74275656.69998845,478800000,158992728,19343246.675852843,US-SE-SOCO
United States,AR,BENTON,34.567,-92.635,950000000,0,950000000.0,33764622.301743045,950000000,273142296,0.0,0,0,1090044495.0414407,83506534.98880295,1117200000,425113280,134809458.04883483,US-MIDW-MISO
United States,AR,FAYETTEVILLE,35.99,-94.083,9800000000,0,9800000000.0,87682836.02170148,9800000000,793349384,0.0,0,0,712731212.3716958,27632780.573935125,720000000,186997752,55316487.16935185,US-CENT-SWPP
United States,AZ,PHOENIX,33.4455,-112.0455,950000000,6847152,16492440263.188272,803645691.3826619,20550000000,10949424168,5127568130.318657,0,95859672,9440965728.519913,1513842400.0341682,14523606144,9215361896,6200408290.997467,US-SW-SRP
United States,AZ,SCOTTSDALE,33.6015,-111.8225,128550000000,1657853504,135108928777.55974,10652566742.25834,138550000000,25457416608,4751036378.5606,13643197504,1056406896,18928418258.67344,4313402862.248182,19120590464,9439426432,558173949.6076338,US-SW-SRP
United States,AZ,TEMPE,33.376,-111.9215,2850000000,74166760,2850000000.0,653924600.3629228,2850000000,2108092408,0.0,576000000,78534288,1983017119.6657047,410715771.7188041,2016000000,857528744,107545856.90263972,US-SW-SRP
United States,AZ,TUCSON,32.222,-110.926,950000000,0,950000000.0,104096311.06268036,950000000,856789592,0.0,0,0,714100548.3430682,34149381.94805495,720000000,211538632,39918067.46486,US-SW-TEPC
United States,CA,ANAHEIM,33.844,-117.952,950000000,2601712,950000000.0,57642592.08311208,950000000,245848264,0.0,1296208,17478816,317476502.86967564,70489439.80514833,319200000,203987112,16842989.576151263,US-CAL-CISO
United States,CA,BERKELEY,37.8755,-122.2695,190000000,0,190000000.0,8423796.741082765,190000000,82568384,0.0,0,0,317252707.11947364,36425544.5162184,319200000,243412560,23909558.71123182,US-CAL-CISO
United States,CA,BURBANK,34.205,-118.334,39200000000,231172248,39200000000.0,2165170531.5655084,39200000000,10043276680,0.0,6824452600,186903024,8397854193.110931,1168941059.0114279,8640000000,4017828248,255192432.90775838,US-CAL-LDWP
United States,CA,CANOGAPARK,34.224,-118.632,950000000,52581528,950000000.0,262776005.4530763,950000000,596653232,0.0,460525560,20261080,714024836.9479395,72755694.92138982,720000000,281449208,36585427.801976,US-CAL-CISO
United States,CA,CAPITOLA,36.977,-121.955,950000000,0,950000000.0,13756274.350225095,950000000,265401288,0.0,0,0,158620164.91838855,19009063.530878447,159600000,191666304,12129837.793929856,US-CAL-CISO
United States,CA,CARLSBAD,33.15,-117.301,0,0,0.0,0.0,0,0,0.0,0,0,0.0,0.0,0,0,0.0,US-CAL-CISO
United States,CA,CHULAVISTA,32.626,-117.021,19600000000,399395872,19600000000.0,5932609836.587787,19600000000,9850700728,0.0,0,345514976,6292280087.108853,2052527301.6627035,6600000000,3787041936,412321976.6061653,US-CAL-CISO
United States,CA,CLAREMONT,34.128,-117.715,950000000,1901456,950000000.0,23256657.585593905,950000000,595766120,0.0,319200000,27480976,474618021.6377698,49195212.72076648,478800000,253167208,25239849.740896393,US-CAL-CISO
United States,CA,CUPERTINO,37.309,-122.089,29400000000,39072240,29400000000.0,874398852.1389818,29400000000,5702666248,0.0,2711400000,41979696,3574082804.5231442,209313823.0903844,3599400000,1226893576,115570439.97081175,US-CAL-CISO
United States,CA,ELKGROVE,38.352,-121.439,0,0,0.0,0.0,0,0,0.0,0,0,0.0,0.0,0,0,0.0,US-CAL-BANC
United States,CA,HAWTHORNE,33.914,-118.349,950000000,0,950000000.0,2117932.177767517,950000000,100687784,0.0,0,0,74358871.61768441,3347844.3744661203,192000000,58609248,93517359.59314121,US-CAL-CISO
United States,CA,IRVINE,33.68633579591366,-117.76058182307901,164550000000,664038376,370918555927.5078,29067052293.529724,530950000000,71499051848,157312266506.97617,6906061408,730867384,34161159825.867252,9737845237.710724,50995980800,22163617360,16735580722.857307,US-CAL-CISO
United States,CA,LAWNDALE,33.889,-118.351,95000000,0,95000000.0,7325445.786448113,95000000,82392856,0.0,0,0,158578514.5838624,25064695.60013852,159600000,131699096,12587693.746627225,US-CAL-CISO
United States,CA,LONGBEACH,33.769,-118.186,100000000,0,100000000.0,1093126.5787833314,100000000,1549320,0.0,0,0,238705143.26584324,1315341.7975297242,240000000,5623928,17374125.693941955,US-CAL-CISO
United States,CA,LOSANGELES,34.0525036393111,-118.26245516357201,4769722000000,303629402208,5173943976220.709,557315163200.1062,5295722000000,887788000952,86035977729.8502,1243821437544,218105846672,1447951109497.882,341433990645.526,1503027249056,490919734224,45077348734.92805,US-CAL-CISO
United States,CA,MARINADELREY,33.979,-118.448,95000000,0,95000000.0,4869697.558813344,95000000,73534848,0.0,0,0,158729996.71614915,20957677.309015352,159600000,188193544,11550809.2885921,US-CAL-LDWP
United States,CA,MERCED,37.283,-120.453,95000000,0,95000000.0,11627081.292854669,95000000,81626272,0.0,0,0,158322536.5245296,26302302.938935705,159600000,105743440,14100301.33875327,US-CAL-CISO
United States,CA,MILPITAS,37.449,-121.859,0,0,0.0,0.0,0,0,0.0,0,0,0.0,0.0,0,0,0.0,US-CAL-CISO
United States,CA,MONTEREY,36.582,-121.844,950000000,0,950000000.0,10170071.644464966,950000000,77899280,0.0,0,0,158660448.47189194,23167064.92254415,159600000,77826520,12054846.66711939,US-CAL-CISO
United States,CA,NEWARK,37.519,-122.045,0,0,0.0,0.0,0,0,0.0,0,0,0.0,0.0,0,0,0.0,US-CAL-CISO
United States,CA,OAKHURST,37.593,-119.408,950000000,14565904,950000000.0,120906173.57405056,950000000,296798176,0.0,480000000,8388704,717705109.9692947,38741459.91827311,720000000,246040424,22823994.30665541,US-CAL-CISO
United States,CA,ONTARIO,34.035,-117.592,10750000000,58973296,10750000000.0,1100542148.3947823,10750000000,3341952232,0.0,240000000,64852192,3810014682.794413,615344236.7466235,3840000000,1246410256,115574050.65012336,US-CAL-CISO
United States,CA,PALOALTO,37.444,-122.15,533720000000,31703375416,623289193120.1663,73169879662.1466,632440000000,119332977736,18606394679.188828,146284059792,26003282176,173698297824.9013,42502439959.38682,184874498960,65388405696,6529140127.645918,US-CAL-CISO
United States,CA,PASADENA,34.148,-118.144,950000000,0,950000000.0,53268183.56504675,950000000,823971784,0.0,0,0,474178181.0846127,70209761.22728847,478800000,223574720,30525249.173242383,US-CAL-CISO
United States,CA,PINEGROVE,38.402,-120.651,95000000,0,95000000.0,51791045.458617106,95000000,196394184,0.0,0,0,158036585.57081842,48073094.32205933,159600000,135440816,15528334.46498248,US-CAL-CISO
United States,CA,PLEASANTON,37.692,-121.894,0,0,197821475239.5244,15474925355.114857,423360000000,33761955904,111644309378.36479,0,0,15259440375.116241,5788879840.27427,26019552096,12278096968,8435694212.19559,US-CAL-CISO
United States,CA,RANCHOCORDOVA,38.581,-121.205,95000000,0,95000000.0,18189665.340874985,95000000,124976784,0.0,0,0,158704040.0480203,27265556.008772943,159600000,152425544,11781830.578398071,US-CAL-BANC
United States,CA,REDWOODCITY,37.492,-122.207,0,0,0.0,0.0,0,0,0.0,0,0,0.0,0.0,0,0,0.0,US-CAL-CISO
United States,CA,RIDGECREST,35.74,-117.454,95000000,0,95000000.0,0.0,95000000,0,0.0,0,0,0.0,0.0,0,0,0.0,US-CAL-CISO
United States,CA,RIVERSIDE,33.984,-117.33,950000000,16976560,950000000.0,499994696.80341685,950000000,981896288,0.0,0,15305824,1379002472.1237447,307831670.317442,1440000000,731658112,114721174.95550571,US-CAL-CISO
United States,CA,ROCKLIN,38.802,-121.249,0,0,0.0,0.0,0,0,0.0,0,0,0.0,0.0,0,0,0.0,US-CAL-CISO
United States,CA,SACRAMENTO,38.585,-121.488,19695000000,98750664,19695000000.0,1474702567.7007966,19695000000,9682531992,0.0,159600000,223132912,7529052481.804456,914407193.4470738,8199600000,3536497640,478141244.49308485,US-CAL-BANC
United States,CA,SANDIEGO,32.865,-117.182,0,0,0.0,0.0,0,0,0.0,0,0,0.0,0.0,0,0,0.0,US-CAL-CISO
United States,CA,SANFRANCISCO,37.75071428571428,-122.39871428571429,35250000000,115326472,35250000000.0,1027909605.9231213,35250000000,2849590424,0.0,3319371440,70739256,3977729516.1602216,340685415.7063373,3999600000,972485192,93046565.81755765,US-CAL-CISO
United States,CA,SANJOSE,37.280098254151255,-121.8352636435841,3111957000000,135526792872,3715103865520.028,281127039000.5292,3920957000000,513138375744,155825478137.49768,737144423352,99238726984,926603010404.078,168227094921.3695,986735321544,263273429848,43643867423.28995,US-CAL-CISO
United States,CA,SANLUISOBISPO,35.238,-120.621,95000000,0,95000000.0,16273265.844164839,95000000,206426376,0.0,0,0,158309735.46808264,29125254.58709454,159600000,106413904,14217868.79007448,US-CAL-CISO
United States,CA,SANMARTIN,37.092,-121.601,95000000,0,95000000.0,9260745.239293547,95000000,97679464,0.0,0,0,158683733.8778714,21966894.35345723,159600000,179347368,11928997.750769565,US-CAL-CISO
United States,CA,SANMATEO,37.558,-122.325,950000000,0,950000000.0,9593683.900727231,950000000,244668296,0.0,0,0,238910340.75031745,4104946.1350571397,240000000,122220288,15787031.876099013,US-CAL-CISO
United States,CA,SANTABARBARA,34.418,-119.711,950000000,0,950000000.0,7200223.469006118,950000000,73425888,0.0,0,0,116473093.92496826,20381410.87567817,240000000,102864288,119630432.02262487,US-CAL-CISO
United States,CA,SANTACLARA,37.365818181818184,-121.96872727272728,401800000000,7893449112,573198129978.0676,20823121347.532265,676200000000,60425265160,86677521229.05083,84124052280,9100292984,113378836567.17534,18311304386.387165,120962779264,33756553360,8991985661.979399,US-CAL-CISO
United States,CA,SANTAROSA,38.394,-122.743,1900000000,121509040,1900000000.0,695391904.8071107,1900000000,1513926248,0.0,428003944,34937032,715846189.2942399,183405700.76971027,720000000,478553472,29275019.818912514,US-CAL-CISO
United States,CA,SUNNYVALE,37.407714285714285,-122.02085714285714,21500000000,598418448,52130797645.15757,6022336044.969179,60700000000,33057921312,11303331952.519411,6490145968,1255659568,18206045337.432297,4240460002.630959,25007605376,13533293128,7926856299.304187,US-CAL-CISO
United States,CA,TUSTIN,33.736,-117.818,0,0,7898418561.699181,1416226128.7239985,8000000000,7327607936,895781973.7677666,0,0,2723318628.749394,682220270.516911,4485599232,2373218952,776260580.2467594,US-CAL-CISO
United States,CA,WESTSACRAMENTO,38.592,-121.546,950000000,2518040,950000000.0,399086853.6414637,950000000,795890264,0.0,0,10009888,1431733785.9845319,273479296.5254531,1440000000,570200592,50614366.528778136,US-CAL-CISO
United States,CA,YUBACITY,39.084,-121.691,95000000,0,95000000.0,8742179.2256724,95000000,141023976,0.0,0,0,158614111.37665936,20976339.20904998,159600000,132839016,12385528.310160443,US-CAL-CISO
United States,CO,BOULDER,40.015,-105.27,9800000000,25472624,9800000000.0,417352536.24564236,9800000000,2389064080,0.0,0,31862272,1357424273.7416599,149723720.95024818,1536000000,495045928,266792809.13337862,US-NW-PSCO
United States,CO,COLORADOSPRINGS,38.834,-104.821,0,0,0.0,0.0,0,0,0.0,0,0,0.0,0.0,0,0,0.0,US-NW-PSCO
United States,CO,DENVER,39.74977777777778,-104.98611111111111,258695000000,11960322848,265696971603.37067,46733851905.46185,266535000000,75552311976,2422504584.210069,19527898040,5937183272,58927277681.46739,19571673095.82639,63700578160,33007559368,2773793954.974624,US-NW-PSCO
United States,CO,ENGLEWOOD,39.574,-104.859,950000000,7136152,950000000.0,69534521.57451229,950000000,320770176,0.0,319200000,38378416,476273517.9942283,92398221.81599908,478800000,253604544,19665933.390551224,US-NW-PSCO
United States,CO,FORTCOLLINS,40.507,-105.014,950000000,2646448,950000000.0,49936084.282119356,950000000,353433768,0.0,0,2368448,677600217.4119819,19295317.402285583,720000000,189207496,91984484.1857151,US-NW-WACM
United States,CO,GRANDJUNCTION,39.072,-108.543,9800000000,67427232,9800000000.0,693616247.2196698,9800000000,3007146696,0.0,2078223744,30766576,3209500752.019393,201165227.85178345,3360000000,772941752,297867825.98827064,US-NW-PSCO
United States,CO,LITTLETON,39.542,-105.012,265440000000,2520972576,265440000000.0,23341101912.353687,265440000000,54781379144,0.0,42717525008,2077412856,49637508908.26365,10023057655.145792,52068783360,22054404272,1501220555.8978398,US-NW-PSCO
United States,CO,LOVELAND,40.373,-105.133,0,0,0.0,0.0,0,0,0.0,0,0,0.0,0.0,0,0,0.0,US-NW-PSCO
United States,CO,YUMA,40.088,-102.68,95000000,0,95000000.0,0.0,95000000,0,0.0,0,0,0.0,0.0,0,0,0.0,US-NW-WACM
United States,CT,EASTHARTFORD,41.781,-72.621,9800000000,14398224,9800000000.0,325417790.3654623,9800000000,2062236752,0.0,1680000000,10312088,2144856115.8157682,105220028.46404248,2160000000,516273400,61346487.63766943,US-NE-ISNE
United States,CT,HARTFORD,41.774,-72.703,160000000,0,160000000.0,15803591.95382662,160000000,91942208,0.0,0,0,191136868.2008542,17786018.57739813,192000000,185260976,12568631.085002786,US-NE-ISNE
United States,CT,MIDDLETOWN,41.563,-72.651,950000000,0,950000000.0,0.0,950000000,0,0.0,0,0,0.0,0.0,0,0,0.0,US-NE-ISNE
United States,DE,NEWARK,39.684,-75.75,950000000,2023328,950000000.0,50078612.37077225,950000000,508560200,0.0,475053608,4536712,716889525.377352,25115479.031282466,720000000,455837968,26698581.57872534,US-MIDA-PJM
United States,FL,ALTAMONTESPRINGS,28.666,-81.369,0,0,913921274.3853168,0.0,3800000000,0,1130879979.626551,0,0,0.0,0.0,0,0,0.0,US-FLA-FPC
United States,FL,BOCARATON,26.381,-80.105,0,0,0.0,0.0,0,0,0.0,0,0,0.0,0.0,0,0,0.0,US-FLA-FMPP
United States,FL,FORTMYERS,26.6045,-81.855,95000000,0,356872330.6014083,195509207.6463119,1995000000,1920392160,655003690.8317326,0,0,376696506.5496941,136269592.38046867,1755600000,1263735848,548243201.399214,US-FLA-FPL
United States,FL,GAINESVILLE,29.648,-82.344,9800000000,35486208,9800000000.0,561426656.4118665,9800000000,2326997960,0.0,1893456392,20078376,2519744462.8992267,187483336.06094885,2880000000,769275576,193389747.12113634,US-FLA-GVL
United States,FL,HIALEAH,25.832,-80.279,0,0,269848505136.78864,18229790893.87972,313600000000,33537330976,41658516195.56827,0,0,26942541909.76521,5742531070.717303,30369181696,11488044144,4016595262.611187,US-FLA-HST
United States,FL,JACKSONVILLE,30.324,-81.682,1900000000,2286376,1900000000.0,6517356.394782408,1900000000,90546736,0.0,2400000000,5667576,2867282607.163338,8920133.427219208,2880000000,186466256,68426944.37396532,US-FLA-JEA
United States,FL,MIAMI,25.799202818607334,-80.22076564989317,1892832000000,51656335008,2239576326445.804,238356134355.45932,2402432000000,433527191440,115448045459.80656,415187886864,42404115840,579978269689.291,152739630197.4337,670816515440,247659733160,70263756033.63783,US-FLA-HST
United States,FL,MIAMIBEACH,25.862,-80.126,9800000000,65107176,9800000000.0,483012417.21251297,9800000000,1168635096,0.0,960000000,29645512,1194030612.619185,138565397.95359576,1200000000,349800576,36619583.232001446,US-FLA-HST
United States,FL,ORLANDO,28.5605,-81.4075,3800000000,146351896,3800000000.0,859226698.0408634,3800000000,1681026672,0.0,1678800000,185663848,3474984794.9320097,658243563.467621,3598800000,1161702864,135645596.6739294,US-FLA-FMPP
United States,FL,TALLAHASSEE,30.498,-84.1865,95000000,875592,356653007.0414406,26170060.43264458,1995000000,258795328,654773172.0431304,0,12588992,354469065.45261455,90655752.66212629,1596000000,460969000,491756785.2664504,US-FLA-SEC
United States,FL,TAMPA,27.99533333333333,-82.45166666666667,95000000,0,95000000.0,14444948.519450536,95000000,163064232,0.0,0,0,158459122.36500058,25497038.04686598,159600000,104768280,13242769.595681766,US-FLA-TEC
United States,GA,ALPHARETTA,34.133,-84.299,0,0,0.0,0.0,0,0,0.0,0,0,0.0,0.0,0,0,0.0,US-SE-SOCO
United States,GA,ATLANTA,33.75847799265611,-84.41300045532458,4008610000000,140082881080,4249705601985.4556,424339415236.37445,4578810000000,713636589304,173526792683.67328,865628141000,121220218512,1123949732791.409,267187686044.25073,1301808692920,435349639520,97063226746.87183,US-SE-SOCO
United States,GA,PEACHTREECITY,33.392,-84.569,950000000,1267824,950000000.0,2618111.9196583168,950000000,22647136,0.0,1440000000,3078224,1672579652.8962252,4362455.3554196,1680000000,28201432,40814243.84332535,US-SE-SOCO
United States,GA,TUCKER,33.855,-84.217,80600000000,0,168842271730.34744,21325307963.78714,268000000000,70627596712,32761709154.30409,0,0,19912633130.962482,6826012216.96687,37009982976,20263598112,8212511038.233423,US-SE-SOCO
United States,HI,HONOLULU,21.32933333333333,-157.8495,21200000000,475966216,21200000000.0,1820644970.5921736,21200000000,3081242640,0.0,3916799896,531764816,5927554195.43807,1212479800.0387857,5980800000,1817896664,135188745.6744881,US-HI-OA
United States,HI,MILILANI,21.46,-157.96,1900000000,0,1900000000.0,772207052.7678633,1900000000,2165424416,0.0,0,0,950161593.125707,490427399.09684867,957600000,953694456,44035030.217488654,US-HI-OA
United States,IA,CEDARFALLS,42.504,-92.494,950000000,14077400,950000000.0,159507907.236754,950000000,513109744,0.0,192000000,16876696,374739458.4730463,62013789.528800644,576000000,239051704,78978907.83812718,US-MIDW-MISO
United States,IA,CEDARRAPIDS,41.975,-91.658,9800000000,1643752,9800000000.0,95718596.24795106,9800000000,848905208,0.0,0,1749384,715669141.106776,28581613.762437955,720000000,229699016,36961520.98338924,US-MIDW-MISO
United States,IA,DECORAH,43.363,-91.816,950000000,0,950000000.0,4638759.531801917,950000000,80595592,0.0,0,0,158690742.6000231,16297043.935819,159600000,195731832,11848850.41624645,US-MIDW-MISO
United States,IA,DESMOINES,41.583,-93.64466666666667,10845000000,297912448,10845000000.0,1477826759.5798223,10845000000,3130016320,0.0,638400000,356496376,3061926476.8980722,1042787429.7375044,3511200256,1846040016,277383135.1530681,US-MIDW-MISO
United States,IA,FAIRFIELD,40.988,-91.892,95000000,0,95000000.0,31322396.799261227,95000000,95428776,0.0,0,0,158649962.90707606,54728596.791873485,159600000,151808704,12132861.013326162,US-MIDW-AECI
United States,IA,IOWACITY,41.675,-91.57,950000000,3958608,950000000.0,70860722.5496941,950000000,589036072,0.0,19369440,5129624,715310832.0784948,29871899.957058754,720000000,186433720,43859277.415151745,US-MIDW-MISO
United States,IA,JOHNSTON,41.689,-93.718,9800000000,2126872,9800000000.0,194277307.94043633,9800000000,1174535208,0.0,0,2140840,714992603.1924275,52244733.099388205,720000000,285069568,38390002.48400856,US-MIDW-MISO
United States,IA,MASONCITY,43.145,-93.138,15000000,0,15000000.0,1934890.7768671361,15000000,27042352,0.0,0,0,157543462.17984533,13535429.014429182,159600000,270638240,17905005.094399363,US-MIDW-MISO
United States,IA,MONTICELLO,42.224,-91.236,95000000,0,95000000.0,3335384.157912963,95000000,90605792,0.0,0,0,158695018.0556389,15767979.547039133,159600000,225549160,11820071.729600484,US-MIDW-MISO
United States,IA,MUSCATINE,41.434,-91.085,950000000,0,950000000.0,54206417.81276694,950000000,232143480,0.0,0,0,158804360.23271385,47702546.17753665,159600000,159552240,10956970.162633644,US-MIDW-MISO
United States,ID,IDAHOFALLS,43.425,-112.013,950000000,3533800,950000000.0,80997337.4175228,950000000,183696096,0.0,120000000,23886496,238639576.87914118,86731374.46519682,240000000,181123912,12525889.509936862,US-NW-PACE
United States,ID,MOSCOW,46.722,-116.947,950000000,0,950000000.0,36973046.31651853,950000000,124920800,0.0,0,0,158457910.83458385,41791232.25764747,159600000,103741992,13219019.288890017,US-NW-AVA
United States,ID,RUPERT,42.642,-113.637,50000000,0,50000000.0,0.0,50000000,0,0.0,0,0,0.0,0.0,0,0,0.0,US-NW-IPCO
United States,IL,ALGONQUIN,42.166,-88.288,950000000,1862224,950000000.0,16576263.7746739,950000000,104958424,0.0,0,2285624,717306495.5428835,11341488.679672169,720000000,120638168,28576468.697083667,US-MIDA-PJM
United States,IL,CHAMPAIGN,40.115,-88.244,950000000,0,950000000.0,54783258.91261688,950000000,293758328,0.0,0,0,208016499.57936049,47146329.34826273,319200000,174808768,151608561.73168793,US-MIDW-MISO
United States,IL,CHICAGO,41.85593930604039,-87.62607512021883,4594200000000,167906430464,5285453541267.459,552324494690.7815,5603764000000,1042321536296,151363033284.90903,1009031533832,137708526744,1363174206442.8728,331847377927.94366,1447658604568,565076287048,64719079790.38054,US-MIDA-PJM
United States,IL,CICERO,41.844,-87.758,373600000000,11868730400,379563938589.4032,56198382422.178,393200000000,72507403376,9018537659.79057,34580749712,4232714968,43539110541.49186,16682442599.668474,50293579936,24419057440,3857354112.7748146,US-MIDA-PJM
United States,IL,ELGIN,42.034,-88.369,950000000,2250992,950000000.0,386673285.3819693,950000000,933725528,0.0,542109792,6827416,1432217349.209281,314453199.56966406,1440000000,737737576,42506666.958741345,US-MIDA-PJM
United States,IL,EVANSTON,42.041,-87.69,950000000,0,950000000.0,58978940.767863326,950000000,415187296,0.0,0,0,444422875.7862173,20339856.75724345,480000000,178359368,123435501.1681048,US-MIDA-PJM
United States,IL,HARVEY,41.607,-87.668,950000000,0,950000000.0,1653077.0772249799,950000000,12741128,0.0,0,0,191121704.71845782,4825144.557774443,192000000,48985376,12754662.065643206,US-MIDA-PJM
United States,IL,LISLE,41.789,-88.082,0,0,0.0,0.0,0,0,0.0,0,0,0.0,0.0,0,0,0.0,US-MIDA-PJM
United States,IL,MACOMB,40.458,-90.671,160000000,1248280,160000000.0,17826427.972757705,160000000,85740872,0.0,159600000,11027400,547615339.122244,54961130.8350456,638400000,295234192,82107996.07160665,US-MIDW-MISO
United States,IL,MELROSEPARK,41.918,-87.898,0,0,0.0,0.0,0,0,0.0,0,0,0.0,0.0,0,0,0.0,US-MIDA-PJM
United States,IL,METAMORA,40.794,-89.407,80000000,0,80000000.0,3208347.514717765,80000000,80661704,0.0,0,0,158787842.5210666,16316165.851090847,159600000,158265312,11217808.053944197,US-MIDW-MISO
United States,IL,NAPERVILLE,41.801,-88.165,9800000000,113199400,9800000000.0,1231803701.7079535,9800000000,4992860424,0.0,2880000000,137785264,3420877972.272885,496141761.34087497,3456000000,1110403608,101051897.5037266,US-MIDA-PJM
United States,IL,OAKBROOK,41.784,-87.939,175800000000,3227932520,409821655315.7105,32083521155.271847,725000000000,118574097152,219170565988.64206,49123659336,2517773616,78130426166.12444,15067828159.08115,109275141888,45846429640,15551018131.542473,US-MIDA-PJM
United States,IL,PALATINE,42.11,-88.056,72000000,0,72000000.0,2326427.1656470047,72000000,29186896,0.0,0,0,239028949.0569087,3648942.457809073,240000000,24842944,14982571.924232073,US-MIDA-PJM
United States,IL,PEORIA,40.68,-89.604,80000000,0,80000000.0,6308760.373080919,80000000,67223072,0.0,0,0,158692254.34699297,19029758.048712917,159600000,129770920,11470415.420547282,US-MIDW-MISO
United States,IL,SPRINGFIELD,39.773,-89.686,95000000,0,95000000.0,5066727.590903844,95000000,39019176,0.0,0,0,158488711.57151103,19415882.157220364,159600000,215411696,13098620.860040337,US-MIDW-MISO
United States,IL,URBANA,40.159,-88.187,19600000000,2965296,19600000000.0,133104825.34549232,19600000000,1266626360,0.0,960000000,79102664,1529596399.1504097,174414833.34456885,1560000000,499416432,69129152.07710284,US-MIDW-MISO
United States,IN,ANGOLA,41.659,-85.005,0,0,73681749.97114164,0.0,95000000,0,39635177.66227731,0,0,0.0,0.0,0,0,0.0,US-MIDW-MISO
United States,IN,BLOOMINGTON,39.244,-86.454,950000000,1293992,950000000.0,141321102.55939052,950000000,937346640,0.0,0,1018456,575486346.5423063,42044866.8719843,720000000,288712808,216437051.4645331,US-MIDW-MISO
United States,IN,CARMEL,39.97,-86.16,950000000,0,950000000.0,20581779.374350686,950000000,212409912,0.0,0,0,158356671.1845781,30491599.633383356,159600000,215465456,13932879.606339864,US-MIDW-MISO
United States,IN,EVANSVILLE,37.975,-87.478,950000000,4746848,950000000.0,48399067.587671705,950000000,273866264,0.0,159600000,29097048,317186458.0510216,67380040.83112086,319200000,170208392,17581225.79065855,US-MIDW-MISO
United States,IN,GOSHEN,41.58,-85.83,950000000,1061488,950000000.0,2804685.0633729654,950000000,142044424,0.0,0,492880,239865713.3519566,1374728.0064642734,240000000,154042264,5346783.975817495,US-MIDA-PJM
United States,IN,INDIANAPOLIS,39.797,-86.1875,23550000000,60299568,24250357843.703106,869164826.3871638,24350000000,4262943312,264184068.78279117,3468810800,203587728,4200769630.3645387,626163261.5444996,4275600000,2126227184,129088462.15999095,US-MIDW-MISO
United States,IN,LAFAYETTE,40.417,-86.875,0,0,94725845.55004041,40991845.69964216,95000000,216415504,5096323.202098979,0,0,158181951.36557776,39203940.04848205,159600000,149911336,14784409.553325621,US-MIDW-MISO
United States,IN,LIGONIER,41.48,-85.606,950000000,0,950000000.0,0.0,950000000,0,0.0,0,0,0.0,0.0,0,0,0.0,US-MIDA-PJM
United States,IN,MUNCIE,40.193,-85.387,950000000,0,950000000.0,57630609.642848894,950000000,421614728,0.0,0,0,238466780.7170726,16878740.582246333,240000000,147942568,18743704.23801918,US-MIDA-PJM
United States,IN,NOTREDAME,41.72,-86.25,950000000,0,950000000.0,51532576.47004502,950000000,679107184,0.0,0,0,477574230.8419716,18587213.80214706,480000000,181070904,26219009.070177227,US-MIDA-PJM
United States,IN,PLYMOUTH,41.357,-86.328,0,0,914579245.0652199,99768543.65831698,950000000,546493480,179996742.23823488,0,0,204662517.75320327,91629673.39997691,319200000,264792472,152721941.56792632,US-MIDW-MISO
United States,IN,WINONALAKE,41.197,-85.848,95000000,0,95000000.0,0.0,95000000,0,0.0,0,0,0.0,0.0,0,0,0.0,US-MIDW-MISO
United States,KS,GARDNER,38.818,-94.936,0,0,729141175.1125476,50660745.47200739,950000000,388536544,401317647.6878937,0,0,321505284.3818539,57484778.15722036,478800000,288606984,223301371.31207293,US-CENT-SWPP
United States,KS,HAYS,38.834,-99.33,950000000,40921032,950000000.0,251571133.55465773,950000000,610542680,0.0,480000000,14336584,715285100.1814613,70179640.06926008,720000000,242530128,32751149.99254716,US-CENT-SWPP
United States,KS,LAWRENCE,38.989,-95.303,3800000000,3079120,3800000000.0,74168421.20835738,3800000000,613028096,0.0,478800008,39839168,861165762.4268728,106010032.5476163,957600000,386325320,145614160.7925031,US-CENT-SWPP
United States,KS,MANHATTAN,39.261,-96.686,100000000,0,100000000.0,3421885.8381622992,100000000,31923224,0.0,0,0,158836161.5745123,16602158.186309593,159600000,122629120,10868668.282604907,US-CENT-SWPP
United States,KS,SALINA,38.842,-97.619,0,0,0.0,0.0,0,0,0.0,0,0,0.0,0.0,0,0,0.0,US-CENT-SWPP
United States,KS,SHAWNEEMISSION,38.956,-94.743,0,0,0.0,0.0,0,0,0.0,0,0,0.0,0.0,0,0,0.0,US-CENT-SWPP
United States,KS,TOPEKA,39.041,-95.727,9800000000,6294488,9800000000.0,109467836.59886876,9800000000,952724664,0.0,574047384,4780000,1092425097.7545884,39859848.14867829,1200000000,243431224,123920863.74914445,US-CENT-SWPP
United States,KS,WICHITA,37.6895,-97.3355,1045000000,1499376,1045000000.0,7643978.775943669,1045000000,50759640,0.0,159600000,17414032,558969716.6875217,46017199.653699644,638400000,260085968,83364345.06387985,US-CENT-SWPP
United States,KY,BOWLINGGREEN,36.991,-86.444,9800000000,67513096,9800000000.0,455531684.9414752,9800000000,1098053000,0.0,768000000,46556456,1101192277.6784024,187474762.7353111,1152000000,350890448,92507972.09702858,US-TEN-TVA
United States,KY,LEXINGTON,38.047,-84.496,950000000,3081760,950000000.0,36481604.39478241,950000000,208640312,0.0,319200000,27052520,476245762.8433568,64958322.21724576,478800000,219679336,19739459.942943044,US-MIDW-LGEE
United States,KY,LOUISVILLE,38.2165,-85.74,95000000,0,95000000.0,6381608.696294586,95000000,77734328,0.0,0,0,158751457.54680827,21750417.442456424,159600000,84460872,11441481.147117477,US-MIDW-LGEE
United States,LA,BATONROUGE,30.532,-91.119,9800000000,6648176,9800000000.0,166652222.9389357,9800000000,871259792,0.0,384000000,15552696,572429653.104929,69498982.05148332,576000000,347721904,25637094.458710592,US-MIDW-MISO
United States,LA,GONZALES,30.234,-90.918,9800000000,37735232,9800000000.0,432751197.91111624,9800000000,1084408784,0.0,0,11063256,1193119091.4140599,112428689.54219092,1200000000,335217176,52475666.68860755,US-MIDW-MISO
United States,LA,METAIRIE,30.013,-90.191,0,0,94703913.19404364,24870900.94147524,95000000,139629016,5295641.260861678,0,0,157478391.5835161,29957491.89333949,159600000,162041400,18195127.28844424,US-MIDW-MISO
United States,LA,NEWORLEANS,30.011,-90.063,95000000,0,95000000.0,1594336.489437839,95000000,19907008,0.0,0,0,158465047.63061294,13534424.212397553,159600000,121050056,13267836.275913347,US-MIDW-MISO
United States,MA,AMHERST,42.375,-72.521,600000000,2127320,600000000.0,54233165.61837701,600000000,766691752,0.0,384000000,7408968,573141199.5844395,39239331.25152949,576000000,238134320,22958928.478273463,US-NE-ISNE
United States,MA,ANDOVER,42.646,-71.165,0,0,0.0,0.0,0,0,0.0,0,0,0.0,0.0,0,0,0.0,US-NE-ISNE
United States,MA,BILLERICA,42.549,-71.25,0,0,0.0,0.0,0,0,0.0,0,0,0.0,0.0,0,0,0.0,US-NE-ISNE
United States,MA,BOSTON,42.355781026588176,-71.06218453576513,284600000000,7635854984,310878587094.54,36347326675.63939,324750000000,78725877208,15089612516.563625,57868978520,4083302392,77227639919.57243,14830234724.319057,82505558304,32319359256,6228159567.914508,US-NE-ISNE
United States,MA,BRIGHTON,42.349,-71.156,9800000000,1536680,9800000000.0,20591751.74789334,9800000000,250257608,0.0,319200000,22670928,475597849.2374466,46744710.34145215,478800000,251457328,22038769.09457238,US-NE-ISNE
United States,MA,BURLINGTON,42.502,-71.203,0,0,0.0,0.0,0,0,0.0,0,0,0.0,0.0,0,0,0.0,US-NE-ISNE
United States,MA,CAMBRIDGE,42.3648,-71.0918,2500000000,30122864,2593027819.46208,209306237.68024933,2600000000,1061572680,25469229.118665747,830400000,95549800,1632989125.4318366,254342536.0627958,1902000000,649212552,155228078.4479941,US-NE-ISNE
United States,MA,CHELMSFORD,42.592,-71.355,950000000,1496744,950000000.0,14273254.046865981,950000000,185123512,0.0,319200000,20235424,475636863.12824655,38638607.937204204,478800000,186153664,22009501.60558102,US-NE-ISNE
United States,MA,DEDHAM,42.247,-71.166,9800000000,3845536,9800000000.0,778463052.1426758,9800000000,4754532736,0.0,0,19101776,3246275684.1759205,386777763.7104929,3360000000,2010590800,152244188.82057518,US-NE-ISNE
United States,MA,FALLRIVER,41.681,-71.153,95000000,0,95000000.0,0.0,95000000,0,0.0,0,0,0.0,0.0,0,0,0.0,US-NE-ISNE
United States,MA,FITCHBURG,42.592,-71.818,950000000,0,950000000.0,4521541.755050214,950000000,242695200,0.0,0,0,475077945.8607873,32174016.494978644,478800000,249513896,30388207.734652497,US-NE-ISNE
United States,MA,LITTLETON,42.535,-71.489,95000000,0,95000000.0,1356868.9968832969,95000000,12754512,0.0,0,0,190532774.45873255,2581115.1388664437,192000000,86670576,16598385.839219263,US-NE-ISNE
United States,MA,MARLBOROUGH,42.35,-71.548,64000000,5763808,671366962.9458617,37642965.2933164,1044000000,203305896,475763727.6008626,552664600,3995400,718013031.9030359,33179578.46565855,792000000,115811168,93375798.74771558,US-NE-ISNE
United States,MA,NORTHAMPTON,42.323,-72.671,950000000,1926544,950000000.0,11489010.197852938,950000000,200369608,0.0,319200000,23282080,476407499.2690754,42101608.1625303,478800000,165550696,19146297.525245953,US-NE-ISNE
United States,MA,NORTON,41.963,-71.183,950000000,3356024,950000000.0,431932708.0096964,950000000,911867160,0.0,0,11130976,1419163181.705183,343111703.9159644,1440000000,628770216,79293215.81757993,US-NE-ISNE
United States,MA,SOMERVILLE,42.381,-71.097,0,0,125638739466.69745,17693915821.464157,127600000000,49620531440,15690582229.593813,0,0,32416304905.73612,7354851765.979453,35452800000,19377647928,6523044263.278736,US-NE-ISNE
United States,MA,SPRINGFIELD,42.102,-72.59,950000000,0,950000000.0,49165097.30763015,950000000,244890072,0.0,0,0,317121587.71788067,70566869.64977491,319200000,218217304,19013237.74062068,US-NE-ISNE
United States,MA,WALTHAM,42.388,-71.241,982000000,3355480,982000000.0,27203303.159644466,982000000,314731384,0.0,262645624,1118448,499831712.8680596,10210865.43599215,500000000,129738192,5307770.0665937085,US-NE-ISNE
United States,MA,WATERTOWN,42.37,-71.178,0,0,0.0,0.0,0,0,0.0,0,0,0.0,0.0,0,0,0.0,US-NE-ISNE
United States,MD,BALTIMORE,39.312,-76.6125,180000000,24907480,9841987764.054024,241621892.9285467,9980000000,1085584032,1154827467.6802876,1078800000,64675048,2015210159.3517258,168222432.3509177,2038800000,440770688,123901242.97553132,US-MIDA-PJM
United States,MD,BELTSVILLE,39.044,-76.899,950000000,42797504,950000000.0,450075834.8978414,950000000,1051339240,0.0,744687024,32087912,1432094164.9811842,341359474.06856745,1440000000,662892424,42931531.95387298,US-MIDA-PJM
United States,MD,FREDERICK,39.347,-77.371,95000000,0,95000000.0,2836320.618723306,95000000,89751752,0.0,0,0,158309590.15583515,18928113.37411982,159600000,102008128,14134420.017049285,US-MIDA-PJM
United States,MD,GLENBURNIE,39.165,-76.642,950000000,1953352,950000000.0,71975854.8050329,950000000,353796736,0.0,1383656,14335288,392364065.9152718,84141294.68682905,478800000,318614448,83290139.28068762,US-MIDA-PJM
United States,MD,HAGERSTOWN,39.636,-77.725,1045000000,57120312,1045000000.0,336995602.1175113,1045000000,799867296,0.0,319200000,83840592,542265894.3266767,245210419.00773403,638400000,417109912,81909150.53989834,US-MIDA-PJM
United States,MD,LANHAM,38.97,-76.847,19600000000,31217344,19600000000.0,800388832.7526261,19600000000,3777849224,0.0,0,39817656,2919692341.8538613,288312244.33660394,3072000000,1034610312,212165212.09950447,US-MIDA-PJM
United States,MD,SILVERSPRING,39.002,-77.036,950000000,2187008,950000000.0,74422065.9734503,950000000,562837528,0.0,384000000,5158472,573135397.5999076,43943290.33544961,576000000,186312408,22862238.783874586,US-MIDA-PJM
United States,ME,BANGOR,44.852,-68.831,950000000,0,950000000.0,81944106.9347801,950000000,250537704,0.0,0,0,717046012.8823733,33569327.16056793,720000000,242633248,34365204.38614158,US-NE-ISNE
United States,ME,BIDDEFORD,43.491,-70.528,950000000,20632768,950000000.0,146069109.7698257,950000000,345968096,0.0,384000000,23348120,573102150.6665127,69797530.89045365,576000000,167552832,23055800.36809305,US-NE-ISNE
United States,ME,BUCKFIELD,44.283,-70.369,950000000,5472848,950000000.0,111898559.14856285,950000000,346076960,0.0,1663944,3355848,477984635.7188041,36165683.12778483,480000000,220412392,21960360.412961155,US-NE-ISNE
United States,ME,ORONO,45.087,-68.65,950000000,0,950000000.0,72551066.40101582,950000000,775737760,0.0,0,0,564746810.908923,34771195.70218169,576000000,195592768,46846439.08133807,US-NE-ISNE
United States,ME,PORTLAND,43.662,-70.259,950000000,1622248,950000000.0,35272960.65935588,950000000,320622032,0.0,949104,15655872,317995004.2396398,62255898.37331179,319200000,210463008,14067647.042160848,US-NE-ISNE
United States,MI,ADRIAN,41.908,-84.064,950000000,0,950000000.0,32547499.0631421,950000000,135916448,0.0,0,0,476106309.0679903,58223483.004040174,478800000,241127248,21284911.261746295,US-MIDA-PJM
United States,MI,ANNARBOR,42.264,-83.72,19600000000,34162528,19600000000.0,857011305.7795221,19600000000,3373763984,0.0,0,332286528,3744294192.7443147,847592346.8572088,3793999872,2213522808,166750207.11503056,US-MIDW-MISO
United States,MI,BARAGA,46.811,-88.51,95000000,0,95000000.0,1221114.7399284313,95000000,10394432,0.0,0,0,158779595.84808958,11039786.110123513,159600000,78513080,11221871.816897888,US-MIDW-MISO
United States,MI,BYRONCENTER,42.798,-85.738,9800000000,83741336,9800000000.0,450991511.5807457,9800000000,1359994912,0.0,960000000,77463392,1422122372.990419,226941082.4037862,1536000000,735918320,126022040.2137381,US-MIDW-MISO
United States,MI,EASTLANSING,42.755,-84.461,0,0,544361075.8397784,24490206.45873254,950000000,263526544,469935669.45717835,0,0,133801276.4834353,8634746.169225441,240000000,140866936,119169246.48449896,US-MIDW-MISO
United States,MI,GALESBURG,42.313,-85.432,950000000,18101776,950000000.0,150385527.4948632,950000000,470718816,0.0,480000000,12496240,717698288.6371926,47695888.243795455,720000000,180936984,22767380.763428055,US-MIDA-PJM
United States,MI,GRANDRAPIDS,42.883,-85.549,950000000,1931944,950000000.0,22122225.904190235,950000000,154320368,0.0,319200000,24343120,476114649.8053792,52489545.90973104,478800000,237603464,20270484.23513055,US-MIDW-MISO
United States,MI,GRANDVILLE,42.875,-85.777,950000000,1698488,950000000.0,8605975.54196006,950000000,83508576,0.0,319200000,24075760,476885306.0741083,40147080.193004735,478800000,447762304,17096055.76502633,US-MIDW-MISO
United States,MI,LIVONIA,42.368,-83.372,950000000,31963280,950000000.0,476869884.2719612,950000000,927547728,0.0,0,25835032,1431198807.8928778,370997948.23686945,1440000000,751512368,52260925.92409542,US-MIDW-MISO
United States,MI,MADISONHEIGHTS,42.508,-83.103,19600000000,635370616,19600000000.0,2725902070.92416,19600000000,5656622304,0.0,11410944688,529720808,13831290239.239063,1206945617.4747777,14160000000,2544681136,393310048.0266979,US-MIDW-MISO
United States,MI,MIDLAND,43.58,-84.351,95000000,0,95000000.0,0.0,95000000,0,0.0,0,0,0.0,0.0,0,0,0.0,US-MIDW-MISO
United States,MI,MOUNTPLEASANT,43.6075,-84.7815,1900000000,2583912,1900000000.0,42952708.78633268,1900000000,353981296,0.0,240000000,30877632,481534263.78667897,67683618.99018815,600000000,189648816,121289848.2675266,US-MIDW-MISO
United States,MI,SAGINAW,43.496,-83.965,0,0,0.0,0.0,0,0,0.0,0,0,0.0,0.0,0,0,0.0,US-MIDW-MISO
United States,MI,SOUTHFIELD,42.475,-83.29,950000000,0,950000000.0,0.0,950000000,0,0.0,0,0,0.0,0.0,0,0,0.0,US-MIDW-MISO
United States,MN,BEMIDJI,47.527,-94.761,950000000,26023760,950000000.0,169577088.6648967,950000000,427686456,0.0,240000000,56014752,357970309.28315824,156841624.7590904,360000000,292081744,15249211.166558933,US-MIDW-MISO
United States,MN,BIGLAKE,45.397,-93.726,950000000,1533344,950000000.0,4262964.568394321,950000000,70732648,0.0,319200000,19748552,475634918.29250836,34306171.921966985,478800000,264988952,21920312.204279162,US-MIDW-MISO
United States,MN,LAKEVILLE,44.635,-93.283,950000000,0,950000000.0,0.0,950000000,0,0.0,0,0,0.0,0.0,0,0,0.0,US-MIDW-MISO
United States,MN,MANKATO,44.116,-93.998,950000000,15419016,950000000.0,209774385.0065797,950000000,522633696,0.0,0,8626664,715789231.7275771,59926287.349878795,720000000,231147656,40586081.119473726,US-MIDW-MISO
United States,MN,MINNEAPOLIS,44.98524104280805,-93.27092986529803,36050000000,894869432,109376353457.2319,20060452595.607063,134050000000,41771600112,24552333744.480537,10250400000,635758576,27472820013.68856,8597738667.875793,31077433168,13727637232,3251278472.4790606,US-MIDW-MISO
United States,MN,MINNETONKA,44.916,-93.484,13600000000,44219256,13600000000.0,628467798.5196815,13600000000,2206080840,0.0,0,39061928,5246497790.925084,440810210.53214824,5515200000,1348002816,209169146.78463817,US-MIDW-MISO
United States,MN,MOORHEAD,46.924,-96.713,950000000,0,950000000.0,34515584.018469356,950000000,166652688,0.0,0,0,404229391.3960522,54689411.67447767,478800000,192769136,139230071.59860182,US-CENT-SWPP
United States,MN,PERHAM,46.628,-95.602,950000000,3802896,950000000.0,238559083.45099849,950000000,617290520,0.0,0,3312920,716359539.1194736,64444931.71141637,720000000,228344480,29629839.546532027,US-MIDW-MISO
United States,MN,SAINTCLOUD,45.625,-94.227,950000000,1684648,950000000.0,3077817.2143599214,950000000,51239768,0.0,638400000,35326832,794215952.3933972,48918949.91573358,798000000,147274664,23937614.17345839,US-MIDW-MISO
United States,MN,THIEFRIVERFALLS,48.082,-96.119,32000000,1630096,32000000.0,3163874.516449267,32000000,18092392,0.0,236345280,212344,386842678.12997806,2443259.0825349186,386896000,24339784,2490856.0315824086,US-MIDW-MISO
United States,MN,WACONIA,44.859,-93.78,0,0,722561468.3135172,0.0,950000000,0,405410029.1508625,0,0,0.0,0.0,0,0,0.0,US-MIDW-MISO
United States,MN,WINONA,43.982,-91.635,9800000000,0,9800000000.0,127765376.52822348,9800000000,406942872,0.0,0,0,382143688.17361194,68899657.42398708,576000000,231179680,24927726.094724648,US-MIDW-MISO
United States,MO,COLUMBIA,38.899,-92.239,10750000000,38323200,10750000000.0,652854153.8090731,10750000000,2961313280,0.0,1756270952,63847352,2148803923.386356,271830334.20385545,2158800000,851350192,51809628.25630501,US-MIDW-AECI
United States,MO,JOPLIN,37.107,-94.522,95000000,0,95000000.0,14383818.602331756,95000000,95528960,0.0,0,0,158674305.1100081,24243531.28385086,159600000,165688824,11932940.234111756,US-MIDW-AECI
United States,MO,KANSASCITY,39.072,-94.58319999999999,29100000000,136848112,32821920812.651505,819627469.5805148,32900000000,5274565584,539108617.8005527,3037200000,144648128,8762269237.850168,714670427.8933395,9751199872,2701130272,1213087387.58285,US-CENT-SWPP
United States,MO,MOBERLY,39.438,-92.397,0,0,0.0,0.0,0,0,0.0,0,0,0.0,0.0,0,0,0.0,US-MIDW-AECI
United States,MO,POPLARBLUFF,36.78,-90.437,95000000,0,95000000.0,3156659.4362230175,95000000,71061456,0.0,0,0,158518159.94089806,17556315.05113702,159600000,164698960,12951594.368483724,US-MIDW-AECI
United States,MO,SAINTLOUIS,38.6865,-90.2695,950000000,219312144,464835992150.5252,6231830058.570934,486950000000,26275802304,62509510675.72759,319200000,402273936,34654850169.23467,2557030218.318827,35922382592,8534436528,3977987660.8978024,US-MIDW-MISO
United States,MO,SULLIVAN,38.264,-91.135,950000000,10773184,950000000.0,389026316.4067875,950000000,941293336,0.0,478800000,50556712,635461383.9806072,297285425.2429874,638400000,514709408,20749987.315941155,US-MIDW-AECI
United States,MO,WARRENSBURG,38.825,-93.68,0,0,940898072.2613413,131273639.3212513,950000000,631475688,92547149.86316864,0,0,322191940.43079764,104093804.68752164,478800000,409272136,223572390.9411429,US-MIDW-AECI
United States,MS,JACKSON,32.29,-90.184,4750000000,133390544,4826708415.098696,693751566.2241718,4845000000,1533628816,37460385.38152546,1680000000,119227696,2269972554.846127,387649831.53364885,2318400000,655041384,91057201.94281034,US-MIDW-MISO
United States,MT,BILLINGS,45.703,-108.466,10750000000,425835968,10750000000.0,2293987133.061526,10750000000,5362972664,0.0,4831448856,168742136,6492749234.38347,669647485.4373773,6720000000,1413460672,172035409.16586694,US-NW-WAUW
United States,MT,GREATFALLS,47.562,-111.325,950000000,18900592,950000000.0,371124976.94563085,950000000,807113680,0.0,768000000,26985752,954470100.0558698,157003140.53330255,960000000,433605336,31651550.067949325,US-NW-WAUW
United States,MT,MISSOULA,46.9235,-113.997,10750000000,124763824,10750000000.0,925788232.0895764,10750000000,2815845200,0.0,720000000,48686672,3871265837.0781484,269526359.8254646,4080000000,763724600,207356157.95892587,US-NW-NWMT
United States,NC,CHARLOTTE,35.2425,-80.8335,10750000000,376106432,10750000000.0,2344237288.189311,10750000000,5800333768,0.0,5755942760,310285192,7163656911.24645,1109742443.3641925,7200000000,2051989504,170627404.03773904,US-CAR-DUK
United States,NC,DURHAM,35.995,-78.896,39200000000,105318336,39200000000.0,1424057344.5208356,39200000000,5678525928,0.0,2400000000,308274064,10426470638.003464,907088049.7887567,10560000000,2764656568,322747738.37939024,US-CAR-DUK
United States,NC,HERTFORD,36.177,-76.427,0,0,0.0,0.0,0,0,0.0,0,0,0.0,0.0,0,0,0.0,US-CAR-CPLE
United States,NC,MAIDEN,35.58,-81.147,0,0,0.0,0.0,0,0,0.0,0,0,0.0,0.0,0,0,0.0,US-CAR-DUK
United States,NC,MOUNTAIRY,36.484,-80.633,0,0,938266189.5417292,59151.46346531225,950000000,29320192,104931923.79633412,0,0,2737090.4665820156,255607.77375043288,159600000,23317728,20702496.398612894,US-CAR-DUK
United States,NC,SHALLOTTE,33.971,-78.387,950000000,0,950000000.0,191094909.6276117,950000000,455835048,0.0,0,0,471444433.8515526,170627803.94320673,478800000,382264880,35047739.16708838,US-CAR-CPLE
United States,ND,FARGO,46.866,-96.8065,1900000000,3853224,1900000000.0,73756419.82038555,1900000000,543545968,0.0,29712296,23319872,528953865.05367655,81209527.2473739,638400000,258692008,144791874.37609404,US-MIDW-MISO
United States,ND,PARKRIVER,48.456,-97.731,950000000,0,950000000.0,58802000.218861826,950000000,827468136,0.0,0,0,112942885.88987648,52232677.54634653,159600000,163952392,72536636.85163538,US-MIDW-MISO
United States,ND,VALLEYCITY,46.967,-97.994,0,0,849111162.4148679,2985469.3921274384,950000000,127055304,292704164.6469776,0,0,141297101.91573358,13678295.36003694,159600000,89453952,50822320.72803683,US-CENT-SWPP
United States,NE,LINCOLN,40.8,-96.667,950000000,2940152,950000000.0,71249250.48966871,950000000,709885928,0.0,960000000,10241440,1146212466.9920352,45964347.845319174,1152000000,368802584,32320030.715440482,US-CENT-SWPP
United States,NH,BERLIN,44.495,-71.306,950000000,2045240,950000000.0,9203961.493247144,950000000,87580752,0.0,798000000,43322904,952560515.7788295,64811070.758859515,957600000,236504856,27510653.58127733,US-NE-ISNE
United States,NH,DURHAM,43.125,-70.976,950000000,1781432,950000000.0,54481439.757128015,950000000,451593272,0.0,480000000,2078936,716958142.2297126,20853004.429874178,720000000,224883552,26347393.92756321,US-NE-ISNE
United States,NH,HANOVER,43.726,-72.237,950000000,1346456,950000000.0,28424074.391781136,950000000,221280864,0.0,32,12259808,159392257.02781945,32873536.223479163,159600000,146920624,5574150.763733262,US-NE-ISNE
United States,NH,PORTSMOUTH,43.07,-70.801,100000000,0,100000000.0,27835751.3212513,100000000,99299704,0.0,0,0,158691054.17338106,49651974.56123745,159600000,159568424,11867811.301473843,US-NE-ISNE
United States,NH,ROCHESTER,43.325,-70.944,9800000000,3115376,9800000000.0,37424909.070760705,9800000000,344604768,0.0,790227280,54141512,952495980.90546,85904715.36788641,957600000,247733880,27705392.09660728,US-NE-ISNE
United States,NJ,CARLSTADT,40.826,-74.062,0,0,0.0,0.0,0,0,0.0,0,0,0.0,0.0,0,0,0.0,US-MIDA-PJM
United States,NJ,CLINTON,40.644,-74.92,950000000,5144736,950000000.0,105003719.1614914,950000000,812576888,0.0,770422360,57559736,952544042.3557659,130136939.81484474,957600000,504524136,27595117.732031297,US-MIDA-PJM
United States,NJ,HOBOKEN,40.745,-74.032,100000000,0,100000000.0,1571893.6359228904,100000000,44323816,0.0,0,0,158371748.32736927,14532781.456770172,159600000,89217208,13809244.71629079,US-MIDA-PJM
United States,NJ,NEWARK,40.73627272727273,-74.175,775300000000,12615038304,982193369040.748,95406525897.448,1048640000000,209705684288,57227744032.739914,189589406536,9754176144,266912432069.7255,44490572849.000114,293609835376,92232954624,17208898671.448677,US-MIDA-PJM
United States,NJ,NORTHBERGEN,40.793,-74.026,72800000000,5633474064,178296617799.83838,21420393343.575207,180800000000,38937643408,12396703234.544981,23062893208,7399822088,63795406169.0075,26984665446.42918,67227173008,40850372504,5205225305.368698,US-MIDA-PJM
United States,NJ,PARSIPPANY,40.855,-74.4,39200000000,0,39200000000.0,0.0,39200000000,0,0.0,0,0,0.0,0.0,0,0,0.0,US-MIDA-PJM
United States,NJ,PISCATAWAY,40.542184793566506,-74.45668004155603,643700000000,878161408,814617649774.9048,14814008412.639502,918400000000,59204235920,48967910138.317665,10621160024,1810255664,89758273387.36696,15562571634.891376,124428284656,57548057016,21371519668.728928,US-MIDA-PJM
United States,NJ,PRINCETON,40.349,-74.66,950000000,0,950000000.0,0.0,950000000,0,0.0,0,0,0.0,0.0,0,0,0.0,US-MIDA-PJM
United States,NJ,SECAUCUS,40.793,-74.058,1546072000000,40456394304,1989501835391.8965,156169986143.85132,2016504000000,277726702216,51496706280.77889,350326429448,44116304880,441518318493.59436,95459107040.26872,457912834504,145376726408,15698542116.791016,US-MIDA-PJM
United States,NJ,WAYNE,40.948,-74.245,950000000,46995232,950000000.0,376034336.5254531,950000000,807352208,0.0,0,38887664,1192061928.7969525,297143698.7777906,1200000000,630647712,43787737.31850094,US-MIDA-PJM
United States,NJ,WESTLONGBRANCH,40.288,-74.018,1900000000,921208,1900000000.0,6686665.438762553,1900000000,184231520,0.0,0,1238544,717555751.5428835,4505504.9022278655,720000000,184286128,25210538.735438086,US-MIDA-PJM
United States,NM,ALAMOGORDO,32.793,-106.161,950000000,0,950000000.0,31562732.080803417,950000000,182387240,0.0,0,0,158305501.72919312,38583421.69317789,159600000,130662776,14129737.672415959,US-SW-EPE
United States,NM,ALBUQUERQUE,35.10633333333334,-106.62466666666667,1900000000,13713176,1900000000.0,210977914.02608797,1900000000,527239960,0.0,159600000,70614008,634685096.3703105,206735588.50005773,638400000,415562992,28943774.458029382,US-SW-PNM
United States,NM,CLOVIS,34.517,-103.253,950000000,35854416,950000000.0,203640244.6117973,950000000,496776960,0.0,319200000,65821176,476315863.9196583,174886517.93604988,478800000,361013344,19459005.066583138,US-CENT-SWPP
United States,NM,LASCRUCES,32.283,-106.737,950000000,0,950000000.0,9736554.043633845,950000000,109609816,0.0,0,0,289310052.1500635,27325823.218746394,478800000,290178568,91895400.60499036,US-SW-EPE
United States,NV,HENDERSON,36.004,-115.101,9800000000,1160384304,9800000000.0,5625216844.507445,9800000000,9610822224,0.0,0,299116768,3577471269.8464737,1456456548.1214359,3600000000,2514912384,127744399.83723557,US-NW-NEVP
United States,NV,LASVEGAS,36.16075,-115.2165,4750000000,178940792,6228240794.182154,1274887547.694794,6650000000,2824324592,789641462.9454888,1756800000,605226944,5544455908.760475,1466409089.3565738,6116400000,2979051424,718241739.3402705,US-NW-NEVP
United States,NV,RENO,39.492,-119.845,950000000,1356680,950000000.0,8938040.106198777,950000000,68661024,0.0,16,12617056,159385986.77317327,23751829.047674015,159600000,112003872,5583814.085177804,US-NW-PACW
United States,NV,SPARKS,39.54,-119.673,0,0,0.0,0.0,0,0,0.0,0,0,0.0,0.0,0,0,0.0,US-NW-PACW
United States,NY,ALBANY,42.655,-73.751,11700000000,90077992,11700000000.0,472822840.4229482,11700000000,1068922456,0.0,1566000000,143722536,1908160006.5436916,353280578.92277503,1917600000,589924520,51556153.23375528,US-NY-NYIS
United States,NY,BINGHAMTON,42.099,-75.918,950000000,1686544,950000000.0,29816858.940320905,950000000,368924000,0.0,0,24358488,476166502.62310976,53814065.8367771,478800000,263141896,20496409.307251662,US-NY-NYIS
United States,NY,BUFFALO,42.981,-78.725,950000000,1305160,950000000.0,2103783.822694217,950000000,37198040,0.0,480000000,1032856,717813501.6109892,1865471.8605563892,720000000,22265056,22356007.26124407,US-NY-NYIS
United States,NY,COMMACK,40.841,-73.28,80000000,0,80000000.0,6098814.76162992,80000000,83679128,0.0,0,0,158462942.3405287,23700679.855939053,159600000,138756608,13232623.414557813,US-NY-NYIS
United States,NY,EASTSETAUKET,40.934,-73.106,95000000,0,95000000.0,3222631.0820731847,95000000,71805968,0.0,0,0,158662855.44499597,19502443.26445804,159600000,116699272,12045308.920855232,US-NY-NYIS
United States,NY,EASTSYRACUSE,43.107,-76.042,0,0,0.0,0.0,0,0,0.0,0,0,0.0,0.0,0,0,0.0,US-NY-NYIS
United States,NY,HICKSVILLE,40.763,-73.524,117600000000,1516923920,156514925545.42307,16294157618.123053,156800000000,36004058488,3330905567.7187552,0,601854800,35408651613.417984,5540551242.739928,36192006144,11452896648,3141985058.505373,US-NY-NYIS
United States,NY,ISLANDIA,40.805,-73.172,9800000000,56281656,9800000000.0,472950902.0782639,9800000000,1769535328,0.0,722099872,46780488,1409887062.3830082,261823865.91804224,1440000000,871848952,85212338.74607818,US-NY-NYIS
United States,NY,ITHACA,42.4395,-76.4875,1045000000,4148240,1045000000.0,83662991.39605218,1045000000,607734280,0.0,478800000,37103608,633194643.8000692,100379459.3281773,638400000,295819992,28056908.07472334,US-NY-NYIS
United States,NY,LOCKPORT,43.186,-78.742,0,0,0.0,0.0,0,0,0.0,0,0,0.0,0.0,0,0,0.0,US-NY-NYIS
United States,NY,NESCONSET,40.845,-73.145,950000000,1470760,950000000.0,43986680.1255916,950000000,458881280,0.0,384000000,5784128,572657900.9091538,29817106.17384278,576000000,162332392,24797149.15061733,US-NY-NYIS
United States,NY,NEWROCHELLE,40.918,-73.785,80000000,0,80000000.0,4364088.69075378,80000000,84985432,0.0,0,0,158654208.69444764,19254113.042594943,159600000,134032616,12119043.010907736,US-NY-NYIS
United States,NY,NEWYORK,40.74135312948783,-73.9972758582368,2275178000000,59770203896,2975995398822.5786,227573062438.6702,3128690000000,416221748600,101334192848.58267,558819801104,59783764456,741912626045.2379,157398700440.9059,784266147680,254593853456,45177673036.999825,US-NY-NYIS
United States,NY,ROCHESTER,43.087,-77.633,1900000000,5045144,1900000000.0,54827907.76220709,1900000000,314362504,0.0,0,53420384,1004714048.1616068,119695688.61964677,1038000000,296062336,73077710.89191492,US-NY-NYIS
United States,NY,STONYBROOK,40.915,-73.122,950000000,0,950000000.0,36255563.40297818,950000000,279898264,0.0,0,0,242608320.51806533,42675026.20154681,319200000,164806080,135443326.73663735,US-NY-NYIS
United States,NY,SYOSSET,40.828,-73.499,950000000,28089504,950000000.0,354243944.23733115,950000000,715757456,0.0,0,31547248,1432054799.5188735,270499118.1909269,1440000000,553069048,44169529.24022737,US-NY-NYIS
United States,NY,SYRACUSE,43.049,-76.1495,10750000000,3358024,10750000000.0,63941336.256724,10750000000,645499160,0.0,480000000,2900640,941352818.594944,49328860.206395015,1039200000,244019008,149844385.3933021,US-NY-NYIS
United States,NY,UTICA,43.139,-75.158,950000000,0,950000000.0,0.0,950000000,0,0.0,0,0,0.0,0.0,0,0,0.0,US-NY-NYIS
United States,NY,WARWICK,41.264,-74.369,950000000,0,950000000.0,49178479.04790489,950000000,180035376,0.0,0,0,238908910.8225788,16301469.45769364,240000000,83201760,15842611.859418726,US-NY-NYIS
United States,NY,WHITEPLAINS,41.027,-73.7705,118550000000,1888771040,118550000000.0,13919066348.480665,118550000000,30521717008,0.0,10704000000,1367204168,22308879297.63546,5030163220.294125,22704002048,10424250568,618420465.6132764,US-NY-NYIS
United States,OH,ATHENS,39.31,-82.081,950000000,0,950000000.0,2207447.454230636,950000000,45867512,0.0,0,0,358009218.5635461,22203179.177652083,478800000,121231152,72111675.13008483,US-MIDA-PJM
United States,OH,BRECKSVILLE,41.305,-81.618,173800000000,3361422944,264051644926.69977,20449086304.836662,294000000000,44906813152,32810058613.307655,28407568760,1483956128,37782575832.22625,7406850706.996653,42715580928,16182753064,3519137911.6500216,US-MIDA-PJM
United States,OH,CINCINNATI,39.134,-84.479,9832000000,948208656,9832000000.0,3533096659.0465198,9832000000,7192203152,0.0,3312000000,405373432,3956640468.719843,1082625992.7895648,4272000000,1949925576,192733455.37979585,US-MIDA-PJM
United States,OH,CLEVELAND,41.506,-81.606,950000000,0,950000000.0,35962796.974720076,950000000,276260568,0.0,0,0,317494917.8981877,43437756.06787487,319200000,163548776,17491061.13209245,US-MIDA-PJM
United States,OH,COLUMBUS,40.0145,-83.01125,40150000000,402538672,40150000000.0,2566920433.176498,40150000000,6678718128,0.0,8805088488,167341104,10273987974.33591,748104464.1597599,10320000000,1729948048,196070877.6040301,US-MIDA-PJM
United States,OH,DAYTON,39.759,-84.189,1045000000,0,1979099041.9023433,22962872.537458155,1995000000,143737672,121880205.37974517,0,0,184350849.48862982,31314455.315710492,351600000,98962360,67379280.83239555,US-MIDA-PJM
United States,OH,DEFIANCE,41.355,-84.357,950000000,0,950000000.0,46091996.51390973,950000000,142872744,0.0,0,0,158800996.19716033,45467890.721459076,159600000,141870288,11072290.608697535,US-MIDA-PJM
United States,OH,DELAWARE,40.303,-83.06,950000000,0,950000000.0,6304642.688214244,950000000,123740184,0.0,0,0,158804715.9589057,19164877.316403095,159600000,153851912,11054080.352276834,US-MIDA-PJM
United States,OH,GRANVILLE,40.081,-82.53,950000000,0,950000000.0,6503837.819692947,950000000,146508248,0.0,0,0,158513219.97091076,17868954.03439917,159600000,192680032,12969567.11602822,US-MIDA-PJM
United States,OH,KENT,41.154,-81.358,950000000,2192888,950000000.0,48567807.11901189,950000000,528215816,0.0,319200000,21852840,476171295.4403786,56184320.63811613,478800000,270907040,20020215.498953216,US-MIDA-PJM
United States,OH,LIMA,40.777,-84.035,95000000,0,95000000.0,13319505.119242756,95000000,37443536,0.0,0,0,190947643.2542999,14213215.82546462,192000000,196165792,14026818.394990427,US-MIDA-PJM
United States,OH,MANSFIELD,40.765,-82.511,0,0,941007734.0413252,90505002.3132864,950000000,477502888,91993307.91030023,0,0,1075661609.453538,129163117.53157105,1596000000,414624328,744866518.4932547,US-MIDA-PJM
United States,OH,MASSILLON,40.793,-81.567,3800000000,36218192,3800000000.0,339595066.05656236,3800000000,816618728,0.0,0,28000232,764670700.0272423,111501151.6038324,768000000,298459592,28343007.688265618,US-MIDA-PJM
United States,OH,MILLBURY,41.565,-83.432,95000000,0,185503867.02066258,2990882.5155257992,950000000,133140008,263054830.98211864,0,0,26053398.611104697,2294651.066835969,192000000,80891760,65732667.60665597,US-MIDA-PJM
United States,OH,PORTCLINTON,41.507,-82.931,950000000,0,950000000.0,8069857.56804802,950000000,58052712,0.0,0,0,238822313.89864942,6327214.724691216,240000000,122809504,16569775.00800665,US-MIDA-PJM
United States,OH,TOLEDO,41.675333333333334,-83.644,1900000000,5133368,3788375851.321713,1052206862.0995036,3800000000,1698151552,148166446.2723625,399600000,16655200,1501467822.8853745,730653524.1740737,1516800000,1117872856,96941484.22702907,US-MIDA-PJM
United States,OH,WILMINGTON,39.46,-83.832,950000000,0,950000000.0,0.0,950000000,0,0.0,0,0,0.0,0.0,0,0,0.0,US-MIDA-PJM
United States,OK,LAWTON,34.548,-98.285,950000000,20585280,950000000.0,222452801.55327255,950000000,893251520,0.0,319200000,60216032,633160396.9516333,163655348.27380815,638400000,547848904,32990412.321636617,US-CENT-SWPP
United States,OK,OKLAHOMACITY,35.454,-97.5145,10750000000,92314264,10750000000.0,704156723.9801455,10750000000,2430078776,0.0,1852800000,180213304,3073111029.7088766,581161460.2036246,3448800256,1618884552,475647900.1470345,US-CENT-SWPP
United States,OK,STILLWATER,36.077,-97.082,30000000,0,30000000.0,1532357.7578206165,30000000,22419560,0.0,0,0,157887226.86182615,12801649.197737504,159600000,117138160,16314785.938777974,US-MIDW-AECI
United States,OK,TULSA,36.19,-95.942,95000000,0,95000000.0,48426346.09811843,95000000,91610880,0.0,0,0,158525455.01281312,79431078.01085074,159600000,152258088,12843600.268656151,US-MIDW-AECI
United States,OK,VINITA,36.635,-95.093,0,0,0.0,0.0,0,0,0.0,0,0,0.0,0.0,0,0,0.0,US-CENT-SWPP
United States,OR,BEAVERTON,45.491,-122.805,950000000,0,950000000.0,21600628.44557313,950000000,142955640,0.0,0,0,157746652.57393512,30567639.68232714,159600000,155331448,16964801.079534866,US-NW-PGE
United States,OR,BEND,44.119,-121.282,9800000000,51658680,9800000000.0,539018683.4990188,9800000000,1273368464,0.0,1232922648,24062784,1672045330.6263418,161312682.46196467,1680000000,339520600,42241629.78643332,US-NW-PACW
United States,OR,CANBY,45.222,-122.669,950000000,13481936,950000000.0,109964557.08091885,950000000,283856216,0.0,1281600000,10616456,1594660268.4307976,63716020.17222671,1602000000,237581952,47083529.524578355,US-NW-PGE
United States,OR,CLACKAMAS,45.41,-122.506,950000000,2238320,950000000.0,35024011.59505945,950000000,529920504,0.0,0,6295432,572825036.8953018,25220414.600023087,576000000,113633400,24626434.998242233,US-NW-PGE
United States,OR,CORVALLIS,44.463,-123.314,950000000,0,950000000.0,68880639.59829159,950000000,216496224,0.0,0,0,158799050.58478588,57601065.55327254,159600000,134515024,10986330.240505006,US-NW-PACW
United States,OR,EUGENE,44.155,-123.062,95000000,0,95000000.0,3167352.2401015814,95000000,87898792,0.0,0,0,158494394.61987764,16428554.979106545,159600000,136588944,13139221.901678268,US-NW-PACW
United States,OR,HOODRIVER,45.573,-121.658,0,0,941446381.1612605,76549024.33521874,950000000,619915872,89742426.80208242,0,0,429441844.0817269,77461584.75077918,638400000,412520864,297816246.7884395,US-NW-PACW
United States,OR,LAGRANDE,45.228,-118.272,95000000,0,95000000.0,3874492.528685213,95000000,31084128,0.0,0,0,440178023.65000576,35651978.6097195,478800000,232187952,69274479.46547936,US-NW-BPAT
United States,OR,MCMINNVILLE,45.198,-123.27,95000000,0,95000000.0,29457168.8043403,95000000,135574728,0.0,0,0,158832484.75678173,33582562.389010735,159600000,117401368,10803037.416297156,US-NW-PGE
United States,OR,PORTLAND,45.5145,-122.66633333333333,3135000000,11207744,3135000000.0,89701297.10169688,3135000000,700625168,0.0,1358400000,65725024,1827672566.8826041,144056213.88802955,1837200000,346674944,50779553.677112676,US-NW-PGE
United States,OR,STAYTON,44.815,-122.677,950000000,0,950000000.0,36060354.18954173,950000000,237999408,0.0,0,0,158295364.19993073,36848657.79337412,159600000,126623040,14177336.52967388,US-NW-PACW
United States,PA,ALTOONA,40.554,-78.435,9800000000,0,9800000000.0,955204923.0880758,9800000000,2282562912,0.0,0,0,2372105714.4084034,271223788.8435877,2400000000,608731512,118378551.1832729,US-MIDA-PJM
United States,PA,CARBONDALE,41.595,-75.541,950000000,18728448,950000000.0,161949593.60498673,950000000,380666840,0.0,430361720,57482728,612129316.2082419,150374968.05263767,798000000,324370016,91363812.85942204,US-MIDA-PJM
United States,PA,CARLISLE,40.181,-77.234,950000000,0,1335022509.5232599,96555132.67644003,1900000000,834908120,466427019.195733,0,0,325299675.1988918,65707179.93489553,878400000,525215944,217136968.23239166,US-MIDA-PJM
United States,PA,ERIE,42.108,-80.156,950000000,6937192,950000000.0,69075166.98326215,950000000,222966056,0.0,140600208,5281288,716344440.0526377,31445023.811612606,720000000,226735504,29342508.459381677,US-MIDA-PJM
United States,PA,GETTYSBURG,39.829,-77.225,100000000,0,100000000.0,9133299.306937551,100000000,194320864,0.0,0,0,158707699.96444649,19397957.07076071,159600000,194141432,11718557.399579747,US-MIDA-PJM
United States,PA,LEWISBURG,40.989,-76.979,95000000,0,95000000.0,3429831.1605679328,95000000,272350328,0.0,0,0,238176061.61098927,1380171.764054023,240000000,60558104,20592639.26218995,US-MIDA-PJM
United States,PA,NORRISTOWN,40.15,-75.382,950000000,15599528,950000000.0,289076100.1833083,950000000,935336424,0.0,720000000,16047096,1042793320.041556,217748549.5214129,1440000000,578321288,138006905.8268954,US-MIDA-PJM
United States,PA,PALMERTON,40.831,-75.568,39200000000,665091048,39200000000.0,3928043628.599792,39200000000,8831346344,0.0,0,417429624,7504795851.66155,1389833419.3004732,8400000000,2930368520,407830533.47670674,US-MIDA-PJM
United States,PA,PHILADELPHIA,39.951800000000006,-75.15960000000001,26345000000,231610960,26345000000.0,2489934733.734734,26345000000,6016131840,0.0,5915329384,533656880,10209991690.222786,1735176455.2215168,10632000000,3320459680,373102673.9984082,US-MIDA-PJM
United States,PA,PITTSBURGH,40.458,-79.9805,19600000000,38823208,20532673438.762554,578249672.6879834,20550000000,2681796976,127129418.60134408,957600000,135560496,7820574597.575897,1029384323.0548309,7986001536,2149985016,763144846.3323612,US-MIDA-PJM
United States,PA,SCHNECKSVILLE,40.672,-75.628,950000000,1738648,950000000.0,13945529.030589866,950000000,514603224,0.0,319200000,21260400,475540278.45226824,38771642.37977606,478800000,202701008,22279352.542233072,US-MIDA-PJM
United States,PA,ZELIENOPLE,40.763,-80.124,9800000000,580692392,9800000000.0,2493611313.37689,9800000000,5120670832,0.0,2393999872,533408816,2840974838.197391,1506705214.141983,2872800256,2260417192,87571569.96797098,US-MIDA-PJM
United States,RI,CRANSTON,41.762,-71.52,19600000000,58121104,19600000000.0,3857639472.813575,19600000000,9055414768,0.0,0,147748632,6040113124.0392475,1362149317.0818424,6240000000,3062661800,420531377.55573565,US-NE-ISNE
United States,RI,PROVIDENCE,41.824,-71.413,1900000000,5282040,1900000000.0,137568145.94482282,1900000000,765569000,0.0,957600000,68681624,1111456859.43807,150968668.83342952,1117200000,449606912,29271959.350257583,US-NE-ISNE
United States,SC,AIKEN,33.488,-81.678,9800000000,0,9800000000.0,107866866.72145908,9800000000,522042280,0.0,0,0,275403495.4551541,40875146.93385663,576000000,256471448,250632984.2474012,US-CAR-SCEG
United States,SC,BEAUFORT,32.417,-80.747,95000000,0,95000000.0,0.0,95000000,0,0.0,0,0,0.0,0.0,0,0,0.0,US-CAR-SCEG
United States,SC,COLUMBIA,34.074,-81.193,19600000000,602735208,19600000000.0,3352455695.213206,19600000000,9279163360,0.0,6508663544,512521408,8317626026.983724,1626676942.60187,8544000000,3629817496,300543615.5770313,US-CAR-SCEG
United States,SC,GREENVILLE,34.848,-82.403,950000000,1825008,950000000.0,12291185.456308438,950000000,296275952,0.0,1240448,14871000,238240254.92877755,37193079.11347108,240000000,172154720,14724412.088785494,US-CAR-DUK
United States,SC,IRMO,34.14,-81.203,0,0,0.0,0.0,0,0,0.0,0,0,0.0,0.0,0,0,0.0,US-CAR-SCEG
United States,SC,MONCKSCORNER,33.148,-80.053,950000000,2362232,950000000.0,178608484.93593442,950000000,481424864,0.0,480000000,3213568,715620580.2885836,52624870.0320905,720000000,158778336,31595238.27219301,US-CAR-SCEG
United States,SD,RAPIDCITY,44.07,-103.324,950000000,0,950000000.0,278656034.31698024,950000000,751320008,0.0,0,0,1585143573.5103314,101465524.83804686,1602000000,262122032,119505946.39515921,US-NW-WACM
United States,SD,SIOUXFALLS,43.5545,-96.7575,29400000000,930983440,29400000000.0,4531630046.457809,29400000000,10471259016,0.0,4645442120,321851984,9623706287.41175,1242709633.5255685,10080000000,2688482688,460890709.3352039,US-CENT-SWPP
United States,TN,CHATTANOOGA,35.046,-85.311,3800000000,114971904,3800000000.0,805837221.0467505,3800000000,2023302096,0.0,1536000000,72746432,1910636962.341914,243461315.85085997,1920000000,451639552,47489825.82745996,US-TEN-TVA
United States,TN,DUNLAP,35.393,-85.411,950000000,0,950000000.0,43977413.409673326,950000000,120838152,0.0,0,0,239006686.69514024,14078480.635345723,240000000,98871200,15098829.691457016,US-TEN-TVA
United States,TN,DYERSBURG,36.075,-89.423,95000000,0,95000000.0,10523353.217130324,95000000,61224544,0.0,0,0,158787384.22163224,26892877.490015008,159600000,126000744,11115466.830667205,US-TEN-TVA
United States,TN,GAINESBORO,36.348,-85.607,950000000,26028840,950000000.0,185811138.81842318,950000000,462078480,0.0,960000000,14905088,1194706714.9532495,62820722.32621494,1200000000,226069200,34680465.04128306,US-TEN-TVA
United States,TN,JACKSON,35.588,-88.864,950000000,1689544,950000000.0,81988424.48389703,950000000,319364232,0.0,319200000,28721512,476473632.6722844,98299750.14844742,478800000,267194112,18818299.64829041,US-TEN-TVA
United States,TN,JOHNSONCITY,36.34,-82.333,0,0,218665589.2877756,61742318.353457235,950000000,816067352,399920156.86223835,0,0,87906918.98787948,44552238.66281889,638400000,531509304,219972561.86745602,US-TEN-TVA
United States,TN,MCMINNVILLE,35.662,-85.773,9800000000,9522624,9800000000.0,187038960.54576936,9800000000,479433400,0.0,2160000000,13755616,2673545114.4832044,110444109.67378506,2880000000,279128080,108685109.29758933,US-TEN-TVA
United States,TN,MILLINGTON,35.334,-89.932,95000000,0,95000000.0,37306316.07156874,95000000,92651120,0.0,0,0,158777661.6294586,61218012.73092462,159600000,134572864,11225118.040132904,US-TEN-TVA
United States,TN,NASHVILLE,36.12133333333333,-86.768,5700000000,73807000,5700000000.0,667861078.5372273,5700000000,2604032200,0.0,3120000000,66036712,4538208507.494402,398358883.07976454,4560000000,856744496,114046117.08000143,US-TEN-TVA
United States,TX,ADDISON,32.982,-96.836,0,0,0.0,0.0,0,0,0.0,0,0,0.0,0.0,0,0,0.0,US-TEX-ERCO
United States,TX,ALLEN,33.1005,-96.6535,950000000,1530272,950000000.0,29731012.94147524,950000000,102161288,0.0,478800000,27613064,633420635.8905691,57145719.49209281,638400000,208696872,27441969.420587484,US-TEX-ERCO
United States,TX,AMARILLO,35.152,-102.044,950000000,0,950000000.0,57078324.40309361,950000000,204483088,0.0,0,0,238983328.89299318,19359792.772942398,240000000,185828976,15176660.495163001,US-TEX-ERCO
United States,TX,AUSTIN,30.3285,-97.757,19695000000,110211832,19695000000.0,1121935282.364077,19695000000,2960785640,0.0,2319600000,202763384,4745566166.837355,583244382.3183655,4953599872,1458342120,146501990.69756976,US-TEX-ERCO
United States,TX,BOERNE,29.721,-98.645,950000000,1618328,950000000.0,147297369.57358882,950000000,564915208,0.0,192009832,7495064,573753614.4005541,61955113.83862403,576000000,205490312,20961613.54216949,US-TEX-ERCO
United States,TX,BULVERDE,29.788,-98.462,950000000,2008336,950000000.0,142756626.56169918,950000000,703392896,0.0,384000000,9399280,573211281.0924622,62014457.4803186,576000000,240772016,22664243.509383474,US-TEX-ERCO
United States,TX,COLLEGESTATION,30.608,-96.354,9800000000,7196296,9800000000.0,212515903.91873485,9800000000,963087768,0.0,1276800000,123527248,2357474732.3772364,260230890.73715803,2393999872,980539136,118466737.47118151,US-TEX-ERCO
United States,TX,CONROE,30.312,-95.456,9800000000,160927184,9800000000.0,809596247.5567355,9800000000,1738827976,0.0,1278627424,231211152,2219580699.8360844,550999630.5640079,2234400000,1079914208,63841899.59000473,US-TEX-ERCO
United States,TX,DALLAS,32.794918774809524,-96.82303735037405,3855010600000,178273736336,4813209575758.975,506829364845.4457,5173430600000,844626785960,208227366767.4362,909401929968,127971784536,1082592075194.9652,302325460734.77454,1244473750256,511814358944,69810142235.16138,US-TEX-ERCO
United States,TX,ELPASO,31.788,-106.5205,9800000000,6074928,9800000000.0,106721324.89899573,9800000000,378681312,0.0,1656000000,14003832,2029892590.4670436,49317063.171649545,2040000000,376577248,50651165.12224781,US-SW-EPE
United States,TX,FORTWORTH,32.7725,-97.2505,950000000,0,950000000.0,14147547.410365924,950000000,84294672,0.0,0,0,238158127.91411752,8360579.67170726,240000000,165243400,20687324.372181155,US-TEX-ERCO
United States,TX,GRAPEVINE,32.928,-97.073,64000000,11187504,64000000.0,34063366.993420295,64000000,119292688,0.0,2538685312,3451240,2867215583.203971,43449303.38774097,2867576192,185390656,8627649.661817992,US-TEX-ERCO
United States,TX,HOUSTON,29.78197119935357,-95.38213062119688,330530000000,346163816,670988907999.5382,22744687734.065334,708450000000,61423741064,61031250327.70655,20471198464,468703672,43909783521.513565,6563259581.853861,45770782464,15954017584,2875423547.751944,US-TEX-ERCO
United States,TX,KERRVILLE,30.027,-99.109,95000000,0,95000000.0,3526373.6128362,95000000,19624128,0.0,0,0,158578827.19519797,17853375.237215746,159600000,134316312,12535969.880945196,US-TEX-ERCO
United States,TX,KILLEEN,31.115,-97.728,0,0,130826503.5207203,76723899.56920235,950000000,952940096,327386586.0215652,0,0,86795620.8768325,48432665.78875678,638400000,565394848,217581206.1060572,US-TEX-ERCO
United States,TX,LAREDO,27.905,-99.443,95000000,0,95000000.0,6021081.781369041,95000000,64814704,0.0,0,0,158795630.16045249,20199370.474893223,159600000,147190760,11144146.950366449,US-TEX-ERCO
United States,TX,NEWBRAUNFELS,29.694,-98.072,950000000,0,950000000.0,0.0,950000000,0,0.0,0,0,0.0,0.0,0,0,0.0,US-TEX-ERCO
United States,TX,PLANO,33.076,-96.804,0,0,0.0,0.0,0,0,0.0,0,0,0.0,0.0,0,0,0.0,US-TEX-ERCO
United States,TX,RICHARDSON,32.98456506598946,-96.70409005733194,313664000000,2995531680,399304008311.2086,24693084013.68117,510464000000,72799994912,44167168566.00922,10216136416,1228521912,28306483971.16657,8879162934.006233,45857237312,23858016528,10893553926.765598,US-TEX-ERCO
United States,TX,SANANGELO,31.378,-100.542,950000000,0,950000000.0,125783279.62322521,950000000,399809856,0.0,0,0,321335511.74419945,123111266.14152141,478800000,316542784,188573767.8334183,US-TEX-ERCO
United States,TX,SANANTONIO,29.505,-98.62933333333334,1900000000,2387272,1900000000.0,141130513.2494517,1900000000,1296505304,0.0,240000000,1090520,477522864.06094885,33794923.43437608,480000000,380996120,23804488.746883757,US-TEX-ERCO
United States,TX,SANMARCOS,29.867,-97.959,9800000000,80172392,9800000000.0,884775380.476971,9800000000,2316385944,0.0,3125549496,36378008,3944531255.88549,267734126.44672745,4080000000,600084856,143664503.14255422,US-TEX-ERCO
United States,TX,SHERMAN,33.645,-96.59,0,0,0.0,0.0,0,0,0.0,0,0,0.0,0.0,0,0,0.0,US-TEX-ERCO
United States,UT,CEDARCITY,37.762,-113.22,950000000,0,950000000.0,1613431.8633267921,950000000,12341624,0.0,0,0,158375020.70691445,13344541.489091538,159600000,115013192,13835308.739488587,US-NW-PACE
United States,UT,FILLMORE,38.898,-112.594,0,0,46101812.305206046,242843.6513909731,95000000,2938496,47482157.936166756,0,0,20868694.345146023,1828555.3900496364,159600000,22832472,51981573.98836075,US-NW-NEVP
United States,UT,OREM,40.305,-111.674,950000000,0,950000000.0,12823005.520489438,950000000,141320456,0.0,0,0,191079851.21366733,11709828.228558237,192000000,86186672,13058021.15756415,US-NW-PACE
United States,UT,SAINTGEORGE,37.132,-113.796,3800000000,21811168,3800000000.0,202103220.69029206,3800000000,444932760,0.0,959844024,88630584,1270150582.23433,214349652.33013967,1276800000,398875352,31732625.491706163,US-NW-PACE
United States,UT,SALTLAKECITY,40.744,-111.8858,21500000000,257472016,21500000000.0,1982956166.9204664,21500000000,5505501872,0.0,2954400000,255503648,5469163675.590442,1078839677.0864596,5514000000,2309311792,155442718.79457945,US-NW-PACE
United States,VA,ASHBURN,39.03362302291131,-77.49083008466056,4863284000000,169192930016,5233015155488.86,538334506568.03973,5519484000000,904804583984,120214606751.49437,1077256248408,141206141864,1281568611006.2786,318496059544.398,1330040207464,476186934464,33035715347.54976,US-MIDA-PJM
United States,VA,BLACKSBURG,37.256,-80.429,950000000,0,950000000.0,0.0,950000000,0,0.0,0,0,0.0,0.0,0,0,0.0,US-MIDA-PJM
United States,VA,BRISTOW,38.738,-77.557,950000000,2816216,950000000.0,24974345.86725153,950000000,93317896,0.0,480000000,3070296,716406821.2720766,26564351.663857788,720000000,153654200,28624440.038795106,US-MIDA-PJM
United States,VA,CHANTILLY,38.819,-77.292,0,0,0.0,0.0,0,0,0.0,0,0,0.0,0.0,0,0,0.0,US-MIDA-PJM
United States,VA,CHARLOTTESVILLE,38.02,-78.571,0,0,130936165.30070415,92219152.35276464,950000000,962364928,327501845.41586596,0,0,108812308.12790027,64266124.68475124,798000000,654503160,272535390.44930243,US-MIDA-PJM
United States,VA,DULLES,39.321,-77.537,0,0,0.0,0.0,0,0,0.0,0,0,0.0,0.0,0,0,0.0,US-MIDA-PJM
United States,VA,FAIRFAX,38.838,-77.345,95000000,0,95000000.0,29495171.667089924,95000000,289754000,0.0,0,0,158489346.18677133,35123188.56470045,159600000,138482560,13132181.403506815,US-MIDA-PJM
United States,VA,FOREST,37.358,-79.311,950000000,1287616,950000000.0,45051338.45088307,950000000,395036504,0.0,0,21048608,428326950.23248297,58438416.02401016,478800000,248782192,74797539.29528652,US-MIDA-PJM
United States,VA,HARRISONBURG,38.45,-78.869,950000000,1621088,950000000.0,37735012.54161376,950000000,433242576,0.0,319200000,23391200,475083309.9064989,52413135.70171996,478800000,262291144,23835745.16392656,US-MIDA-PJM
United States,VA,HERNDON,38.981,-77.38,950000000,0,950000000.0,0.0,950000000,0,0.0,0,0,0.0,0.0,0,0,0.0,US-MIDA-PJM
United States,VA,LEXINGTON,37.787,-79.519,0,0,0.0,0.0,0,0,0.0,0,0,0.0,0.0,0,0,0.0,US-MIDA-PJM
United States,VA,MANASSAS,38.788,-77.533,0,2917848,1895174881.680711,16229289.162645735,1900000000,697440864,95632100.97215727,0,55014128,1420821176.4146369,158184313.41567585,1596000000,795748856,285386555.27312094,US-MIDA-PJM
United States,VA,RESTON,38.940346140325104,-77.3457350487444,1187950000000,33440278760,1317572209396.283,147103538123.0853,1345150000000,247919863824,9409830721.797077,283982383088,27890599648,339587854650.16644,81113937449.76659,349584973216,127700504616,6933379238.329835,US-MIDA-PJM
United States,VA,RICHMOND,37.6225,-77.4665,1964000000,4957032,1964000000.0,272924131.22382545,1964000000,1000692472,0.0,900508928,1137472,1878189267.1268613,282377328.6048713,2147200000,812144344,343558370.7682576,US-MIDA-PJM
United States,VA,ROANOKE,37.256,-79.98,95000000,0,95000000.0,2310323.7243449152,95000000,85695624,0.0,0,0,158242940.6856747,15669277.765208358,159600000,104184088,14401111.76451429,US-MIDA-PJM
United States,VA,STERLING,38.964,-77.468,39200000000,337723688,41091665704.72123,1735581675.8656354,41100000000,18382235824,125568788.52334481,9895203072,843053720,12050576510.822578,2094347942.3285236,12448804864,6145065200,525259605.97153956,US-MIDA-PJM
United States,VA,TROUTVILLE,37.434,-79.937,9800000000,107086144,9800000000.0,616487018.851668,9800000000,1655085888,0.0,1755600000,208118656,2082426547.380815,516360680.7387741,2234400000,1051891096,71124289.45579311,US-MIDA-PJM
United States,VA,WINCHESTER,39.208,-78.257,950000000,0,950000000.0,4127196.3449151563,950000000,58168888,0.0,0,0,158797562.05748585,18483946.01870022,159600000,96671712,11100420.444316795,US-MIDA-PJM
United States,VT,BELLOWSFALLS,43.183,-72.5,950000000,3652912,950000000.0,35443781.62484128,950000000,188250128,0.0,319200000,31139720,476132557.2083574,63879925.93420293,478800000,209754856,20183407.206383508,US-NE-ISNE
United States,VT,BURLINGTON,44.476,-73.213,950000000,0,950000000.0,9684832.627034515,950000000,452856736,0.0,0,0,186480090.5894032,10848233.722267114,576000000,186235896,236600007.52519548,US-NE-ISNE
United States,VT,HINESBURG,44.322,-73.115,1900000000,15207104,1900000000.0,134572876.68105736,1900000000,338360120,0.0,0,18911568,955600034.7971834,67166445.89911117,960000000,226413848,33707598.10004496,US-NE-ISNE
United States,VT,WILLISTON,44.429,-73.093,950000000,0,950000000.0,72543804.98487821,950000000,318234224,0.0,0,0,476060262.4236408,81343834.88675979,478800000,211090064,22876922.451320447,US-NE-ISNE
United States,WA,BELLEVUE,47.617,-122.169,950000000,1218896,950000000.0,2620430.151217823,950000000,67162120,0.0,0,2610120,1419953518.2592635,4835743.477317327,1440000000,69514256,77450338.87084089,US-NW-TPWR
United States,WA,BOTHELL,47.753,-122.215,0,0,0.0,0.0,0,0,0.0,0,0,0.0,0.0,0,0,0.0,US-NW-TPWR
United States,WA,COLVILLE,48.678,-117.736,50000000,0,50000000.0,4240436.225787833,50000000,21357080,0.0,0,0,155250592.06926006,17541483.3198661,159600000,102453792,25899055.77896752,US-NW-AVA
United States,WA,KIRKLAND,47.718,-122.204,9800000000,46607376,9800000000.0,585305140.6708993,9800000000,2222091848,0.0,0,16274920,716391164.621032,149831214.73115548,720000000,547195864,29157525.81792364,US-NW-TPWR
United States,WA,SEATTLE,47.5945625,-122.335625,2175253000000,103029992296,2251271746392.7046,230185166663.65646,2263453000000,400925614712,15341494369.911032,445166314928,88260080936,509258586972.1233,141521134132.05588,520024683528,211469243528,9247717884.90862,US-NW-SCL
United States,WA,SNOQUALMIE,47.572,-121.779,950000000,4379568,950000000.0,408864178.6392705,950000000,816368912,0.0,0,20051848,1360192966.0357845,273125387.07884103,1440000000,509709040,120439402.1763453,US-NW-TPWR
United States,WA,SPOKANE,47.667,-117.438,950000000,1911344,950000000.0,17655801.600369386,950000000,105716912,0.0,1934656,1286560,239882352.6648967,8519372.090038093,240000000,119415968,4921570.700869907,US-NW-AVA
United States,WA,TACOMA,47.253,-122.443,950000000,0,950000000.0,5361235.72249798,950000000,162481192,0.0,0,0,158233301.48909155,17937076.821424447,159600000,119841320,14491634.624479052,US-NW-TPWR
United States,WI,APPLETON,44.303,-88.4155,95000000,1048224,163253491.86194158,12628924.651506407,190000000,127797392,42728834.860626094,0,6669600,272163482.41763824,34914223.99815307,319200000,110119992,74229185.84858795,US-MIDW-MISO
United States,WI,AUBURNDALE,44.641,-89.997,950000000,0,950000000.0,0.0,950000000,0,0.0,0,0,0.0,0.0,0,0,0.0,US-MIDW-MISO
United States,WI,BELOIT,42.547,-89.136,95000000,0,95000000.0,5106609.191273231,95000000,99857744,0.0,0,0,158577205.3247143,14379496.289968833,159600000,256658304,12597050.77321032,US-MIDW-MISO
United States,WI,BROOKFIELD,43.063,-88.099,950000000,0,950000000.0,0.0,950000000,0,0.0,0,0,0.0,0.0,0,0,0.0,US-MIDW-MISO
United States,WI,CAMPDOUGLAS,43.995,-90.258,1900000000,64834864,1900000000.0,535407090.6069491,1900000000,1162148456,0.0,390878160,19110960,715256662.6895994,134710178.24864367,720000000,346010888,33127742.49377817,US-MIDW-MISO
United States,WI,MADISON,43.0516,-89.434,60700000000,132718944,67480699526.72285,950909467.5608912,70500000000,4516108832,4524967715.7463,6109974944,232799184,13249529637.152948,781019821.3653469,14428800000,1958274024,1036617450.6860276,US-MIDW-MISO
United States,WI,MILWAUKEE,43.083,-87.884,9800000000,1872608,9800000000.0,66614681.38704836,9800000000,1239265104,0.0,0,6530120,763289478.3848552,37203841.70379776,768000000,313754536,30160183.58966482,US-MIDW-MISO
United States,WI,RACINE,42.731,-87.865,950000000,0,950000000.0,12590417.177421216,950000000,26409184,0.0,0,0,158664268.36800185,23454268.779868405,159600000,79768208,11985161.583579775,US-MIDW-MISO
United States,WI,SHEBOYGAN,43.707,-87.739,950000000,0,950000000.0,9595922.312362922,950000000,73922536,0.0,0,0,158438367.46992958,22428034.37977606,159600000,146885368,13364142.818113733,US-MIDW-MISO
United States,WV,HUNTINGTON,38.42,-82.445,95000000,0,95000000.0,15906332.721689945,95000000,276323696,0.0,0,0,158841282.99111164,24844066.421332102,159600000,92934312,10794430.747947114,US-MIDA-PJM
United States,WV,MORGANTOWN,39.585,-79.918,1900000000,0,1900000000.0,88686983.97506638,1900000000,478246080,0.0,0,0,238289540.91100082,84715673.89403209,240000000,206272864,15263116.691721827,US-MIDA-PJM
United States,WY,CHEYENNE,41.08,-104.883,9800000000,253427824,9800000000.0,1363929873.6696296,9800000000,3039347736,0.0,4560000000,96062544,5491738154.171072,388568153.4286044,5760000000,836357856,182599710.32207975,US-NW-WACM
United States,WY,RIVERTON,43.101,-108.935,0,881864,929602908.9230059,11264086.499365116,950000000,60949224,137707604.02989227,0,9631616,377482952.7720189,34720369.592981644,478800000,203067568,96262865.60061048,US-NW-PACE
United States,WY,SHERIDAN,44.826,-106.904,950000000,13867576,950000000.0,91642409.7222671,950000000,227637152,0.0,319200000,41425528,476455465.42121667,104088408.74616183,478800000,229031400,18935534.71368665,US-NW-BPAT
