a.ecor,0,1,2,3,4,5,6,7,8,9,10,11,12,13,14,15,16,17,18,19,20,21,22,23,24,25,26,27,28,29,30,31,32,33,34,35,36,37,38,39,40,41,42,43,44,45,46,47,48,49,50,51,52,53,54,55,56,57,58,59,60,61,62,63,64,65,66,67,68,69,70,71,72,73,74,75,76,77,78,79,80,81,82,83,84,85,86,87,88,89,90,91,92,93,94,95,96,97,98,99,100,101,102,103,104,105,106,107,108,109,110,111,112,113,114,115,116,117,118,119,120,121,122,123,124,125,126,127,128,129,130,131,132,133,134,135,136,137,138,139,140,141,142,143,144,145,146,147,148
0,0.0,186.80924706644115,162.98063771350317,234.2825290621801,867.8189596514054,835.8445469638643,158.8183489821772,2037.0494198913395,334.9281714411527,384.91635218588016,384.91635218588016,1013.2537231416937,1096.547407139362,1021.8685355871319,1013.4415496300184,1044.9049385989754,1020.5531821588924,1581.447986214301,2170.411706176075,1656.2228716662135,1659.3192115984068,1668.806896077741,926.4280779838289,933.8271491445504,935.6468358763633,734.2080672480051,791.654688526983,652.3029200951404,938.8911984121326,928.9212591641042,927.3665190857196,916.8442314808655,659.3098857677646,457.55066773199866,515.0295645006521,452.14295240134044,411.57876425498233,266.78015743060513,281.47208886354986,569.28459877487,829.2909879148384,719.8503543598633,849.0073196876159,751.0643472838261,701.8773111853075,583.4469782720803,906.5036241680954,844.1074867101047,2003.7407841135116,1232.3240155588755,374.2719083069003,2937.663178886342,1747.5986967723795,1640.6817914094247,427.38372173806783,414.5101079243582,230.22190610379602,948.2873971990462,544.654865390208,384.77610992414753,543.0297191822746,1328.5398518932557,1182.9001439635465,695.8317555934113,1193.2171700459141,1192.1273502254512,628.1159548000926,929.2512370632397,932.2521346769564,934.7041055450346,881.996176675519,1835.9265382588057,1639.0191129622197,1455.29652350139,1518.2947554120683,1631.9732611054549,1497.1803610212892,1423.4475212922,1486.1755720662966,1942.487029542056,1482.4496273997927,1883.621324225566,960.508097608746,565.2962037955867,672.786054644065,790.4584989623694,2103.163054041004,2106.4094043793953,2097.60879996179,874.7351276240963,949.1894697518748,581.4589174357817,541.008853250152,1899.4193587175137,518.6973025877478,64.13403942710248,1813.7374612434714,1591.1468162369479,3304.6632036234882,1602.2759957220417,1435.462467364835,1425.0968532351071,1244.3466744430345,1420.303390792086,1446.3732328327642,1433.3053861589601,1427.387058465393,1426.8320555413875,1434.7351346784158,518.6364011451485,521.8395777597849,539.7313462202292,625.5437056691617,443.2759514252417,583.828153334372,425.421061831411,432.2815504144845,515.8674222694556,444.07015800234745,444.6284851729864,1263.5947289361145,1145.6240927844512,1234.037286634393,1335.256365316268,1193.2355687109296,1339.3019488489,1196.488295109805,1514.612865515467,1174.1909458477635,1253.2931155163099,1566.1132008007992,1303.6870489028408,1379.236011390235,1293.5623787362822,1180.3548027377358,1215.5353936557617,1401.1257908097286,1402.9913002151534,1352.0453727566592,1242.9280890198245,1203.3947812527008,1257.4074345762888,1432.1942614577986,1223.1754113148704,1353.0848996145298,1360.178344433423,1651.888890750276,1640.14399742635,1253.304726912546
1,186.80924706644115,0.0,109.55483400871404,153.66663029224765,771.337366102196,939.5501822112631,306.35573543916064,2141.95434358433,197.9685147881439,198.31227474311027,198.31227474311027,828.0384867416666,915.645891749412,836.5834433143635,827.8605878604086,868.4466256806712,835.037400470324,1410.2376774579825,2010.9049600233604,1482.7318933040335,1486.4891700446055,1495.499659839509,878.157790023815,887.7290631889907,896.0777494855828,769.7338672449483,885.0833609672386,600.4313415524388,891.3178083799081,881.8319086707618,878.889084840321,867.2267371087181,473.5470183952476,391.3149217387542,440.9616706044698,380.5119905428694,280.4218697329266,202.17315407976082,241.5139189775079,455.49661008345305,656.6953544567799,556.9665143492466,690.524959832296,630.4034695353603,557.7310450184556,477.3890126315491,730.1446173551233,670.7091808224538,2098.6074707195976,1376.9050586835735,367.2073878151894,2786.9358086505663,1667.2370146796925,1541.5732764739023,607.7273757169186,499.0615867264229,369.292458678682,1134.4483219063793,725.7848904779177,473.2433410474977,621.3024199223934,1164.8662888085512,1039.6478166789898,615.9160226087507,1380.018789737264,1378.9263766034046,734.6321775177408,802.8950357598808,807.8518124846112,810.1302002476676,745.9153379368987,1654.5219398738402,1461.8439548226038,1270.9983332176173,1332.8026918012326,1446.7531245188413,1312.1696123822483,1238.3029853015846,1311.1210204502893,1756.1489321057102,1298.1284610586085,1697.8532926375174,821.5666177404124,453.6900051257064,495.6457506755466,647.2927864602608,2161.387179246576,2164.7824955430583,2156.484733916836,904.979054018227,1001.062353301571,587.0338513527637,596.0417957507291,1783.3899082723074,610.5462205943645,249.5818600814348,1832.7689697820522,1659.617359246819,3395.5523667834555,1671.7726861963804,1250.997912926579,1239.1914010151531,1058.8298710360677,1236.182062272402,1261.858922428108,1248.9813713782314,1242.908401781589,1242.6760729431562,1250.4438779349807,505.52169990306663,534.296364233515,541.7871123535273,656.1692424784683,437.7055333245893,606.5935301223541,477.88133287765675,423.0946382559159,517.625515522565,450.02409047954615,441.3546756278672,1195.6470161145633,1052.519274064031,1150.04760204572,1236.5851739835948,1103.6869153738069,1256.0914369377952,1095.1857156854549,1391.6299536618465,1085.843801096388,1164.1817920410679,1454.56250416838,1184.5135439756448,1263.3892772414033,1190.4866018833552,1090.2099418260318,1120.6194832574286,1290.6514481135405,1290.934649276049,1240.9030650108398,1165.3373930153173,1115.4889303702628,1165.7269696118215,1304.1609261932022,1136.2718219242909,1253.565262984549,1240.8085909677602,1542.986337279861,1512.1413949531623,1204.2192155159275
2,162.98063771350317,109.55483400871404,0.0,252.43694559400637,714.368177030814,985.1919464642325,317.0751843068181,2188.769147806929,307.5075423664115,274.4614532655682,274.4614532655682,874.1256321188418,948.0124700259794,882.9350667208262,875.6487469353951,891.5960827660676,882.4686694294899,1501.0849346925636,2008.2645129418308,1571.3996140506295,1575.7683431357284,1584.3181401443212,795.9673599815354,804.6506221026917,810.332721609823,662.9322511795161,776.1200601606305,517.8441644139116,808.8900965380307,799.1490628334108,796.7924045877355,785.5702337078808,525.5002150226726,312.6300837578126,367.5436782213017,304.56192885454965,248.60768786603654,114.73777123234044,144.51762811247872,409.04414206919137,673.9200599126756,560.2103552538204,687.6218934457679,590.3159797348954,538.9520310878462,425.1981478445854,753.6839557839206,689.2192096428946,1989.1979049503598,1394.4508202728382,454.29886749348316,2774.6889663726147,1602.8017379023001,1488.0410008662202,539.9102996454953,390.6013257185193,278.83384074857605,1076.7208635629154,657.47712829536,365.4390328827537,511.93870124525216,1261.5520311486362,1144.8012248715204,547.878947096662,1329.7763059581528,1328.8180843542561,627.5155298085105,767.9011984748233,771.2582622637616,773.6827027345398,719.3349788557974,1686.5576693282346,1485.0971827885417,1311.9847500437277,1378.440557596787,1490.9410027196088,1355.74814876543,1282.6079542473442,1330.7263265107204,1805.9754117188443,1339.135794619682,1744.2293455166237,928.2012411690463,563.1879076130558,585.3260304099501,753.5568352432454,2053.3613933841248,2056.742379556649,2048.390227691216,985.5214959925198,1073.2501831101467,673.9360753914834,663.9264828884436,1892.3088843286337,660.7595056011788,223.73970309313765,1731.0016555608577,1550.5669634759367,3286.0033197765474,1562.6651263537651,1323.3773065297137,1306.3081555698905,1105.323231605479,1309.5595334151,1334.0631379320516,1321.7671547440025,1315.269485039871,1315.9419297795823,1323.3171119786564,407.1941207480214,429.9674522176997,439.8353981599121,549.5796294071104,336.2104583531674,500.95754171190595,368.4473906867145,322.29237610895444,415.46664623402194,346.00869468865585,339.3378710441979,1302.8091584419271,994.378021731142,1086.7439818945013,1182.3320343801026,1043.5182820053485,1192.5834880266318,1042.3561663481792,1354.661967688789,1024.9145204867002,1103.896252545624,1409.2269888798442,1144.4164251983257,1220.9144422192721,1139.0124664565017,1030.3647587262212,1063.7657366393867,1244.3668845774089,1245.7644283270897,1195.0186894100045,1098.5032200618527,1054.3741653982079,1106.9864674213245,1271.1359129340958,1074.6194285003694,1199.884798734376,1200.9274984282483,1495.906544757871,1479.2311659814757,1123.5758293848712
3,234.2825290621801,153.66663029224765,252.43694559400637,0.0,915.8361564883007,818.3276898928875,268.3382571195593,2014.0893801593272,112.82016504098392,250.5885451387006,250.5885451387006,872.6926011005306,977.515589042135,880.632870823599,869.9863196116069,942.9622732135208,877.5174486038593,1361.5358029453346,2105.378826913931,1438.7958363121336,1441.0582755220717,1451.1106050668948,1031.2030491989876,1040.909249412654,1049.5792624316646,914.4642715893132,1009.1515124396667,753.7811990242263,1044.3930500640204,1034.954823669016,1031.9179817286142,1020.188478905936,524.4218525380621,544.5952264958436,593.2236540245332,533.4893522971166,421.780302318499,355.1707075802265,392.93805018738425,598.2078550779661,743.4650200872213,661.4893705139568,797.0183945388127,766.8417027143119,680.9788317919504,622.3719239575731,807.4506460285093,755.6006085972879,2224.282629918133,1282.5611973644727,216.66817811020525,2889.6647925539983,1813.1488556649797,1681.4494076095798,649.7218304218051,623.835404506845,460.6386452364225,1146.7102243245288,764.0230832845643,595.7817813744574,750.4349002073342,1102.7210094165798,949.304213354982,765.8622376386568,1377.4701629573046,1376.1812094480047,850.9144318241089,933.9139709586473,939.9338030067165,942.0884521863331,871.4824609480398,1708.5267173468983,1528.7977118779575,1315.7033265449472,1370.0013736922174,1485.0344665238633,1352.6467065877812,1278.5290543578244,1383.923277039125,1783.5741402114882,1342.508491087374,1730.9516414207365,726.5935220350631,332.1884993238162,471.1690036584404,557.6914928054362,2302.531550901126,2305.880646497101,2297.4104101770176,755.0555359410841,855.9174248509368,435.02570970245455,457.61746675438326,1668.0775940470103,490.31729634939774,276.42650112508727,1983.1752152074173,1796.6203582040719,3523.923819545582,1808.402048608764,1243.9146456403016,1242.0777935165215,1098.2536051521054,1227.3438817539986,1254.9864551785045,1241.1388453734573,1235.955148229014,1233.9779749337922,1242.4153953424973,657.3529662080291,682.4023546117638,691.8071556498502,801.367096658374,587.9047080669313,753.2171348997854,614.667928654228,573.6633651484425,667.4879231683116,598.4035694496312,591.2354075505136,1053.474812151651,1196.3643335174895,1296.245408880611,1377.657199107395,1248.4345361814962,1402.1612516304237,1235.890665149701,1520.3387937589255,1231.0309866544303,1308.8244024938795,1589.20916106031,1316.4525314317668,1396.680202379597,1330.0242335905762,1234.8297271590152,1263.5417549161468,1426.479242690607,1426.0013867258517,1376.6429586497052,1313.1438274487082,1260.687503148265,1309.5459573565308,1430.162856932274,1281.6871014035173,1394.2447101771045,1372.3300537463213,1678.6052666059659,1637.1824582723273,1356.7406995762137
4,867.8189596514054,771.337366102196,714.368177030814,915.8361564883007,0.0,1699.5589529939725,1026.5665623384866,2903.0338930038333,896.235956200201,722.1192795289135,722.1192795289135,755.460720935434,707.803737904821,762.3503720313042,767.7453000566941,613.793037044052,769.333401384338,1600.547436821147,1414.7582333936016,1640.2812000163474,1650.4750873402743,1653.3463381067377,254.20958978120638,267.7734681723232,299.02845185217524,566.1755197326007,841.1868908166168,269.24714816195575,263.3448865861481,260.86272598675146,253.6693028630717,243.6968581507947,652.5279092967423,412.99474789589425,354.761087906229,416.5667596362297,494.073219260925,602.135946713685,587.6142031374997,317.7426037371715,490.53293837824094,409.6394034927971,371.2387688657065,176.06721194739694,307.1360372948168,293.98899324892096,551.9686356964074,501.51458305598817,1807.9559092481231,2089.694059702523,1132.2518954539346,2129.9562046022006,897.4388231789328,773.6815442764166,1081.2495486113814,696.6062012127265,821.3153393529846,1582.119299093711,1171.8856326055013,706.8255939448906,688.997732480771,1456.0613029151737,1469.6471077187468,180.3975916621579,1849.1872793396524,1848.8653536292184,822.9825013151467,173.86012958138502,164.07663840044938,166.01401791293938,221.45879011289225,1298.9530359441185,1064.8105521838777,1033.9414478808824,1121.180701338743,1206.6308695329767,1087.9047424544615,1033.101783516354,909.6159781634693,1525.8996942934737,1056.3872024450457,1445.8250673106556,1310.0517144825621,1104.7917237995296,889.0519287243876,1161.0111544571012,1711.6875444874834,1715.4239106513264,1709.6354037105532,1669.714753904507,1771.2996978628885,1347.6830723858966,1367.361698597886,2253.044514255378,1374.3258500454226,918.0090112263059,1267.1835122232258,1299.8290680352495,3022.4922064211855,1314.696952093128,1277.9684228225442,1221.3720600437653,911.45853960114,1274.761935215843,1285.4138087000938,1279.986803964616,1271.0902110481254,1279.1273487652638,1281.9983647043466,433.3202841233939,491.58205818018735,459.2615418035162,532.3276339703565,489.13165154995295,507.99750099731676,613.7187244054912,490.1139387894173,467.6052073351739,508.79848414972264,492.1840680206742,1838.1237452337646,281.212821782332,381.23157265921554,467.97902171639964,332.6223340767769,486.79887944443965,328.67749604769887,663.0281056639038,315.2335182573923,393.0558773993451,700.7456526410454,451.25181067730057,519.7592082801016,425.82664539420614,319.05321776042155,349.817901791045,536.0757959334097,539.1654951616198,487.9652332011122,402.1100256353438,344.8829803192034,394.3983601202583,593.5006196076605,365.955216574366,485.5986400064237,506.32042095968893,784.9316795585984,795.0035565964685,494.598542772727
5,835.8445469638643,939.5501822112631,985.1919464642325,818.3276898928875,1699.5589529939725,0.0,678.1250948734872,1203.8345107298073,889.8618928892364,1065.2319832300634,1065.2319832300634,1643.5772356819139,1765.8141315150815,1650.3401171620524,1637.6009451735845,1744.6456782980572,1645.2469494336826,1865.0186467121314,2915.7386457994344,1952.5030827980959,1948.969241106106,1961.9885860068161,1757.9906682653384,1764.5621653789262,1763.710369968797,1507.3684452090122,1456.3760391159458,1487.0581363976733,1770.1033834582245,1760.0575385603897,1758.9896262910675,1748.9249265684837,1320.3773654303995,1292.8039431612908,1349.7861969289745,1286.6615910099908,1218.6481980145177,1097.9905153002744,1116.9327784946001,1390.4932655537204,1556.4116640792483,1479.7646319597511,1615.2929235203478,1568.7726907450244,1495.2340763743337,1409.0744926827088,1613.7863648066839,1567.4469825079384,2554.707023735423,523.7691638522391,630.6796609177748,3704.560510668642,2583.431500430284,2473.232509780217,866.1893337533504,1168.1277680866096,962.6963220369835,982.3773826309304,895.2434571557723,1140.071638777868,1279.8506386940485,1587.7137550940893,1342.2516641623558,1530.7884225760863,1070.0898549843962,1068.0534490727705,1291.9874658595975,1742.411247711478,1747.2400891621571,1749.536398551555,1684.6871898821662,2469.784929220123,2312.771348162652,2070.1154725785764,2109.322873394821,2222.7948559618726,2098.545064933309,2026.4182087690838,2177.184098211772,2489.718825220018,2095.57083860183,2451.200574574048,1162.0567851909502,862.9475035397351,1182.1411472413804,1078.1823141206328,2760.474244861127,2763.228727782069,2753.4246280130237,374.270598104984,296.7050262237032,500.25991171611577,380.7958535607648,1777.1689939886517,329.3657472825984,794.1154096491133,2562.453934341615,2243.876812976967,3824.9951136465293,2251.7471064228685,1890.211619708429,1913.7620937704276,1851.5362645726864,1870.2590416151409,1901.0170654482497,1885.6377715173276,1883.1916152025256,1876.7520787098008,1886.3243163424918,1344.6932199174169,1333.5799746444384,1357.000734226635,1413.5013803361458,1269.590489935159,1382.7980284955004,1214.5197887942304,1260.5032035589702,1334.6788930246175,1265.0745846572702,1269.9188025875337,1021.5234251320878,1979.293509318601,2069.5631954268515,2167.5231568446297,2027.848642173288,2174.9776200458127,2027.4203737167054,2331.177212523867,2009.007816872147,2088.0871320788196,2392.129048601253,2123.642221921108,2201.9525256114953,2123.9158009247453,2014.8194105269479,2048.8317033298244,2227.6302603006634,2228.4651166294693,2178.047428849067,2078.7718681164624,2038.3369259457354,2091.655278400805,2243.4332507608337,2058.3111636472186,2185.0621771313677,2180.0122267465968,2479.6886951234046,2451.2571547521025,2082.5910147615405
6,158.8183489821772,306.35573543916064,317.0751843068181,268.3382571195593,1026.5665623384866,678.1250948734872,0.0,1878.4021846544147,381.0100649596606,489.3419825133127,489.3419825133127,1124.5998078509476,1218.8941456544326,1132.895504882631,1123.2221947770033,1174.200691646764,1130.5978935431083,1622.924774610985,2315.0176538829164,1701.716248620778,1703.4505738741254,1713.8459933897877,1081.1782663865342,1088.1457406593656,1088.6468810474619,864.0665032956761,883.9615488859895,808.9847167925939,1093.4619538081977,1083.4460708241365,1082.149815857282,1071.8723330245136,770.6419893272666,616.2605775872895,673.8142840829905,610.9540661657959,563.342134609607,425.0173755232174,440.18440458455945,725.9168251332771,963.050178628849,861.1661091163055,993.2525942013467,907.3589380736171,852.0689837348505,741.0848526931377,1036.0446223567099,977.0525245895501,2080.5640711725755,1078.4649094497277,301.6270020484717,3087.207355309927,1905.4955571192572,1799.4997048974428,411.2878495731739,529.8144474013288,323.21144568222786,881.0918820734169,517.3078257654967,499.7710819273063,655.1051378676353,1359.1326609159828,1187.0285166740446,854.55765868184,1109.180378326112,1107.8847087631582,714.9823964061047,1084.955562306392,1088.3327324038637,1090.7577038118877,1035.3070166371579,1956.3583836184907,1766.9581329821012,1568.6773372004902,1626.8944120925623,1741.5741021868428,1607.9101566723918,1533.7955685137756,1617.023045407739,2045.0706005612717,1595.70332371277,1990.1332331511203,963.9769558538287,558.1725158747627,739.4710018821593,804.0842335963869,2207.465872655961,2210.59961342017,2201.497438912855,743.5811139427731,806.4618966762721,475.73064265362126,405.53407302757967,1865.0693260337366,366.44903871188154,118.80618810771333,1941.8429493908993,1691.1360045790307,3380.6902200345103,1701.4621631140114,1512.1095735893691,1509.2844381895954,1353.548739659307,1495.6112699014507,1523.1744677448526,1509.369715215518,1504.140100279152,1502.2420177961192,1510.6549029125902,669.9072564075459,665.9659298694677,686.6246407515878,760.108165618212,594.4478412025279,722.6603669803475,557.6237517082593,584.520065605017,663.393871246376,592.3403478596107,595.2303414646706,1191.8714924115927,1304.433190836201,1392.5063532063534,1494.0654151613207,1351.9653521897144,1497.6593675777588,1355.2219613723678,1671.5810790835037,1332.8892245945565,1411.9894993590874,1724.434448277714,1461.0603539488402,1537.0674890734326,1452.264938259492,1339.1048186850792,1374.351987943045,1559.4633113518887,1561.203598450971,1510.307908320087,1400.9278996824291,1362.0658867857571,1416.1757766919425,1588.2061429120865,1381.79743178524,1511.8855184947306,1517.56791698842,1810.4160303950634,1796.3060380115219,1407.1074408313912
7,2037.0494198913395,2141.95434358433,2188.769147806929,2014.0893801593272,2903.0338930038333,1203.8345107298073,1878.4021846544147,0.0,2072.9235299870115,2254.3152389225816,2254.3152389225816,2782.9899408439323,2916.4409902821326,2788.5430737633123,2774.6380843969937,2909.1219071148294,2782.0668625545395,2769.8415951423435,4079.927189158262,2854.919310982426,2846.606380028943,2860.6514986025945,2950.4823151297146,2956.1212819754896,2952.6070642304467,2664.990627909815,2558.2240134066883,2684.5763006254083,2962.145145455968,2952.071349774059,2951.5433962535976,2942.0460601851346,2489.9872346183633,2494.5995048647865,2551.986615439867,2488.9825969978397,2421.7843825994883,2301.0713648587066,2318.521369983107,2594.2357683607747,2736.814544788042,2671.5784467111616,2806.561058888659,2772.016391298937,2694.6862387931974,2612.9074973106804,2785.580483850982,2746.28973385199,3476.862035931757,915.233296509354,1811.5473776831534,4875.783604545178,3782.421537914536,3676.6951849321017,1976.1288170183625,2334.21718567516,2139.266282270176,1810.531555506376,1958.6270891065974,2308.6156332571077,2431.6975777484317,2519.9134346258757,2256.5734292304087,2732.868897606997,1707.7066962730462,1705.8522878398712,2409.9633373632355,2944.596593283161,2949.7437340174774,2952.007693339314,2884.913382561376,3573.5237096775104,3446.1992550835967,3179.020577251939,3202.226928694385,3309.6626053347186,3198.1856750616143,3130.761412037961,3324.184841726098,3533.3171265197343,3202.254484646092,3511.1868669969176,2152.0489113588505,1983.1335038038146,2314.456395600179,2136.863492034569,3771.8597427022814,3774.015097657427,3763.6934484761896,1335.5968320846148,1201.306803493141,1630.044295108719,1558.8942741631329,2310.789596122861,1531.5993217838527,1991.5641233738534,3667.034986211669,3278.1672625361884,4639.354445607536,3282.8261961740304,2914.0959580647245,2957.1796587398194,2967.8402313507195,2893.0164227041564,2923.774338307792,2908.401581242956,2908.4508415568234,2898.8333489911233,2908.536039140636,2535.9327666645017,2517.064030293089,2542.9496483262674,2582.559707631882,2461.9001087696442,2558.4975700702066,2391.5355716168833,2454.025297478473,2521.8678447837465,2454.609315126606,2461.6500502619533,1712.3581612536002,3182.263226548925,3270.8260285330584,3371.008675134865,3230.25308731349,3375.819134813713,3231.1153444131805,3532.9436565069573,3211.2363858139283,3290.338799104011,3595.762174179094,3326.4666618129627,3405.2040937777624,3327.686107300786,3217.3356098256095,3251.974137975441,3431.3558804216536,3432.0888454522787,3381.741364738082,3278.406633096004,3240.443696941184,3294.32779069161,3443.877958931218,3260.1987489803937,3388.6159236050908,3382.749089965998,3683.47018551847,3651.1674856430072,3270.7667722968076
8,334.9281714411527,197.9685147881439,307.5075423664115,112.82016504098392,896.235956200201,889.8618928892364,381.0100649596606,2072.9235299870115,0.0,183.74735349514097,183.74735349514097,773.3345760912147,884.571311282856,780.9869608656712,769.7119982449655,856.6817031820882,777.3157775111929,1250.8761649221287,2026.0605776723135,1327.4916799314215,1329.9601385473547,1339.8743948028416,1037.224115316435,1047.9395974237168,1059.9901487500001,963.5610819409981,1082.5816420375797,764.9245064450781,1050.5537826422608,1041.5526087037179,1037.8122199952857,1025.6785900060597,433.1207899002178,558.5809199903508,600.0197779248878,545.5200893759004,409.64791644756383,388.6566534322955,431.4224533434296,581.0115932061556,667.0945031398325,599.7731155823864,734.122619856595,736.0619225862232,635.9989116537323,608.6862959690261,724.2704232479487,677.8109797901495,2296.4995578746225,1370.915506858902,261.7205829456851,2814.942060625593,1791.4356355245056,1648.7450667192356,757.9435154133431,696.2645380592761,551.9661573733404,1259.3209668521529,873.3378130458019,669.9221790397743,819.191746976045,994.4976833626049,850.9702505653299,761.160968221807,1490.189111187656,1488.894435636652,930.240091505764,893.487379042355,900.7736877472662,902.7452244947098,825.4892800060283,1609.440564541486,1435.6082148878365,1214.2126076576797,1265.9485787167148,1381.0512367856081,1249.652427732816,1175.6623546956982,1294.0699620150986,1676.231382599889,1240.8278032543813,1625.0930594000183,630.1277230877375,256.29253493549265,358.84309522348843,457.7041642423199,2356.270708950441,2359.690982388192,2351.4921052674645,780.9773121011881,893.6971980124129,458.9571958956731,515.3836855176104,1586.3155969405132,568.2167095806747,383.5554427177238,2017.2673485623716,1856.4339096780166,3593.509411313475,1868.6948727480726,1131.6781753409427,1130.8848851847079,995.761974578287,1114.9871046296144,1142.759453283598,1128.8459083396465,1123.734211042372,1121.62715634121,1130.1078682241566,690.555344455745,725.8496416801037,730.5461665701131,849.9686378189721,627.0158001023208,799.3522981860234,675.5768955630579,611.8873674271042,706.8287941558888,641.82431338938,631.1603724000471,1004.4287708090551,1173.0437145640751,1277.1952035976274,1348.2379908137464,1226.5736140038657,1382.2895082299922,1206.6629942124855,1472.8381208812145,1210.1818780488231,1286.4023627111135,1548.9994630664391,1273.9649937953213,1355.510515706505,1298.3126828179352,1212.7928276270188,1238.0497864371098,1388.646360001373,1387.097676004057,1338.9397095865345,1297.8093640430227,1239.6833939203773,1285.487270273045,1379.9701256844453,1261.017694274406,1364.0742979144638,1328.9960210936304,1639.4215976868013,1585.0302460378336,1357.6602828840573
9,384.91635218588016,198.31227474311027,274.4614532655682,250.5885451387006,722.1192795289135,1065.2319832300634,489.3419825133127,2254.3152389225816,183.74735349514097,0.0,0.0,635.4165118121804,731.7914309804436,643.7658464551963,634.3270339963611,693.4363281534618,641.6511697704973,1227.534519858616,1854.940872492104,1297.1916554976533,1301.6939966813334,1310.137718422999,881.5576810268475,893.1082130054608,908.304475966678,862.5650162523203,1021.756091923431,618.9942992907338,894.8753307105052,886.3813881703927,882.0207186695014,869.6422651261668,281.320962687592,424.01376055264825,454.70337184270034,409.2827973909955,254.73679425856307,300.45384071773776,344.4237280184987,412.89824712277345,493.047586742,417.29304368153157,552.2797785016055,557.1974568633931,452.95520617756205,442.73729544348936,557.2533117788788,505.0525795161805,2221.8356967524915,1532.961309735963,442.9737755786716,2640.2601088496535,1613.5560828834168,1467.0711371122518,804.2424217857232,646.0736106017996,553.0783628880148,1332.750481761206,922.3847026641967,624.6043050113116,756.437735416883,992.5715222354083,895.1053690986148,599.6387501278471,1577.8590116806718,1576.7495322344403,885.3923244180287,710.7953677623443,718.3549712609084,720.2793641871314,641.9866376415334,1467.5206413334824,1282.1089498255976,1079.4352914615904,1138.7557705399772,1253.1781965151301,1119.140767944795,1045.0804102749978,1135.3558640916597,1560.0137437147903,1106.4820672832868,1503.0134216956367,688.0743602976169,388.8029350087712,312.97147267175853,515.0414468760514,2249.626184759592,2253.142552341574,2245.388500548628,963.9538258931826,1077.4438785227976,642.3953262530489,695.5488839034123,1663.009022503551,739.0702216199982,447.01408407826307,1885.1271058338602,1761.8505544978839,3510.233338677379,1774.8338957210706,1053.9684331659537,1041.068975588497,865.0212461416723,1039.4717405439999,1064.7810521734993,1052.0788725705793,1045.8697348848298,1045.9303263888646,1053.5704248305042,574.8592378567012,623.6689136989979,621.124058332165,751.256268298055,523.1696167269766,698.4651622457426,604.7599369306181,507.6051003984932,599.2929240170328,543.7366706150691,528.3070706495091,1139.5187381884539,995.6293102516892,1101.6031461265975,1167.9146311223874,1049.7023442523189,1205.9874086849175,1026.6608532852313,1289.092026438276,1033.8668050642723,1109.095620010827,1365.8047610222159,1090.5807517405076,1172.261072280757,1117.2959532912732,1035.8764927152174,1059.475833336731,1205.9469194831509,1204.1951505108225,1156.3032671586977,1124.2133776318062,1063.1983888153688,1107.4290113789925,1196.2700350752655,1084.6379603326484,1183.4684601068866,1145.4966313709504,1456.3486271336778,1401.4992660298062,1195.1406511213263
10,384.91635218588016,198.31227474311027,274.4614532655682,250.5885451387006,722.1192795289135,1065.2319832300634,489.3419825133127,2254.3152389225816,183.74735349514097,0.0,0.0,635.4165118121804,731.7914309804436,643.7658464551963,634.3270339963611,693.4363281534618,641.6511697704973,1227.534519858616,1854.940872492104,1297.1916554976533,1301.6939966813334,1310.137718422999,881.5576810268475,893.1082130054608,908.304475966678,862.5650162523203,1021.756091923431,618.9942992907338,894.8753307105052,886.3813881703927,882.0207186695014,869.6422651261668,281.320962687592,424.01376055264825,454.70337184270034,409.2827973909955,254.73679425856307,300.45384071773776,344.4237280184987,412.89824712277345,493.047586742,417.29304368153157,552.2797785016055,557.1974568633931,452.95520617756205,442.73729544348936,557.2533117788788,505.0525795161805,2221.8356967524915,1532.961309735963,442.9737755786716,2640.2601088496535,1613.5560828834168,1467.0711371122518,804.2424217857232,646.0736106017996,553.0783628880148,1332.750481761206,922.3847026641967,624.6043050113116,756.437735416883,992.5715222354083,895.1053690986148,599.6387501278471,1577.8590116806718,1576.7495322344403,885.3923244180287,710.7953677623443,718.3549712609084,720.2793641871314,641.9866376415334,1467.5206413334824,1282.1089498255976,1079.4352914615904,1138.7557705399772,1253.1781965151301,1119.140767944795,1045.0804102749978,1135.3558640916597,1560.0137437147903,1106.4820672832868,1503.0134216956367,688.0743602976169,388.8029350087712,312.97147267175853,515.0414468760514,2249.626184759592,2253.142552341574,2245.388500548628,963.9538258931826,1077.4438785227976,642.3953262530489,695.5488839034123,1663.009022503551,739.0702216199982,447.01408407826307,1885.1271058338602,1761.8505544978839,3510.233338677379,1774.8338957210706,1053.9684331659537,1041.068975588497,865.0212461416723,1039.4717405439999,1064.7810521734993,1052.0788725705793,1045.8697348848298,1045.9303263888646,1053.5704248305042,574.8592378567012,623.6689136989979,621.124058332165,751.256268298055,523.1696167269766,698.4651622457426,604.7599369306181,507.6051003984932,599.2929240170328,543.7366706150691,528.3070706495091,1139.5187381884539,995.6293102516892,1101.6031461265975,1167.9146311223874,1049.7023442523189,1205.9874086849175,1026.6608532852313,1289.092026438276,1033.8668050642723,1109.095620010827,1365.8047610222159,1090.5807517405076,1172.261072280757,1117.2959532912732,1035.8764927152174,1059.475833336731,1205.9469194831509,1204.1951505108225,1156.3032671586977,1124.2133776318062,1063.1983888153688,1107.4290113789925,1196.2700350752655,1084.6379603326484,1183.4684601068866,1145.4966313709504,1456.3486271336778,1401.4992660298062,1195.1406511213263
11,1013.2537231416937,828.0384867416666,874.1256321188418,872.6926011005306,755.460720935434,1643.5772356819139,1124.5998078509476,2782.9899408439323,773.3345760912147,635.4165118121804,635.4165118121804,0.0,143.9467340736825,8.983495533682653,14.597244747602119,192.69016721212682,13.880340426456048,848.1540887519503,1300.9903664073026,885.0196246312214,895.4030956220017,898.0472835507718,1007.9846418130751,1021.7308956693115,1051.6936702671192,1219.3415789927008,1460.4181380598422,877.4433902956807,1017.9143391528636,1014.6133929708878,1007.5659330319471,996.8383902015933,354.70374191279427,807.3832269105214,786.5753172651258,794.713021293582,679.9417682729962,835.6207605111714,864.8972096063795,662.1501541277412,278.24454305667575,403.10853550004924,384.8018577935481,615.4426694768796,507.96921537687643,685.1653334066349,203.94389391149448,263.5150182541078,2550.1982421701327,2140.7427321159244,1017.5060935548092,2098.692992292838,1425.8704814261246,1224.7273728964856,1412.4008065491362,1153.3177844718616,1138.0035740392223,1950.737020406929,1528.961329037875,1143.017541663219,1223.84385827328,738.2183224096544,829.5907756792022,784.9164876724064,2203.2147915183155,2202.217542513555,1371.1954337794818,608.1272827451428,620.940627000497,620.5534869503487,538.1670538914274,836.2144203894626,669.4732792662418,444.08850261293964,505.1100875107321,618.7500374128075,484.14596676339517,410.2670613587278,541.2070621507785,931.8925020600415,471.1042581410843,870.7089517398572,752.3076169075695,800.2006920034195,468.85756158817617,679.927067202844,2466.8802794867497,2470.620632397241,2464.9109517551287,1448.230680881208,1581.7014695476803,1160.7434902744174,1262.7891220306062,1572.2270806155889,1334.4844959077873,1076.947538962005,2011.6210408308373,2047.333776808278,3777.861974324442,2062.004097213096,528.7962532633319,482.020710219667,231.33983084026755,523.3697673578897,537.1942378830605,530.0823534175528,521.4635834013558,528.2105219721875,532.0489742994739,955.8976717866003,1027.715412117006,1006.4230540904979,1135.4817978591393,951.1996286100001,1088.0370236528245,1082.7480207493998,939.4407654630679,995.7434004876412,979.2526903720516,957.1470780066397,1341.006127374687,903.8359072603491,1011.3886413223203,993.9658832478117,953.3557273389199,1088.3719896730668,886.3030105692318,969.8867475610051,948.3079230966737,994.8195386844815,1086.1431387009648,841.5013322237506,916.1702233322989,938.2098569512257,941.8838673576997,936.2953241938325,967.0293011369297,958.1585227162676,927.5610580717953,1053.1916843081933,969.196023567906,982.5817531030165,872.0015512976823,987.6818236971055,1001.3520147277328,879.1441543969821,1172.4809992860091,1036.8158299465154,1211.8806340259107
12,1096.547407139362,915.645891749412,948.0124700259794,977.515589042135,707.803737904821,1765.8141315150815,1218.8941456544326,2916.4409902821326,884.571311282856,731.7914309804436,731.7914309804436,143.9467340736825,0.0,141.79726020586165,156.460030013915,94.09475325443151,150.64758121552822,931.7023680094087,1164.1912150535459,957.5591690620405,969.306998708141,970.0884153905746,961.7467567840719,975.1889780719449,1006.7666098445002,1215.1602556801872,1469.360701805221,870.2247150287909,970.3538854409173,968.3914173041841,961.1569666229334,951.4303991168763,453.1263310015781,834.5707105344654,804.5287389027164,823.6138858404894,731.303302516221,894.3402640126617,918.2029793090891,678.2850060668947,289.4496335272078,421.5670046438161,355.88287268530456,593.2208175257086,509.1751398054049,696.0714600127935,202.45541382845653,272.727204517042,2515.440295038119,2255.470366249642,1136.3628585609777,1961.4525567157264,1305.8439915222389,1099.7087582628994,1478.391472774954,1189.6894964014662,1198.724991291741,2018.4315097162482,1592.8551594431078,1182.8443198693585,1247.0950577951457,853.8712258185757,964.9550815598858,769.8270776054225,2275.746393832402,2274.8565623561853,1395.2059360976918,544.7434433455178,557.1061373347023,556.165714180105,486.4282576458648,739.3809181509076,551.3835898492888,371.4217109591395,448.3204947663703,553.9871434887792,420.3612153483191,352.11282179931175,411.4201903874259,877.9337711307527,398.078823572752,808.4646765315726,895.5428363078353,933.5665534902255,602.8170346345365,823.0888174496131,2407.466266316517,2411.222060557154,2406.0010891598054,1583.3143656492525,1715.3683538430425,1289.9379751380725,1385.3959544042868,1692.8217021798598,1451.1666903239986,1160.679043397458,1938.2678319680429,2007.6279443260369,3721.9455128932577,2022.4989568444646,578.5017556951914,516.294783832281,204.30865150414647,578.1661157574023,584.8885324973602,581.3098344043154,572.2340882744927,581.7633221735707,583.3425611836223,970.6861451881434,1043.5895831434634,1019.0828560701692,1141.3435125939523,977.1920506945381,1097.375974307504,1114.073413307055,967.0696554804223,1011.6357021071881,1005.3118803672104,982.9581624127961,1484.3437477946713,816.1454941631877,918.7852325170127,885.8175383687437,862.1398690658024,987.5328470688188,789.383846120008,838.5087325447556,859.5717056154027,898.1153219987917,958.1384331525068,725.1798538625414,795.9094228569152,831.1931465729047,851.7195381638104,840.4108712583313,848.1517087550283,838.3328600880952,811.7253814649969,962.7039243329643,877.7068706573115,884.2977714828879,742.0000241052305,894.7507763632947,891.4426680535568,758.316097458796,1042.5279493546448,899.0199028804786,1133.1442286082786
13,1021.8685355871319,836.5834433143635,882.9350667208262,880.632870823599,762.3503720313042,1650.3401171620524,1132.895504882631,2788.5430737633123,780.9869608656712,643.7658464551963,643.7658464551963,8.983495533682653,141.79726020586165,0.0,14.753557791796426,194.81429595188575,9.391980998348357,842.0783712292937,1296.1566928253017,878.3560917973986,888.8139807522155,891.3642442414733,1015.0581461113325,1028.7973215731772,1058.8340155208468,1227.754981317795,1469.1057683291847,885.711149152825,1024.9386657916152,1021.6899499499343,1014.6324933700212,1003.9405216817412,363.18062763870574,816.2409370882406,795.3106678162482,803.5866226040083,688.9251921514883,844.5817089223239,873.8762669585448,670.8198007783822,286.3523699392209,411.64793282115795,391.92639335771736,623.1487362611139,516.236593603165,693.7518659911074,211.19882188860112,271.50930479185075,2557.898571776592,2148.0023225978953,1024.6123773414852,2093.871146061073,1428.4195588889334,1226.6926334246548,1421.2700001531805,1162.275642209477,1146.9356698794595,1959.5657033025536,1537.8485458443802,1151.9894210583082,1232.7034721389687,734.5892492236006,828.7127742824835,792.9429030655214,2211.9642226195097,2210.965211977192,1380.0716624560475,614.1789565839118,626.9850105634545,626.5703291926706,544.6662865688245,828.4811948508641,662.9551956776879,435.84124664307313,496.45425131384746,610.1770333213947,475.64210686060454,401.72416948870386,535.76096270819,923.0628558895868,462.83414840586164,862.0091190321801,753.8219081723178,805.9499458215141,474.6896854529192,683.3677737048687,2473.623631245177,2477.364916898121,2471.676648755182,1453.6220718308252,1587.2842960730331,1166.9180645940685,1269.5652575334996,1569.3420882062956,1341.6862794986837,1085.5436333227572,2017.6492682943879,2054.8327206820354,3784.8141642709043,2069.5113267546635,520.9289870888749,473.65532511022246,222.6186990484844,515.6783299943564,529.2676311895998,522.2689481570959,513.6255713011263,520.4783187144396,524.2398379927583,964.6191716207909,1036.463720631063,1015.11981578123,1144.082987604555,960.0638616945289,1096.6919799825619,1091.6711383480574,948.3202346811684,1004.4874570699033,988.1206455517424,966.0100806639847,1342.6012992718445,908.7849431136802,1016.0713151068965,997.4975370683565,958.104358697626,1092.507107226634,890.6340406520242,970.982766312309,953.2132652030414,999.216472174757,1087.7170410926624,844.2496433887902,918.5670471547028,941.8103404314659,946.6951472653091,940.7231524167463,969.5846529285855,960.6155112564892,930.3940064541541,1058.0292184802327,973.9340269245912,986.8621547889405,873.2567119835586,992.3328390206187,1004.7398867752731,881.4676016794209,1173.818276255809,1036.8609987455093,1217.4795259437374
14,1013.4415496300184,827.8605878604086,875.6487469353951,869.9863196116069,767.7453000566941,1637.6009451735845,1123.2221947770033,2774.6380843969937,769.7119982449655,634.3270339963611,634.3270339963611,14.597244747602119,156.460030013915,14.753557791796426,0.0,207.24580116961653,7.658121454857316,835.0481617325021,1310.5000525289013,872.5667614913998,882.8567509325298,885.61839599145,1019.9882970183951,1033.7443595264817,1063.5932246084992,1228.274843053254,1468.131681880395,886.8984405315077,1029.9901497989567,1026.6121049783906,1019.5799840383521,1008.7995500960001,354.3156592648978,814.005961740618,794.0710980142205,801.1944108235228,684.3759682620329,838.9721481836069,868.8038349123422,670.0339961582664,288.35672231526337,411.68707338111125,396.81942819296984,626.3687811030762,517.4919044968868,693.4492671684907,215.88802943434212,273.9361346771733,2561.0502228879463,2135.9642461361477,1012.3659692393084,2108.214194444133,1440.4670435050675,1239.2813770602086,1414.4276161456464,1158.6796653824256,1140.8067971504272,1952.3645179344676,1531.1733671756083,1148.042583147967,1230.4100761678806,723.7408898557871,815.2642429513771,795.0721663429276,2204.2125961095944,2203.202775875337,1377.6017516147065,621.3697737461828,634.1885029983418,633.8264991230061,550.9622869238422,839.757004798188,676.0782034686013,445.91507762988635,504.9421440499849,619.0215001747786,484.8145541766863,410.76890327980226,549.798187723414,930.4023389417068,472.82801392050266,870.1916826562642,739.2426489562707,792.2189312253397,461.05595643431786,668.6527547902242,2479.3098132031255,2483.048930911482,2477.3115690520654,1439.6179283608092,1573.4087531684086,1153.542398194329,1256.8521698445322,1557.6389268133582,1329.5730348070938,1077.0238097526978,2024.8399389973772,2058.593090031731,3790.0004109641936,2073.247589988989,518.4850765895745,473.16226410593663,230.96999622937986,512.6624129127578,527.0252205459491,519.6443992062517,511.0852455581724,517.5903085345782,521.6006513675426,963.454462311787,1035.10516575826,1014.1149282042478,1143.6471132181882,957.7471449561979,1095.9436631671786,1088.6605773463207,945.8481114385843,1003.1621262244824,985.7637441724895,963.7049613926608,1328.0060433932504,917.853934047774,1025.5380073785923,1008.4831946396472,967.4750215378153,1102.7358041457235,900.6018086909457,984.2600030460154,962.3480919739872,1009.0912832804714,1100.6326425996983,856.0976427486733,930.761396736357,952.7144861539851,955.9725967830766,950.5559826958078,981.6257623485778,972.7523201795123,942.1548841327888,1067.264682723164,983.3200840326829,996.8973266207009,886.416877579617,1001.8462695084204,1015.8934332133606,893.7311698512601,1186.9189231981056,1050.7963455568408,1225.4720060470183
15,1044.9049385989754,868.4466256806712,891.5960827660676,942.9622732135208,613.793037044052,1744.6456782980572,1174.200691646764,2909.1219071148294,856.6817031820882,693.4363281534618,693.4363281534618,192.69016721212682,94.09475325443151,194.81429595188575,207.24580116961653,0.0,204.14188906416805,1019.0055485004865,1172.8322673231357,1047.5267222153077,1059.0079483261757,1060.1754479070187,867.6851632921943,881.1193469967393,912.7247284206612,1125.977751033805,1382.8995921974315,781.2853949243391,876.2702806652444,874.3288595956539,867.0921826438579,857.3898199226358,424.27964127908973,756.3669150197013,723.186405413124,746.1636530738961,664.9019136828864,829.872692265929,850.7633593772172,597.4547594574506,219.30831149362342,346.90662984706523,266.57245147377296,502.49081769389517,425.58069013532696,613.2631027609945,138.44383203772153,203.28773856765395,2421.5517294409747,2225.1539657570856,1113.969369552517,1966.8544990533012,1233.7031976973053,1032.0372956971469,1414.5547967927266,1113.0849386908849,1133.2337166420623,1954.2111152011098,1527.5522801901484,1107.677630809883,1165.4521796503295,927.6910369835174,1021.284069927302,679.5991790628277,2213.799599851109,2212.972146994726,1313.4202691689168,450.83959378356786,463.24435665722604,462.33683400712346,392.4777014288939,797.7044496947098,594.1143636069086,449.86668290171843,531.0290686087772,632.1235624332659,501.1352967422884,436.3547436759102,442.87238142878533,957.4242013607,475.6663217128465,885.1204187285055,933.9986792580049,931.3931880627835,605.8364435607767,845.6881331374442,2314.040001178059,2317.79489374366,2312.5310238192324,1580.9436994750101,1710.1725198721015,1279.3061297445508,1365.9178628349216,1763.8104211023556,1424.8900610266353,1108.9115257675162,1846.5810000113136,1913.5983842770556,3628.337307665449,1928.4737615534243,671.1494568353808,610.0258391781759,297.85792487146756,670.2027046232688,677.763726440869,673.7953947866533,664.7443705834977,673.9709212322878,675.8265941448425,887.3098216073664,960.2427611596069,934.8372772296169,1054.7563577424821,897.6069428055395,1011.8746686507943,1035.814519006123,888.1458639423035,928.4272420903432,925.6034329627114,903.2758217705258,1520.8758050408737,726.9252804994902,831.3056224244071,805.284931836772,774.0996615392403,903.4198135325947,703.293684681999,778.3566106225763,770.739793984135,812.1281164338693,893.6797633970134,649.8147029456113,723.7755486841005,749.9513395103554,763.3194357890444,754.0076110825048,774.8924473218437,765.8516303228821,736.0865802573844,874.5779230101708,789.7834298084248,798.9324121616892,680.1210751161578,807.3486959457015,811.9474730720696,686.6568605025628,980.3616793856322,849.5681724946817,1042.0903343220816
16,1020.5531821588924,835.037400470324,882.4686694294899,877.5174486038593,769.333401384338,1645.2469494336826,1130.5978935431083,2782.0668625545395,777.3157775111929,641.6511697704973,641.6511697704973,13.880340426456048,150.64758121552822,9.391980998348357,7.658121454857316,204.14188906416805,0.0,834.3309513492992,1303.3147846903382,871.1393231630407,881.5234478021716,884.1671588488101,1021.8341440262857,1035.5815247765333,1065.5307953678073,1232.2695349448009,1472.7692640295418,890.5851153587071,1031.7714189067424,1028.4623653484407,1021.4165804290666,1010.6829627849016,361.50495173793786,819.1353962859554,798.8025392383427,806.3843108705652,690.3463346445271,845.2970867414336,874.9563038632547,674.5718183227967,291.6022565648404,415.8488373485748,398.64744177223145,629.0772969254191,521.1258701796539,697.7844311694519,217.77109620462775,276.97637970788037,2563.8243903280772,2143.6186892420837,1020.0238298960817,2101.02629139505,1437.7075197976278,1236.0526360391204,1421.1317026123393,1164.3288914942682,1147.2986672488853,1959.1716660232148,1537.83068179007,1153.8169905051734,1235.5727636870545,725.5394832994268,819.3320520282537,798.3179313183834,2211.1661110525984,2210.1590492435357,1382.834755065855,621.9356663696104,634.7475878021884,634.3544675131977,552.0397370674418,832.1438418786488,668.4736769123673,438.4443033856537,497.77821337623766,611.7843672572894,477.5052351281086,403.480959812614,542.4393421426507,923.5327124881813,465.37088831103387,863.1092833578773,744.901961535354,799.7112886133549,468.5797446135995,675.3309658292919,2480.759758953847,2484.500087123261,2478.789750469171,1447.0088384320604,1580.8501843697622,1161.1161969712787,1264.4999299740448,1560.1079548161188,1337.2290758103795,1084.1578371016333,2025.428708056342,2061.0596961981673,3791.726661844413,2075.7265133595292,515.3054461727573,469.0776393027223,223.80580647836143,509.7610704424218,523.7498273287143,516.5521958750735,507.9513987863647,514.6264894129787,518.5157428579101,968.1610743485847,1039.8927757882734,1018.7571360104025,1148.0541539671415,962.9129948549953,1100.4812158911384,1094.0934992478008,951.073600973248,1007.935422622917,990.9458975577903,968.8664801628896,1333.6982231232994,917.2657713742576,1024.688548790323,1006.5599550242492,966.6888246380043,1101.3635776158917,899.4094150453585,980.3737886797691,961.7176208200282,1007.9645862052879,1097.1019720564893,853.5001665641312,927.8762512896457,950.8515564126251,955.2480691364358,949.4573198804504,978.8699053964864,969.9161225539319,939.6287416717344,1066.5695462251433,982.5238809546232,995.6595249746136,882.6486179464424,1000.9651306316555,1013.8435131745892,890.7867414084851,1183.209593578926,1046.172121973092,1225.5707073133576
17,1581.447986214301,1410.2376774579825,1501.0849346925636,1361.5358029453346,1600.547436821147,1865.0186467121314,1622.924774610985,2769.8415951423435,1250.8761649221287,1227.534519858616,1227.534519858616,848.1540887519503,931.7023680094087,842.0783712292937,835.0481617325021,1019.0055485004865,834.3309513492992,0.0,1719.0795739398447,87.90809037449431,84.14291932762679,96.97133743112927,1850.4104083961608,1864.2115289777503,1893.0560342394629,2013.3072067852272,2222.491632922439,1687.420276797176,1860.9423009856212,1856.9799264980768,1850.0840781488675,1838.9126468227566,1040.0237461296106,1566.9545262889362,1564.5060493106598,1552.0642704672875,1402.4878759177147,1517.0088035708923,1557.8204597713539,1452.702475589039,1111.944331895509,1216.588003679718,1229.4706338220494,1449.5202977012816,1328.297387933863,1481.3876686355745,1049.418835765841,1099.892116355651,3372.622185720963,2386.1979686510404,1377.0568965625325,2449.518300093921,2217.0487457751833,2002.4799888926893,2007.956549111542,1865.360697752069,1777.9326888497772,2503.394945584907,2123.995490009448,1846.5736351395676,1964.001268762567,278.2215991599933,529.374672628142,1607.1965699280752,2720.3245439967063,2718.8463374644257,2102.3453993413564,1456.2515876345653,1469.0597757374862,1468.6486774283244,1385.7948876458054,1054.2336781047854,1083.3486503534257,813.7600150251991,760.9775796130328,805.1365592471234,785.2944593545656,770.2231903098709,1078.1917769428694,861.1054259797525,816.5483394015753,878.1664253503819,707.2329918725158,1083.8189078230162,915.8922444933606,831.3253571673788,3311.7438373740174,3315.47246581083,3309.5253258793746,1535.5370529241031,1670.4798669981421,1386.6263996644575,1537.7767394413224,866.3063991421519,1650.64614558315,1633.8164143851664,2859.726811560181,2878.0190785042973,4619.2797261020705,2892.404342644105,385.51369911337247,465.59266666462673,762.489042473178,375.9304121733911,384.84895587360654,380.12105729986456,388.43069437342575,375.18642370736677,378.3347899673291,1728.2813313733961,1794.0037272514023,1779.9037497212637,1915.2959114902947,1701.9192212805062,1863.595622206124,1812.2914527018986,1687.563480684163,1763.7839086866113,1727.8527186444733,1707.823884252898,1065.9645687836232,1745.8309331437654,1850.0660343929683,1814.493798031581,1793.0438276046364,1918.7974040598606,1721.0659229382181,1728.7483662515144,1789.7263141879655,1829.8139094133135,1855.6915204596396,1648.5557072573304,1713.2560510373185,1760.7234773711011,1782.318759853346,1772.0559490570154,1766.7350768379822,1755.6685104282917,1734.58692315544,1893.551707964446,1808.699984757502,1815.9735104185088,1639.9310132883315,1826.0676627240537,1818.950583743736,1675.4438337268582,1931.8044253718817,1755.8952482645018,2058.5579055015924
18,2170.411706176075,2010.9049600233604,2008.2645129418308,2105.378826913931,1414.7582333936016,2915.7386457994344,2315.0176538829164,4079.927189158262,2026.0605776723135,1854.940872492104,1854.940872492104,1300.9903664073026,1164.1912150535459,1296.1566928253017,1310.5000525289013,1172.8322673231357,1303.3147846903382,1719.0795739398447,0.0,1683.3555077763694,1698.3705897411744,1689.5772558896967,1563.1087562142081,1569.747829441831,1598.3541415446236,1955.9407576112628,2228.884621920604,1682.8110149719164,1561.2236134906357,1567.2837308110238,1561.8261646116748,1561.216770840065,1596.2035683632218,1777.5660215235869,1724.7292856810325,1774.1854307362732,1760.8285774926449,1920.1425634389104,1925.8864324612912,1625.2364674182338,1361.9173433005428,1454.0623430685544,1321.963798857884,1452.5974148141672,1471.3808475467797,1622.5530922400292,1301.9570856374173,1349.9645520677332,2880.5381047196092,3385.650155950383,2285.4528526462923,797.7147559092181,1130.0686088175144,966.7717048930555,2475.0582220260826,2105.7512774907896,2198.8442753021654,2992.731782122887,2574.6336482675165,2112.558648196993,2103.5267806439374,1811.7007665070525,2015.7504147879479,1584.1245555927933,3259.829362581182,3259.413017536337,2234.2444278052053,1281.2138176187102,1283.255686631787,1280.6535307765732,1305.6166040296314,669.7722698781299,671.3108733563754,965.7791419251655,983.7996379023538,916.6718054921162,970.4918660496004,1017.7204207436976,763.2529145966503,944.5275213629036,950.4883781306387,886.9919724226487,2013.579459784184,2097.6431943974994,1766.9996128072014,1973.3072719902366,2592.9419257104178,2596.3619818841244,2595.841579142943,2747.5041229872318,2879.24738465074,2451.2255196144874,2538.133781399319,2585.3589218829243,2592.9923246861918,2232.003568971102,2076.4689260639166,2398.875622341385,3825.149300712393,2413.00392329704,1367.5908781197115,1292.6904956498138,1144.704939930183,1385.0863973479093,1363.270838683719,1374.1165902443,1368.574039645736,1382.4148671763514,1375.2435964225158,1842.7202472527274,1905.0400614159778,1872.931640137015,1942.5317546583703,1888.5693672246764,1922.0291436325103,2022.0161329645923,1885.9954583409979,1879.4442138625382,1911.8648891452733,1892.6456312368532,2589.7273150777637,1241.0025878271258,1243.7774708408235,1100.514888713824,1232.612898690283,1202.1704561341576,1166.9577215537977,824.410454781765,1249.6566360482534,1203.4270477263062,885.2569682715796,997.2621237387983,963.3249453707213,1096.643630301852,1236.4604705461516,1190.1014407753796,984.4814611059543,972.6785639702291,1010.7287779205633,1278.677392670427,1236.3749439907776,1185.786355805103,849.7770676720314,1231.88698097932,1085.3739016535396,954.9925252787466,871.0944637374922,703.1937429426855,1456.6462094500846
19,1656.2228716662135,1482.7318933040335,1571.3996140506295,1438.7958363121336,1640.2812000163474,1952.5030827980959,1701.716248620778,2854.919310982426,1327.4916799314215,1297.1916554976533,1297.1916554976533,885.0196246312214,957.5591690620405,878.3560917973986,872.5667614913998,1047.5267222153077,871.1393231630407,87.90809037449431,1683.3555077763694,0.0,15.040560058121061,13.330888969053706,1892.0084394184435,1905.7864228693006,1935.2742770180637,2068.6257632845227,2283.3444587195386,1738.6857553542764,1902.1877600972348,1898.6163921408424,1891.628232907201,1880.702899919671,1099.1154797125293,1625.4995419282243,1620.5956338316262,1610.7897188975062,1463.8752629158507,1583.197449284069,1623.3094350744077,1506.2526702210998,1154.99582981322,1264.6121251056836,1269.1684114102763,1494.011251599383,1375.79195227364,1534.2175590259224,1088.3194904007094,1142.1768395776505,3423.173986227369,2473.865277481217,1459.8549019352047,2400.882835923419,2226.792443074869,2010.3870489533206,2083.289793929057,1930.8161795505234,1849.1589685826948,2582.657206216713,2199.784215557984,1912.7758861213426,2026.823317579693,365.10194479093576,617.238950206497,1655.4476534727078,2801.72416433536,2800.2648693045953,2166.689065458372,1491.1375610910306,1503.8874161849265,1503.3358445775953,1422.969054706414,1014.829120250485,1062.2133981747666,804.9115646481848,744.5547653880558,776.7251458087705,771.5643024619774,764.8043534315301,1070.0139510582121,802.4171220877126,804.7678642297305,826.2169342094036,793.7672993564573,1166.4657534196401,987.2965163007011,914.4310358741357,3351.8741207647636,3355.6135222832404,3349.8779865246524,1623.4437576432192,1758.3546862113376,1473.0067308497567,1623.7341693007327,906.5955186771743,1736.059465434482,1709.6039492182972,2893.1990433989076,2925.540247058536,4662.1273850305715,2940.037956077794,389.71872586659055,466.39073717563775,777.7071686510112,384.65540195089847,386.5638835189665,385.3203510095788,394.25646918687835,382.41118517315374,383.35958178187434,1785.9920087680096,1852.8473252204758,1837.685280093897,1972.6513068074319,1762.3217577603477,1921.407001691749,1875.672256085945,1748.2017652306938,1822.2568635951784,1788.6435164066174,1768.2621924466764,1148.6950616135257,1773.6947335194297,1875.8279488465114,1833.7077093952173,1819.4963993055414,1940.8325347852583,1745.5641045702205,1735.062072173562,1817.121628671557,1853.97848282637,1862.9369425281595,1665.2099616538108,1727.1560291324927,1780.8060915915964,1809.195769688438,1796.7611928827741,1780.85164329001,1769.362669872359,1750.6427915780207,1920.0533857760454,1835.0077334193238,1839.537746334456,1648.6829739814766,1851.765496192497,1837.291466794841,1689.4553777269903,1936.6012329914577,1755.449303331813,2089.5318876762826
20,1659.3192115984068,1486.4891700446055,1575.7683431357284,1441.0582755220717,1650.4750873402743,1948.969241106106,1703.4505738741254,2846.606380028943,1329.9601385473547,1301.6939966813334,1301.6939966813334,895.4030956220017,969.306998708141,888.8139807522155,882.8567509325298,1059.0079483261757,881.5234478021716,84.14291932762679,1698.3705897411744,15.040560058121061,0.0,14.05500260008927,1901.9703245746916,1915.7531133586792,1945.1511868373893,2076.3622423434963,2290.0054699191787,1747.1114051051518,1912.2012156305295,1908.5734698592728,1901.5978103022394,1890.635898676839,1105.9681016902698,1632.5674509510088,1628.1378506390863,1617.8197156445126,1470.3374647542903,1588.6038425730148,1628.8854222821615,1514.2440484414622,1164.6155505773083,1273.4939842722101,1279.2986718643454,1503.4920348132584,1384.7834724399108,1542.3416537714272,1098.5094537710613,1151.9051534353391,3431.8317972627556,2469.9798816319103,1459.8663686663992,2415.5124947801323,2240.2339723794285,2023.9535307667256,2086.240073379647,1936.4321332092793,1853.3083614456668,2584.2499684400245,2202.5935066228017,1918.2141782627655,2033.0430040292433,362.3633635332586,612.0154930689124,1664.3648449179364,2802.435141853032,2800.9673721516583,2172.580016357123,1501.953912412322,1514.7133558215376,1514.1795771512707,1433.4751350574024,1029.8097796809684,1077.1216771219626,819.3355671307623,759.282405096243,791.7386432969791,786.1964971997173,779.0380476712943,1084.4595706387747,816.5401208500814,819.3266891276219,840.7857292034729,791.3636109315493,1166.5305951616012,991.2641057325405,914.2422023889101,3362.1346908653218,3365.8727232994042,3360.107364298604,1618.4557961267822,1753.059379311307,1470.748525795356,1621.8302494207455,891.8090318215815,1734.5615453172163,1712.3831966499783,2904.3165522240934,2934.677498552741,4672.03443174181,2949.157861944523,402.9980398543141,480.0402567959294,790.4388901089543,397.54986783073423,400.02966757088666,398.5116263161579,407.4140082239187,395.4292197894601,396.5611064106768,1793.2442780189524,1859.8830848757198,1844.929473585297,1979.9921640370212,1769.0304552941298,1928.65404264806,1881.755165673634,1754.8599437645855,1829.363178962276,1795.2745000399937,1774.9641640300558,1139.4305584064418,1785.39194737756,1887.7673379137423,1846.3064213514683,1831.3549654789224,1953.1658573377993,1757.6242025849815,1748.7231519252143,1828.8760247425005,1866.0853029028592,1876.5413155209715,1678.028123903751,1740.2226692414845,1793.3161817143666,1821.0066585351844,1808.8051406317811,1793.9051037588497,1782.4509792504539,1763.5239120270155,1931.9168579303066,1846.8837555665373,1851.7055445404,1662.1563057816145,1863.70933563202,1849.9727273269693,1702.508576943433,1950.383725383513,1769.553428884709,2100.9015876569674
21,1668.806896077741,1495.499659839509,1584.3181401443212,1451.1106050668948,1653.3463381067377,1961.9885860068161,1713.8459933897877,2860.6514986025945,1339.8743948028416,1310.137718422999,1310.137718422999,898.0472835507718,970.0884153905746,891.3642442414733,885.61839599145,1060.1754479070187,884.1671588488101,96.97133743112927,1689.5772558896967,13.330888969053706,14.05500260008927,0.0,1905.1244049429458,1918.9013072996568,1948.4075885784914,2081.956577848586,2296.6278773197946,1751.9997705736494,1915.2926150868657,1911.7333420201041,1904.7425704848254,1893.82497446023,1112.4107167490888,1638.8101329166427,1633.9240689207563,1624.0981338326258,1477.1387229424006,1596.3211003304184,1636.4606244406245,1519.581994074547,1168.1818547038877,1277.893845010473,1282.2516768470432,1507.2173235151045,1389.0622340653176,1547.5439991417197,1101.3911660534825,1155.343963795051,3436.47128216882,2483.1255391015347,1471.2709777223117,2404.9262535058106,2238.0737049150393,2021.5347288222895,2095.832646880137,1943.9748126668621,1862.0279807887425,2594.739645829105,2212.2840884597467,1925.9063157139044,2040.062771063722,375.01894515103453,625.5430145218223,1668.7244965362179,2813.456269998487,2811.9934035086685,2179.887974296823,1504.0292709834498,1516.7758723441846,1516.2184824636488,1435.9551048919782,1020.7058791252226,1070.5864597842526,814.8032822866911,753.6754639267052,784.3421671037855,780.963259570517,775.0647728364189,1079.8415098635562,804.9927675828039,814.3534359176848,830.0918521396993,803.9198938939707,1177.901196323823,1000.1114943937457,925.7431573063467,3364.916913413298,3368.6566509546847,3362.9285356822697,1631.9391096584714,1766.6265015340769,1483.2587044421196,1634.1868571516081,902.0092739968479,1746.7333962158148,1722.0912344981682,2905.9771939967904,2938.7903212678584,4675.249395183342,2953.2901242736884,401.26146547102957,477.52548392209377,789.6531428867816,396.53094989728413,397.9222157287289,396.945839683013,405.90967801045343,394.18769095647474,394.97635357811845,1799.3117370427804,1866.156469548287,1851.004728403936,1985.9745573311538,1775.6081735331793,1934.7266528808782,1888.8951308448984,1761.4839831501383,1835.5698190515668,1801.923512652305,1781.5480771684347,1153.475882279517,1786.233061429896,1888.2431054651088,1845.7193694588552,1831.9542899779792,1953.019444500829,1757.9149568849139,1746.1044508306968,1829.631800467521,1866.3017796604533,1874.0435376601185,1677.0617588087268,1738.8025676954942,1792.8795929707317,1821.6779684458659,1809.1204470513514,1792.5088257028517,1780.989594276826,1762.4437439020144,1932.507778931256,1847.4564814843707,1851.8260091326097,1659.938443422771,1864.1785295514137,1849.243901461488,1701.11417991746,1947.4908596299722,1765.884319017342,2102.2140819192623
22,926.4280779838289,878.157790023815,795.9673599815354,1031.2030491989876,254.20958978120638,1757.9906682653384,1081.1782663865342,2950.4823151297146,1037.224115316435,881.5576810268475,881.5576810268475,1007.9846418130751,961.7467567840719,1015.0581461113325,1019.9882970183951,867.6851632921943,1021.8341440262857,1850.4104083961608,1563.1087562142081,1892.0084394184435,1901.9703245746916,1905.1244049429458,0.0,13.803650149715892,45.49706203383208,398.56135864815025,666.7302708013619,278.3408710610571,13.34146267889926,6.653677332463683,1.3304945268733943,12.284760570345021,871.7232951761648,486.90968839328985,438.76025002061124,497.7188087467908,629.6738431752531,682.3480240166588,652.9106202540885,473.77446869753254,738.5044265837482,643.7138074952675,623.1902931769481,404.3232484193296,533.5667253641608,442.1760788729595,804.1102057894259,750.5551177998625,1554.9018030689033,2097.7281718086483,1244.9411943157127,2228.7270667475946,838.1227515683541,775.7434589854889,1036.4819089231273,642.0080331480693,815.9816748476521,1489.174968641589,1107.6734173551133,661.8194207336364,588.1079930177827,1696.5792027573277,1692.8550727486208,284.0141963461701,1752.4907318029805,1752.4480273187257,694.5024094609762,421.3074067595212,409.87289428328853,411.3109276899301,475.6129445062421,1524.4628087095068,1289.0271435896834,1281.1481988252349,1368.9651621021667,1450.39598735718,1335.211892868521,1282.743313783283,1138.6968884266114,1765.8507568365492,1302.7560897134458,1684.2967769354186,1519.8810254454286,1270.2445396845108,1097.027247861534,1361.4462573541323,1461.5068587010974,1465.2295979001638,1459.1985777121545,1780.6942244464499,1868.7275033365813,1465.0427006046475,1459.0125879416464,2478.4899650816974,1445.122886611343,964.0137079254599,1031.8308610996426,1045.9940501365822,2770.131887138085,1060.8898365563941,1531.912628462245,1475.5800873969386,1165.126778025249,1528.5027770656864,1539.422248871705,1533.875990148715,1524.9974598280646,1532.9223980615834,1535.8847647628277,414.5570206487155,439.5542964599559,410.9025738319538,415.05079550746393,488.9255554179495,416.5357156710397,570.4113069558963,497.54764339589923,430.3952258694747,496.002631049634,488.9743843487179,2019.6264142489736,324.43354508697684,359.36487759732114,497.36223060520564,345.227031168115,451.3352548713653,398.07906833006126,755.759250823794,325.6071496364417,392.9063379251638,749.8502006110574,565.8797791320314,608.0878531372967,480.5939403580696,337.5217013122398,384.2731149826127,601.4124182382742,610.0002515751955,563.807706115352,348.8370166109876,347.1399334036154,405.54997400046085,713.9825059617592,359.8513666876018,515.8341118677538,610.4081879585223,817.9688354675176,889.5544946458538,327.71905265458076
23,933.8271491445504,887.7290631889907,804.6506221026917,1040.909249412654,267.7734681723232,1764.5621653789262,1088.1457406593656,2956.1212819754896,1047.9395974237168,893.1082130054608,893.1082130054608,1021.7308956693115,975.1889780719449,1028.7973215731772,1033.7443595264817,881.1193469967393,1035.5815247765333,1864.2115289777503,1569.747829441831,1905.7864228693006,1915.7531133586792,1918.9013072996568,13.803650149715892,0.0,33.07162502972976,394.59104869562236,661.0398383963903,287.4841480408377,8.600109579814669,7.3517049199742805,14.164969733965151,25.71464738056693,885.0680841059976,496.41628454341713,448.9555145426223,507.4426775982262,640.8403031383958,691.2726998579116,661.3027394180929,486.0399520737222,752.307216236116,657.4145838671279,636.9407280781387,418.06482083217577,547.2050666416366,454.36136259015177,817.8638020116382,764.3538655985916,1541.6968721748597,2101.605722322998,1254.3262842053853,2232.2936803956045,834.3787788500678,775.5948510056807,1038.4049746883177,644.4190556790427,820.5048988458396,1487.7788171865502,1108.3765304566743,664.6979984211237,587.9182122509782,1710.2948618867163,1706.1589162495784,296.30539988585355,1750.69729740785,1750.671345058004,692.0667185456675,434.35168517917947,422.8543775907839,424.2676554214907,489.13319126672553,1535.6211478507335,1300.1721741674069,1293.8582223718272,1381.7135749799868,1462.8156695651987,1347.9240487266668,1295.661426649358,1150.1972599711196,1777.9496982793362,1315.3961364300087,1696.2977354580446,1532.8070235047994,1281.716691271475,1109.9973072850764,1374.106222467495,1447.7032180088074,1451.4259522237955,1445.3951054635118,1789.6912896508704,1877.0785307460399,1474.4742119188822,1467.316524625703,2491.8121811201013,1452.4792152592402,970.7580784259735,1018.4270805167652,1032.6323819222862,2756.3583396461486,1047.5355249884817,1545.5629841513646,1489.141600801775,1178.50815408277,1542.1799345251516,1553.0613867735065,1547.5346773374697,1538.6534800426082,1546.593358708232,1549.5438581042142,420.4294545050002,443.3512933167807,415.18209422656514,414.85358656815686,495.1256943537602,418.0968596270646,573.8094015988142,504.0654818511548,435.11931560452456,501.51201193980995,495.02349490132286,2031.4758680613604,329.9411758183901,360.67912797861595,500.0777328174498,348.73958108093234,450.786372643437,403.81348565719446,760.5193912854623,329.3351260408124,395.02506664252854,752.3350409630623,572.4968021139117,613.1874419538789,484.78087991259974,341.48544888024287,388.39643546701063,605.3656424981447,614.1950857275486,568.5048680842747,348.38192081157956,350.041859075917,408.1481186643148,720.2940499395932,362.07970645663636,518.4576175768949,616.2897798572494,819.381652681653,894.0632799118753,319.63526092748265
24,935.6468358763633,896.0777494855828,810.332721609823,1049.5792624316646,299.02845185217524,1763.710369968797,1088.6468810474619,2952.6070642304467,1059.9901487500001,908.304475966678,908.304475966678,1051.6936702671192,1006.7666098445002,1058.8340155208468,1063.5932246084992,912.7247284206612,1065.5307953678073,1893.0560342394629,1598.3541415446236,1935.2742770180637,1945.1511868373893,1948.4075885784914,45.49706203383208,33.07162502972976,0.0,371.3501571898773,634.4320138153481,296.07616415695384,40.19792468036772,38.99928837952116,46.27017107394791,55.33694879575062,908.6243304718446,505.1517918016601,460.02833697756597,516.8341174495636,654.8504446940035,697.828001131236,666.3082804085531,504.5552498016907,781.126142476264,683.9318034670439,666.9083717636878,445.25516021644063,573.1497068618187,472.60854477006677,847.7650845863042,793.4113394830587,1509.5735800294108,2093.7679144177578,1261.8608592286744,2256.0994296071412,843.7249254390488,792.8947858346529,1026.341466266076,633.8906293071714,814.8159804378668,1468.500857281186,1093.574443956616,655.2291946824913,571.7203185884679,1736.7952401099417,1729.2818371246449,315.50197926859977,1730.5888315383033,1730.595229942577,671.1832790381304,466.7704247428362,455.355338045157,456.7985919706901,520.4869327940914,1568.5545703529926,1333.102714808111,1326.6330832833514,1414.4564577082956,1495.7709668136222,1380.6972563750546,1328.2338253693629,1183.2313470739616,1811.0025516098442,1348.2240691271509,1729.3631343687975,1553.7959951350897,1296.4277682899112,1131.312800456693,1393.8005711269889,1419.361448307503,1423.0775979277394,1416.946045485246,1795.8462036663457,1881.2559571253323,1482.073874875791,1471.4633575240036,2514.9920211067333,1453.8930327627463,970.7291061274324,995.1215349069237,1000.8809144702899,2726.8842784539947,1015.7637598653771,1576.2506691925764,1520.2752609162112,1210.2550026772249,1572.6985066779066,1583.8137619854228,1578.1719955177562,1569.3073527640306,1577.1529096031682,1580.17861953448,419.0798959079722,436.6458651164391,409.78268373778565,399.0923558302334,494.3723764864496,406.21299649877307,565.7533294987301,504.1371894500772,430.7504756372101,498.9224933959687,493.8692015751914,2047.514466925388,357.6075914916464,381.57266090658845,523.0857491268173,373.40804505066353,467.81861281146274,431.6447976163076,786.5927278411513,354.40323610392466,417.23541443772365,774.6456205247156,601.3288103610997,639.8748436303093,510.22072846162035,366.8801957216973,413.9148264767041,630.2881145574659,639.4940071984663,594.62801590846,365.97400162582875,373.7185415067977,431.1481488601875,748.6373994314968,384.5818337652383,541.2770227677618,644.1011629706959,839.6854012648294,919.6780338949402,318.9037113003873
25,734.2080672480051,769.7338672449483,662.9322511795161,914.4642715893132,566.1755197326007,1507.3684452090122,864.0665032956761,2664.990627909815,963.5610819409981,862.5650162523203,862.5650162523203,1219.3415789927008,1215.1602556801872,1227.754981317795,1228.274843053254,1125.977751033805,1232.2695349448009,2013.3072067852272,1955.9407576112628,2068.6257632845227,2076.3622423434963,2081.956577848586,398.56135864815025,394.59104869562236,371.3501571898773,0.0,275.89302608817957,344.9444735626148,403.150866549104,395.4908717813653,399.88767198673537,398.3674175041083,975.1689110352885,453.01592212528516,448.9507514577797,468.4050363504101,627.6193672709188,576.066570982214,532.4708007651702,563.3206586325796,942.6378102386312,816.7189064772159,859.6104485621198,624.4215154568042,712.2874329401519,536.8851961311888,1025.1538913202392,958.3142149550171,1368.1493324084047,1779.9232713846625,1102.3286046499459,2626.8648553157864,1189.8804430004288,1160.1506360711842,697.0958098977779,339.7525388481714,548.1253389036729,1101.6254674240217,746.4172083350362,368.59414036061696,233.51186792947905,1815.36745336808,1752.5060198648202,447.18805260785376,1361.6752844200662,1361.741173945298,302.71178678172595,733.905162014842,726.1271866326332,728.3640741778331,755.8537123708455,1861.0192428969144,1628.1883494421998,1570.2005990321284,1654.5840541036312,1749.066666266299,1623.1483966715207,1561.4755161436105,1471.234691483651,2072.9211918010874,1594.561889881203,1995.5276797513145,1550.238608842446,1219.1741700686255,1150.2578124609824,1377.6045043425866,1392.8536655900812,1396.2886902579748,1388.1593558491786,1605.7190261230003,1669.683829261497,1315.0327523771489,1268.5964582112563,2525.503868620357,1224.630117515539,747.7774995805785,1079.682372293506,899.2884179137841,2648.8624370060347,912.2741222334332,1744.4923717689067,1701.343980391959,1416.5726594945234,1736.8137114646022,1753.5339049940983,1745.1097772790788,1736.848165193491,1742.180919760642,1747.0099534143917,291.513504422546,239.53262572563375,242.31532306853535,113.61601350164155,340.14460546217555,164.87412845564424,308.84603303472323,355.6931575760743,263.37432320819227,322.37416141121827,335.31880772666256,1965.355889435309,722.3833294290281,752.8367960546506,894.2231237877262,743.3304468105432,835.9407269602574,795.5546566144386,1154.1585312147447,723.8949992907887,788.5537275031912,1145.987405722443,960.6090554769975,1006.2214169849833,879.1344973847202,735.9604207290391,782.7866956940538,999.8738761472689,1008.5487821444461,962.2812069141709,735.2907121861933,744.4535474482117,802.2596576844774,1109.3462620915611,755.8340029497945,912.4865374449114,1007.182807391968,1210.3758961882309,1288.075434675272,646.4234953644944
26,791.654688526983,885.0833609672386,776.1200601606305,1009.1515124396667,841.1868908166168,1456.3760391159458,883.9615488859895,2558.2240134066883,1082.5816420375797,1021.756091923431,1021.756091923431,1460.4181380598422,1469.360701805221,1469.1057683291847,1468.131681880395,1382.8995921974315,1472.7692640295418,2222.491632922439,2228.884621920604,2283.3444587195386,2290.0054699191787,2296.6278773197946,666.7302708013619,661.0398383963903,634.4320138153481,275.89302608817957,0.0,605.5947657475384,669.6322772666264,662.9242952039243,668.0328506643134,668.0046168954391,1184.3559830570482,660.1797933330229,674.2228225062718,674.3928396145807,820.0038485742907,721.3126379592189,677.3954641714624,798.3139698684153,1188.58108680929,1058.3416102281683,1116.6873810420818,886.6693919110782,960.7957859019474,776.3902660537661,1273.7114430803379,1204.8340521602693,1215.2003415571942,1651.5980229235904,1163.6413801615367,2887.4340217693994,1410.0974751344772,1405.5397899851882,593.5348182157117,386.45922718955427,566.308748922851,884.1653640159325,599.8334241085942,413.64337166895945,265.75805889157346,2006.7341660301474,1914.9759182472487,711.5531495509938,1132.4436637700148,1132.7721164104428,169.7561915311969,1006.9471309318899,999.629830345421,1001.921412560815,1024.2373337732995,2132.1687579829695,1900.3315201939936,1830.8502445551583,1913.69882167476,2011.3518655867658,1883.1337427165843,1819.2451419259912,1742.5920054350304,2336.2508581590428,1855.8146323593826,2260.2658799865167,1701.9087474918774,1336.1017059953276,1328.4394522193263,1527.0735767102428,1325.1687531529753,1328.2350017298497,1318.9820232323257,1617.8013845504825,1659.7958815269342,1358.575918834542,1282.0063562461637,2668.417930672098,1214.136147627528,782.3385638152744,1113.2593907900198,807.6277038012192,2514.9057759092466,817.725194402775,1977.8368897457842,1940.1704646052237,1667.4835116199752,1968.587513933858,1987.3667170729339,1977.9247645495802,1969.9998200284547,1974.2607816700663,1979.7604001609766,504.82432582819325,434.02632125000565,454.01680493377245,328.143872273863,521.0488320137863,372.8083184034758,417.0142415789538,535.1474090510765,465.69516363870065,494.73862762162094,515.0999122785506,2055.183161673322,990.9587371734843,1011.1489602233682,1155.1877851876886,1007.5712358852425,1085.9417066500532,1064.751003851786,1421.0243381601013,988.7430438004948,1048.6942636684043,1404.4045952437243,1232.1463643506495,1274.1143518629244,1144.5897606031945,1001.2867850392291,1048.3272315924196,1264.3427604152089,1273.7636113199858,1229.0497150887666,988.5269271346579,1007.1891827252743,1063.6444493261106,1380.5354031259228,1016.6844729342682,1173.0067539082063,1277.1354514526931,1463.4093625762305,1554.0161283461607,871.0304224233168
27,652.3029200951404,600.4313415524388,517.8441644139116,753.7811990242263,269.24714816195575,1487.0581363976733,808.9847167925939,2684.5763006254083,764.9245064450781,618.9942992907338,618.9942992907338,877.4433902956807,870.2247150287909,885.711149152825,886.8984405315077,781.2853949243391,890.5851153587071,1687.420276797176,1682.8110149719164,1738.6857553542764,1747.1114051051518,1751.9997705736494,278.3408710610571,287.4841480408377,296.07616415695384,344.9444735626148,605.5947657475384,0.0,291.37157525588646,281.7452001719036,279.1335283482217,267.7857133912914,661.804241159419,209.19357174424525,165.3559657888933,220.7587932026644,364.2577789689489,404.0315327945076,375.4527123294345,239.1351681116354,599.6715715900947,476.9916899372017,514.7954382218796,281.2774905464431,369.4756405880192,208.28218330428504,681.0465363257222,615.0571415286713,1685.2033333502727,1847.4418678917243,966.858926116689,2397.9104855663973,1097.8569244595615,1006.6094280916535,816.4120597574718,427.9481971327029,566.8741320887077,1312.8726582986553,904.039626073896,439.42557218053315,423.6854755029572,1505.0288717840776,1470.3145845151041,106.80906916365149,1579.941013610334,1579.6184404445778,563.1119062733269,413.1758829868361,408.0299171384558,410.5255235513319,420.36528377837675,1528.9328511820338,1298.775906090495,1226.8708636822844,1310.6805101651387,1406.6302794855383,1279.555855895566,1217.1419764265358,1140.0766687210496,1731.1986302739144,1251.5253585220746,1654.8250385801152,1283.25757322219,1004.9352659999316,865.3958966941194,1117.7800315664006,1655.5969000299224,1659.2203128219496,1652.1402495437128,1502.3537254642742,1590.947048197581,1187.0223499071974,1181.3692400902241,2253.91111640915,1170.5065069519605,693.5118245501242,1267.8950874542252,1194.1999324937854,2944.2208338421588,1208.2979526749127,1404.7186862314404,1359.2820582125782,1071.720952591668,1397.8304242667778,1413.5089957686307,1405.590054939649,1397.1847409444342,1403.030538405141,1407.517170115084,166.15233417913137,222.43590535584326,190.1954231117978,280.21160218850247,230.1147551074478,246.38175805155046,345.6621855177947,234.7031163710044,198.57141205426328,245.6252203851069,232.00839916697703,1758.0218617426135,514.9252745952666,590.3684983234974,706.4047038841717,556.2300144262838,693.5870713899637,576.8427179948726,926.296277011111,536.2796428966651,614.3280474796436,951.9883363785027,716.3595083250757,780.0983031778295,672.9512509534233,544.4476288717132,584.9084649485947,789.9883922042749,794.884798624623,744.1252503219114,594.4665330131652,564.2324057017493,621.3124715071798,861.0084047699141,582.4985705641765,724.9804213749928,770.1577798267851,1031.3333690690204,1059.6714750616952,605.7633113145837
28,938.8911984121326,891.3178083799081,808.8900965380307,1044.3930500640204,263.3448865861481,1770.1033834582245,1093.4619538081977,2962.145145455968,1050.5537826422608,894.8753307105052,894.8753307105052,1017.9143391528636,970.3538854409173,1024.9386657916152,1029.9901497989567,876.2702806652444,1031.7714189067424,1860.9423009856212,1561.2236134906357,1902.1877600972348,1912.2012156305295,1915.2926150868657,13.34146267889926,8.600109579814669,40.19792468036772,403.150866549104,669.6322772666264,291.37157525588646,0.0,10.073798328506768,12.862828312469913,25.33059123199468,884.110571513129,500.04724027226547,452.02839546232906,510.9043640951487,643.0147703235704,695.3402012409867,665.7363015492402,486.9487635264861,749.1275276250716,655.3224464219664,633.1708071242585,415.77313848084697,545.3928651484828,455.37686266068323,814.1021224697678,761.0509869474027,1547.0506347592443,2108.4023034303927,1258.0614852723563,2223.744545813709,827.4949982644823,767.5983537672064,1045.8801901020304,651.7258826227015,827.0195324267333,1496.0548783333072,1116.1992253811354,671.8461999135527,595.9416620051259,1708.100206244685,1705.2864032149141,297.1919499927083,1759.0387520899783,1759.0102360693593,700.4883569447718,428.8553634463969,417.27147644912554,418.65057798593404,484.52387166455765,1528.3923751001792,1292.9393860404514,1287.8759058362966,1375.7739258608226,1456.5243936201346,1341.9430443041826,1289.9340833494466,1143.1841143118022,1771.3661393966404,1309.3349547487855,1689.6353961345806,1532.6932496643437,1283.5687086344221,1109.8088334186868,1374.4337744336708,1450.8490564517815,1454.5746691002332,1448.591103638528,1793.7169073935797,1881.5528300934525,1478.1750613871473,1471.8200152188374,2490.892701941796,1457.5749503129584,976.1965400888017,1019.5777942490017,1037.7106602771828,2760.025146231286,1052.6280266442782,1541.2965401060335,1484.5932941794963,1173.535306213516,1538.0158425458208,1548.754894801014,1543.2988944006975,1534.4079070736705,1542.4045847167233,1545.309564902008,426.29774085351545,450.14181236083454,421.77434830693716,422.8669472773502,500.8352631186836,425.6532409771217,580.7639230091271,509.60907829892665,441.524459484318,507.5647151680113,500.81022826768776,2032.8968064588585,321.3552695131702,352.3717048917397,491.5913423809439,340.18047339351085,442.8691163234806,395.23554647355184,751.919947829628,320.7627354646249,386.6029202734163,743.8800993382662,563.9791794599333,604.5884362635151,476.1922417906535,332.90244904818616,379.808496562197,596.7878701110435,605.6074436392039,559.9056530843267,340.4304421392128,341.53027155693576,399.67017799813124,711.7469706188392,353.6413990385184,509.98158189857804,607.7157453118501,811.0782443466863,885.4678812119445,314.9345670996943
29,928.9212591641042,881.8319086707618,799.1490628334108,1034.954823669016,260.86272598675146,1760.0575385603897,1083.4460708241365,2952.071349774059,1041.5526087037179,886.3813881703927,886.3813881703927,1014.6133929708878,968.3914173041841,1021.6899499499343,1026.6121049783906,874.3288595956539,1028.4623653484407,1856.9799264980768,1567.2837308110238,1898.6163921408424,1908.5734698592728,1911.7333420201041,6.653677332463683,7.3517049199742805,38.99928837952116,395.4908717813653,662.9242952039243,281.7452001719036,10.073798328506768,0.0,7.28427692634905,18.362959067322354,877.7497984429224,490.53648524672934,442.77512284948,501.4683561225392,634.2628440351688,685.659201742579,655.9297149534777,479.0404084619075,745.0658714499541,650.0690363805423,629.8173778331101,410.7305546989141,539.8536385685402,447.38962605993487,810.7354867240466,757.1329323124465,1548.2927402459127,2098.422275742697,1248.5156606849434,2231.5520028284595,837.4589955067186,776.8251768224595,1036.2005906391512,641.9513559378863,816.9839600224163,1487.3205458806542,1106.8045323279318,661.9938940662553,586.7950616572263,1702.9520388736921,1698.8496565877763,289.2906770616748,1750.4543354250993,1750.4193852400833,692.1499264037465,427.87757646806074,416.4278728474612,417.85980665057,482.2641987726204,1530.4471356876095,1295.00577442933,1287.6363375914652,1375.4639019506758,1456.8008410730145,1341.7007083016858,1289.2860931607524,1144.8004801037432,1772.1565811639025,1309.2248078664873,1690.5708420580481,1525.5958449308762,1275.0230963651538,1102.7726998334122,1366.9776789767345,1454.9610090391336,1458.6833124287248,1452.6454208325542,1784.0575465179245,1871.7392528607634,1468.6445057585186,1461.9965866775733,2484.4992543279523,1447.6000044980797,966.1623493481753,1025.754673797631,1039.358393047234,2763.5205971659034,1054.2552359319643,1538.5635423549659,1482.233451498361,1171.7639211441438,1535.1504350503765,1546.0740981683364,1540.5260559021424,1531.647812881607,1539.570950849985,1542.5347854164193,416.2255935384633,440.16846630817986,411.7560224370378,413.7174738810948,490.77132873402985,416.04486004469976,570.8378217852668,499.5599471139849,431.47623768877634,497.49148296261416,490.74163259921505,2024.6376652151391,328.0703418289081,361.10046744608246,499.764468733907,347.973440048667,452.2041838401401,401.8267196562788,759.1002087641992,328.44755575296017,395.02147178805615,752.1619714301494,570.0250442828957,611.5727881223193,483.6627919265079,340.47115594765677,387.3022507943857,604.3850670168412,613.0820447991359,567.1113156553771,349.73521259706826,349.6080086422427,407.8879972390031,718.0025737443544,362.01179953146226,518.1957675030014,614.2369615694926,819.7870472430499,892.7876810680101,324.7951529614297
30,927.3665190857196,878.889084840321,796.7924045877355,1031.9179817286142,253.6693028630717,1758.9896262910675,1082.149815857282,2951.5433962535976,1037.8122199952857,882.0207186695014,882.0207186695014,1007.5659330319471,961.1569666229334,1014.6324933700212,1019.5799840383521,867.0921826438579,1021.4165804290666,1850.0840781488675,1561.8261646116748,1891.628232907201,1901.5978103022394,1904.7425704848254,1.3304945268733943,14.164969733965151,46.27017107394791,399.88767198673537,668.0328506643134,279.1335283482217,12.862828312469913,7.28427692634905,0.0,12.501761083435223,871.7664006774311,487.65380437916025,439.42449860333807,498.43805524986607,630.2003701774715,683.1503195943698,653.7651961151619,474.11090711251234,738.1890422729183,643.5751030276277,622.775919855699,404.14969196947783,533.4726236519559,442.5295430718282,803.6991993873423,750.2195529626507,1555.5670758646443,2098.889046838695,1245.6910086342918,2227.3971536719946,836.9627866258826,774.4539165618157,1037.72620505602,643.2368142341127,817.1128761819879,1490.4954073405172,1108.9544370070412,663.029661435517,589.411101927485,1696.4263683239833,1692.9115242266935,284.35209867002146,1753.8152537287883,1753.772394280727,695.8317446026624,420.59375718961456,409.14362095704143,410.5757566778135,475.05402115600526,1523.453908269649,1288.0164380151045,1280.3629298568837,1368.187791244323,1449.5570721390998,1334.427125383788,1282.0025223769478,1137.7260377643784,1764.9607902757293,1301.9570960005162,1683.392381279769,1520.0555839403955,1270.7185342109487,1097.1906227037025,1361.6889977816352,1461.8078405030647,1465.5310496457098,1459.5076129396832,1781.4835340756222,1869.579779913189,1465.7866856269707,1459.8701749139834,2478.539058737672,1446.0624708587925,965.0027113853228,1031.8173781642392,1046.610300132847,2770.5187630488767,1061.508580627337,1531.4211564476068,1475.0412697754666,1164.5149317901605,1528.0283511948214,1538.924113695502,1533.389636750933,1524.509449754062,1532.4438747744834,1535.3986651824284,415.61427811145137,440.7270850868719,412.05226127812125,416.3553692827749,489.9589792076845,417.79642063738146,571.600261444626,498.55866872032186,431.5208013074389,497.0808312240839,490.0180136958276,2020.034406527823,323.1205622486035,358.0499116627375,496.03305482712,343.89659199917236,450.05819474295566,396.77105759514126,754.4375039881387,324.27704661145134,391.58150590105,748.5218652088198,564.5942316055753,606.7702168539338,479.266317635026,336.192430989622,382.9448150974039,600.0836296428799,608.672941472231,562.4848157270407,347.5591464895152,345.8103281131269,404.22158977744795,712.6894033070888,358.52576879503863,514.5053376033386,609.1045560427748,816.6504188971516,888.2302051541902,326.86447031631917
31,916.8442314808655,867.2267371087181,785.5702337078808,1020.188478905936,243.6968581507947,1748.9249265684837,1071.8723330245136,2942.0460601851346,1025.6785900060597,869.6422651261668,869.6422651261668,996.8383902015933,951.4303991168763,1003.9405216817412,1008.7995500960001,857.3898199226358,1010.6829627849016,1838.9126468227566,1561.216770840065,1880.702899919671,1890.635898676839,1893.82497446023,12.284760570345021,25.71464738056693,55.33694879575062,398.3674175041083,668.0046168954391,267.7857133912914,25.33059123199468,18.362959067322354,12.501761083435223,0.0,859.4773587912615,476.0572080741129,427.52571388209606,486.7381682872908,617.9311129513031,671.814500712016,642.7119652165662,461.6196301059392,726.9800495538484,631.7201849638855,612.0365525429002,392.41070437632624,521.4910474245686,430.046364569569,792.936684973642,739.098954980612,1564.816727765037,2090.6009717926036,1234.1015995998246,2229.7539504223637,845.3401728915076,780.145686656226,1030.94547501773,636.1598893165545,808.4543626973834,1486.377372882258,1103.1255423418625,655.5934826434642,584.4291563473038,1684.6093551820034,1680.5993727898333,271.8621219576017,1750.0250118259603,1749.9675794631776,692.7434412158285,411.8123317905085,400.4912736537203,401.9716794298327,465.1541643219423,1517.5674777814131,1282.159935313878,1272.1224542378231,1359.8763721602395,1441.8034628599016,1326.1809831073338,1273.383954010703,1131.3839217173986,1757.7075637477599,1293.8378966416353,1676.2911711886093,1507.5988770470042,1258.3550642474838,1084.7433662719359,1349.1939560503995,1473.1005851630498,1476.8218369776096,1470.7669286848372,1770.0692809852585,1858.4932458432672,1454.1708792858608,1448.817060328459,2466.238945925265,1435.538162538046,954.8693045411153,1044.0551588179699,1056.2128546197316,2781.4246887294694,1071.0938856149162,1521.080432856642,1464.980950677778,1154.9316665760273,1517.5917010029245,1528.6215103771174,1523.0198205657941,1514.1490978289567,1522.0300249538366,1525.0273955500186,406.15521403156083,432.70391136462223,403.69781066316364,411.4853861534154,480.25194676986143,411.4930826145528,563.8079017022102,488.6448040723198,422.83861312939604,487.8273811500128,480.40925161254864,2007.5898190546902,324.03352958959755,362.755522368916,499.406925241022,346.68715147712055,456.1983804427119,397.3694982961498,755.8092071832754,326.8962401309782,395.56285498324297,751.9958692697475,564.177384550845,607.8629728655105,481.3026008924039,338.57561642693554,385.1223548299202,602.2738146844398,610.6327451190981,563.9875063858403,353.7153591702648,349.15189223112725,407.7699180645799,712.5326244546211,362.4472005010074,517.9499449478079,609.4208876073151,821.0387339096519,889.8115357374978,338.0063031239966
32,659.3098857677646,473.5470183952476,525.5002150226726,524.4218525380621,652.5279092967423,1320.3773654303995,770.6419893272666,2489.9872346183633,433.1207899002178,281.320962687592,281.320962687592,354.70374191279427,453.1263310015781,363.18062763870574,354.3156592648978,424.27964127908973,361.50495173793786,1040.0237461296106,1596.2035683632218,1099.1154797125293,1105.9681016902698,1112.4107167490888,871.7232951761648,885.0680841059976,908.6243304718446,975.1689110352885,1184.3559830570482,661.804241159419,884.110571513129,877.7497984429224,871.7664006774311,859.4773587912615,0.0,526.9363163776044,526.4223676519531,512.0721561930682,366.3997104138695,502.75516953991985,538.0264012920743,422.7086960689793,254.52350659377552,249.9451702685778,356.54098787096984,477.393739229165,345.4352738780719,453.62635984622005,295.6637058413461,260.9497253303124,2340.4062640393213,1803.531945871544,689.7108328842758,2388.294550273481,1488.0551692952702,1316.1326754076183,1065.4099176574261,841.3208834557447,797.1940018799005,1601.2108364357855,1182.9083757248152,826.4085272521597,929.9839812603874,843.7824829554077,821.2280195262871,598.0169885334019,1851.158923743604,1850.1213757047224,1072.5662600604812,574.8500433931192,585.7615416012353,586.8852322829925,495.18019600679,1186.436547945671,1004.4813620402192,798.4121280223935,859.2567977482381,973.2703555195079,838.8223010070993,764.8821660301232,861.1633438384517,1283.4180087435611,825.49169612767,1224.3687502557611,658.0839394115499,527.9945679956478,242.05347051062398,516.4314761303935,2314.6974916660142,2318.3501973914877,2311.5034930642423,1169.4673547486532,1294.8534221911166,860.3835339193408,941.9577340198787,1606.7832257258865,1001.1983913915374,722.7930340409647,1903.4504573148704,1855.1393845477946,3605.959342632078,1869.1081381394395,809.5062175367514,785.5472441877081,585.2856524903564,797.5502951813411,819.8095612734345,808.5954746113284,801.4426516454474,803.666478627415,810.2807007650724,688.3615937278729,754.0832316147573,739.9464437417577,875.4475681664218,663.3081005980732,823.6141238065555,780.3849760576436,649.3032832840709,723.7724534175517,689.8082313495433,669.260029667981,1205.2397923697022,889.3460721042109,1001.5384138172384,1035.2145923256373,944.4071002362377,1098.495410585904,901.2278904353986,1103.7686656425287,932.4591167856106,998.9506932087615,1197.6348406766174,924.4104398603762,1006.8791305896525,980.2884820069686,930.8798205649783,943.0956225556947,1048.5593323061491,1043.9485398088352,1000.9806078452106,1033.6073965701676,959.6170704802772,992.6784073627807,1006.1196164170061,980.8283169938616,1048.0403038126,975.0875241252883,1288.8298645901616,1202.372835549963,1147.085814662624
33,457.55066773199866,391.3149217387542,312.6300837578126,544.5952264958436,412.99474789589425,1292.8039431612908,616.2605775872895,2494.5995048647865,558.5809199903508,424.01376055264825,424.01376055264825,807.3832269105214,834.5707105344654,816.2409370882406,814.005961740618,756.3669150197013,819.1353962859554,1566.9545262889362,1777.5660215235869,1625.4995419282243,1632.5674509510088,1638.8101329166427,486.90968839328985,496.41628454341713,505.1517918016601,453.01592212528516,660.1797933330229,209.19357174424525,500.04724027226547,490.53648524672934,487.65380437916025,476.0572080741129,526.9363163776044,0.0,58.23968063707591,15.423813673136546,176.0283944858682,197.90358208869745,176.08147634145902,161.9996019610024,545.8091918251242,413.2774126392775,502.55378054055535,325.05682135971426,335.40279814707804,156.5107574236026,632.9103612647891,562.5172105022586,1821.1586179418769,1677.0381512517038,758.045213052616,2520.986046711235,1291.5358678472528,1183.778670832252,697.8536299364487,357.19608890237123,422.24851580269143,1225.147563005248,800.7944491672074,353.92104581342,416.46363239152276,1363.041938370706,1302.3736117134197,238.29828924911104,1490.6658583272497,1490.0858904334195,563.98360940712,500.3964675381521,500.4913092568735,503.07819862934883,472.6609145251651,1543.5780702095583,1323.2701101805608,1204.8568680049596,1282.8671440848577,1387.5180321927126,1254.7534454101396,1186.487786111531,1163.7960571532374,1712.2444193734373,1231.0894071746618,1641.2223029659622,1104.8988753693102,803.5148437906862,698.2422143264012,934.7726788108257,1828.0215929144867,1831.5672574907585,1823.9760975389124,1294.3826095453217,1385.2500183121433,978.133161386467,976.3053498214714,2079.966899865526,971.4547171804359,505.57068659175826,1463.1236040620088,1347.424423654431,3099.2443213205124,1360.8364441068277,1318.6343474244907,1283.2781348773979,1023.9768561836531,1309.005654089327,1328.2941344341386,1318.5799402968762,1310.752947086146,1314.7415538261332,1320.3971472838605,162.2984253750001,227.37139925857454,213.49593340924287,349.214569730593,143.8718663824012,296.9442478603211,279.58958282426596,132.7336100527257,196.83981651451583,171.98714680155547,149.7995594814365,1557.4845812437827,688.4465254464201,776.7609241144471,878.7264900072317,735.7048889361603,882.2410346181256,741.1543357732711,1070.4025110118378,716.6410924654203,795.7430642334785,1113.6328872536944,858.116074895483,930.4037261837005,838.4515816873501,722.854667361992,758.5086275486773,948.8276114337597,951.5654714914878,900.3945269156828,786.892807333979,745.8472084931594,799.9514882393861,993.795551358806,765.6606572138959,896.7164962096749,914.2073737496063,1197.8776109314078,1199.723425338861,813.5131226112738
34,515.0295645006521,440.9616706044698,367.5436782213017,593.2236540245332,354.761087906229,1349.7861969289745,673.8142840829905,2551.986615439867,600.0197779248878,454.70337184270034,454.70337184270034,786.5753172651258,804.5287389027164,795.3106678162482,794.0710980142205,723.186405413124,798.8025392383427,1564.5060493106598,1724.7292856810325,1620.5956338316262,1628.1378506390863,1633.9240689207563,438.76025002061124,448.9555145426223,460.02833697756597,448.9507514577797,674.2228225062718,165.3559657888933,452.02839546232906,442.77512284948,439.42449860333807,427.52571388209606,526.4223676519531,58.23968063707591,0.0,63.17188359716837,200.30538735108607,252.983106323909,233.70968868952025,126.28252186913565,518.1483968779537,386.24641735584976,463.8728985021938,272.53052857252504,298.1682343585413,111.53220649276291,604.6472256512192,534.6974024483851,1814.5401703003813,1735.2494127829295,808.168464719357,2465.1990268777995,1235.4280890670288,1125.9037919115508,750.3582350308551,397.2474185567772,477.33574519206843,1273.8904884083204,851.1887647177512,397.2284961203366,442.5922700266301,1368.3589313496816,1318.7961510406572,181.00319711995195,1540.0186363354521,1539.4806993556451,590.691648289737,445.4704906512288,445.0590214391958,447.6562606427931,421.69629223691516,1504.122181161502,1281.4331825275465,1172.894256939203,1252.5132647548057,1355.2925696697853,1223.594474313641,1156.585596601486,1121.746243428198,1680.5240478458122,1198.8185423411755,1608.1394971645145,1126.3129592179862,839.7177569016746,713.17150500654,958.5355740436406,1807.2204795669506,1810.8024394057886,1803.4311413204323,1345.642498276108,1438.4981625143578,1027.8777633415111,1030.1426702988344,2099.754359086597,1027.5891163498402,563.6294666333201,1430.637546042181,1333.9534337087223,3086.198350595839,1347.6438492712643,1304.4326809818685,1265.9533345769394,997.9431922480347,1295.632088028049,1313.8456292755736,1304.663781436857,1296.6415102741628,1301.213556801562,1306.5188153957927,169.4101926605226,241.21263641041443,220.39686304823533,353.009959337793,176.2512836092962,303.2291757415967,316.17954041776073,168.90853618126033,209.20553374944913,203.7159048546879,181.63559651446806,1593.0513659522264,630.661820559783,719.9732535924671,820.7363065942183,678.2708213225993,825.6222706892485,682.9835635228285,1012.5804852416619,659.3071253858108,738.4049944587221,1055.3939159294146,800.263816338624,872.3011579072238,780.2711465368695,665.3521280164581,700.6585646946146,890.5927702819771,893.3486039335928,842.1746781816148,730.9939434989575,688.5869019051742,742.3819844020788,936.5313083635609,708.5251657239606,838.6939022733307,856.3014282020366,1139.6582903420194,1142.1678522436066,763.5181298043008
35,452.14295240134044,380.5119905428694,304.56192885454965,533.4893522971166,416.5667596362297,1286.6615910099908,610.9540661657959,2488.9825969978397,545.5200893759004,409.2827973909955,409.2827973909955,794.713021293582,823.6138858404894,803.5866226040083,801.1944108235228,746.1636530738961,806.3843108705652,1552.0642704672875,1774.1854307362732,1610.7897188975062,1617.8197156445126,1624.0981338326258,497.7188087467908,507.4426775982262,516.8341174495636,468.4050363504101,674.3928396145807,220.7587932026644,510.9043640951487,501.4683561225392,498.43805524986607,486.7381682872908,512.0721561930682,15.423813673136546,63.17188359716837,0.0,160.66098933055716,189.91524696051692,171.11618533524202,154.40338591660242,534.5696764520779,402.11159775765924,494.03418640921353,322.2861376749504,326.8612393280393,151.802575450951,621.7086945166072,551.2916196090681,1836.5417684914758,1674.4882536560858,747.5513299567524,2519.708677439409,1298.560892890043,1188.595722171148,702.0191554798444,366.9468813151407,424.8254509397611,1231.0870447915768,806.0777123509916,362.64646039437946,429.23041982695,1347.753376114745,1286.9802605484613,244.14752869069483,1496.2756872920904,1495.675969602036,576.4872183005835,498.8338771373337,499.3233616051111,501.89912069921763,468.74799003933805,1534.787050283985,1315.2484775548778,1194.1988403770727,1271.8362937284874,1376.8823732837093,1243.9041254447118,1175.3815101255548,1155.880813652126,1701.4476452535755,1220.4956220919112,1630.7466955046373,1089.6508890834937,789.5913276742251,682.820681651739,919.6308351609824,1843.2051321132333,1846.7526616919909,1839.1720248810618,1284.4130246575528,1376.2486176676646,967.5222988518394,967.6188889008233,2064.6776434972967,964.4314815484806,501.4443898754026,1477.30728823238,1362.82769989412,3114.6602384474722,1376.2435552194925,1304.8998852907816,1269.9608209219643,1012.139344367038,1295.1711657295725,1314.5892223209833,1304.810201449159,1297.008330517649,1300.9249647287475,1306.622527214163,177.5688947632519,242.06345177015803,228.67057867194285,364.3875843299006,156.58602489882006,312.0354496787995,290.51363113582573,144.77740345099326,211.73153189700395,184.57042915626042,162.55722618936593,1543.5451178656758,693.4812047691554,783.1427891868732,883.2860293466168,741.3088606743235,888.7938834611915,745.1044547741939,1071.8321171385119,722.3841438054716,801.4770003722648,1116.7603439154227,859.6514551201666,932.6164195763903,842.3368876774729,728.3596674901929,763.4057670292685,951.8569871402094,954.3732069568736,903.2376448078863,794.0814012483817,751.6854666452336,805.3490900485298,994.2901556234217,771.653581674713,901.1858736432272,915.8536664435746,1201.457919952783,1200.6315206050895,823.7909757507693
36,411.57876425498233,280.4218697329266,248.60768786603654,421.780302318499,494.073219260925,1218.6481980145177,563.342134609607,2421.7843825994883,409.64791644756383,254.73679425856307,254.73679425856307,679.9417682729962,731.303302516221,688.9251921514883,684.3759682620329,664.9019136828864,690.3463346445271,1402.4878759177147,1760.8285774926449,1463.8752629158507,1470.3374647542903,1477.1387229424006,629.6738431752531,640.8403031383958,654.8504446940035,627.6193672709188,820.0038485742907,364.2577789689489,643.0147703235704,634.2628440351688,630.2003701774715,617.9311129513031,366.3997104138695,176.0283944858682,200.30538735108607,160.66098933055716,0.0,165.64367461506828,186.95149978113767,176.44443400904635,445.7111815517685,321.83460668645364,442.8938113299761,350.2348210284932,290.40186979371197,201.17781493111698,530.4137774372539,461.97491204057735,1995.2653693757181,1641.7728301506413,638.1879543177917,2526.084426747733,1391.461319204115,1261.6285044820006,749.7541412003104,477.602420370456,468.3619201847588,1289.3092538715025,862.7199258324763,464.9165106169501,563.6469698546448,1191.58567209478,1126.382781127528,351.51870937020186,1549.3555177427172,1548.5548547337453,706.3525971163824,524.5389631898208,528.918432769268,531.250971620593,472.03925432312826,1462.539649799457,1253.2492180328684,1101.741078807831,1174.2753984442238,1283.5707131005156,1148.7550622975418,1077.507818606846,1096.4523865472484,1604.8214256799115,1128.6415804878482,1538.2240025857732,929.3587943530825,641.6704973474461,522.70577002338,760.010173746048,2003.3125963902,2006.8687686558026,1999.3370169565235,1175.9264258758906,1277.4879751460128,854.2870626627672,875.3104021181033,1904.1780185091309,890.1853561397346,471.83089084322813,1630.9366778411045,1523.3834552051865,3275.0665161233815,1536.7696178796311,1172.286856057882,1143.1097327497682,906.2483222140776,1161.2121193752328,1182.3517730975984,1171.714104851596,1164.2793952348777,1167.1961978754728,1173.4542697123043,336.1072193446518,395.4423449223341,386.06206917162115,521.1016019769368,299.980233666321,468.17003484966534,414.12306092404884,285.3528769310048,367.0209883403432,325.47016073582245,305.81984851078386,1393.989749855622,774.6318719521457,874.7406171606706,957.003410564895,826.6569463921103,980.5795419010213,815.413291517523,1113.224030826433,809.2918213119593,887.0441002650596,1174.2737143309812,905.0066313998366,983.4236460915959,910.3779978647227,813.0496538451176,842.0297345254768,1010.2638535324592,1010.6231988502266,960.5286897863512,892.6078375802749,838.945680813519,887.8325812086252,1027.3362543876574,859.9751299330848,973.8300611380424,961.3963785942695,1262.5909353825778,1235.5212996297798,948.1374677147381
37,266.78015743060513,202.17315407976082,114.73777123234044,355.1707075802265,602.135946713685,1097.9905153002744,425.0173755232174,2301.0713648587066,388.6566534322955,300.45384071773776,300.45384071773776,835.6207605111714,894.3402640126617,844.5817089223239,838.9721481836069,829.872692265929,845.2970867414336,1517.0088035708923,1920.1425634389104,1583.197449284069,1588.6038425730148,1596.3211003304184,682.3480240166588,691.2726998579116,697.828001131236,576.066570982214,721.3126379592189,404.0315327945076,695.3402012409867,685.659201742579,683.1503195943698,671.814500712016,502.75516953991985,197.90358208869745,252.983106323909,189.91524696051692,165.64367461506828,0.0,44.5665260773433,304.0904914894905,610.5710612855137,487.472018003931,606.747305033362,485.8892043751357,449.0841710578884,316.87999853879313,694.5192408917551,626.7023641171214,1924.528123262668,1497.3547281365209,564.3344282855912,2679.4840245137934,1488.3915210220127,1375.6686916381211,584.7361146299296,348.68912432921616,304.42001972316024,1124.6174001147897,698.5452833487102,329.6203587114077,456.0110170928237,1289.842681894346,1194.5299580895685,433.6137392554852,1384.0075726288542,1383.1937161423018,587.1898610902482,664.5782569979566,667.0788969591332,669.5621744338191,621.250207672941,1627.5769434018869,1418.8856920912974,1263.6878639432643,1334.5889173287408,1444.9344389892076,1309.8614894770915,1237.9637179864883,1262.0770793209256,1764.672560752622,1290.6866570834734,1699.428231664422,984.2251604540423,643.3976113424073,609.6472165617218,809.8023189509051,1968.8534797647585,1972.2963898205066,1964.1952951745432,1098.4211281578807,1187.6288392503157,784.5025436741768,778.4896463945129,1956.5557037794788,774.7481918577848,321.17852436032496,1631.5273255185907,1472.5950050577896,3216.407016257909,1485.1776675466606,1311.8651653630998,1287.974232393205,1064.4531901102227,1299.4996904180548,1322.2436446849194,1310.8177071842474,1303.7864850622354,1305.6864889821584,1312.4765334506503,303.8161346073158,337.44359035320736,342.0491489569995,462.7011893003379,238.3665003864745,411.3909170390416,304.34865321466833,223.28135627746497,318.2297884743428,253.7364224420572,242.50861031589287,1392.8227179685562,881.3166740022161,972.6332303221926,1070.025182676017,929.9746588783856,1078.393990450453,930.6276315366717,1248.2750241865253,911.2408441834307,990.2816872340883,1299.4338096675515,1037.1093340979303,1112.4711098428754,1027.54780022855,916.8973658202544,950.9284246955071,1134.4566519057219,1136.2528328535686,1085.3292841550588,983.9754224697489,940.642831185772,993.6796282242921,1166.740493042474,960.7784358444968,1087.7130624102865,1093.5856439454712,1385.4254338069884,1374.4699175707638,1009.7606491303603
38,281.47208886354986,241.5139189775079,144.51762811247872,392.93805018738425,587.6142031374997,1116.9327784946001,440.18440458455945,2318.521369983107,431.4224533434296,344.4237280184987,344.4237280184987,864.8972096063795,918.2029793090891,873.8762669585448,868.8038349123422,850.7633593772172,874.9563038632547,1557.8204597713539,1925.8864324612912,1623.3094350744077,1628.8854222821615,1636.4606244406245,652.9106202540885,661.3027394180929,666.3082804085531,532.4708007651702,677.3954641714624,375.4527123294345,665.7363015492402,655.9297149534777,653.7651961151619,642.7119652165662,538.0264012920743,176.08147634145902,233.70968868952025,171.11618533524202,186.95149978113767,44.5665260773433,0.0,302.51373049135765,631.8800486010576,505.56177745242434,619.6180373564738,482.5101127983889,457.9258488237366,310.93234618582585,717.0567707955815,648.2562249747771,1879.970852414225,1504.8253419440232,598.599909744848,2680.1875340212437,1466.8702021949052,1359.601848495651,565.4477400111451,307.5699955293451,283.1968768369088,1103.996975695387,677.0305434702707,289.9071682799137,412.3583597644452,1332.4398398668818,1238.865402889618,414.37438212247895,1365.329892011348,1364.574401955971,545.1560356499091,661.1935883465973,662.8460964083278,665.37674970154,622.6751896879636,1648.0296991861564,1436.5121891452993,1288.6914040987565,1361.037554947277,1470.4932342654886,1335.6448191541413,1264.2887364168134,1278.8424776609872,1791.5170263787495,1315.5930649823483,1725.1388713459305,1028.7671658077134,686.72257151267,652.4898000006722,854.3600882228451,1925.3241309113746,1928.7594824336425,1920.626239116511,1129.7390812602268,1215.8183872111033,818.3846915359553,806.1087126748927,2001.110902890648,796.6764616744397,330.4398008385947,1591.257369464802,1428.3823168181796,3171.883390477401,1440.933485631785,1347.53198441458,1322.0150887964335,1092.365764292531,1335.5139168682504,1357.827687951496,1346.6158476847063,1339.4689149249386,1341.6494075166827,1348.2979599520143,264.4165216461101,294.44717020607663,300.4489237916294,418.9870985816465,196.41013724426423,368.00057813367926,260.3815426912032,181.65248575272943,276.38866736160026,210.40938639142587,200.25284436023784,1435.024783086357,864.3694324124893,952.6762640178518,1054.3642374035396,911.7824851706291,1058.0452814492664,916.2018362354752,1240.4111300234315,892.722259993229,971.8241094803376,1287.4640878558475,1028.5377612908778,1102.4473429593345,1013.4188355960439,898.9213148514773,934.365750625863,1122.5107854903465,1124.8417133633898,1073.748996276435,962.1545263661717,921.922693742299,976.0011896683825,1161.0099297812317,941.7125615206492,1072.2818855809376,1084.8835204409675,1372.4225139946016,1368.1222064717383,980.6290745868367
39,569.28459877487,455.49661008345305,409.04414206919137,598.2078550779661,317.7426037371715,1390.4932655537204,725.9168251332771,2594.2357683607747,581.0115932061556,412.89824712277345,412.89824712277345,662.1501541277412,678.2850060668947,670.8198007783822,670.0339961582664,597.4547594574506,674.5718183227967,1452.702475589039,1625.2364674182338,1506.2526702210998,1514.2440484414622,1519.581994074547,473.77446869753254,486.0399520737222,504.5552498016907,563.3206586325796,798.3139698684153,239.1351681116354,486.9487635264861,479.0404084619075,474.11090711251234,461.6196301059392,422.7086960689793,161.9996019610024,126.28252186913565,154.40338591660242,176.44443400904635,304.0904914894905,302.51373049135765,0.0,392.0163216074066,260.4440984398152,340.7561608545784,181.8662910833851,173.78287572437833,32.166189417602816,478.40862656766825,408.532794525517,1920.9199755259158,1801.1847419606704,814.5378653552106,2377.709599251768,1215.1810428305648,1086.1002782238888,854.1877838937265,518.5104017432673,574.6000692209494,1385.144274396158,959.6471003590457,515.8814239143021,568.8102819589351,1266.186061332603,1233.6579832108787,189.76029105926222,1650.046114850414,1649.4280561695268,716.9210006150005,360.487885565625,363.0953962236428,365.5657839854038,320.41729589366946,1381.8378595858978,1161.2728407632894,1046.976987751644,1126.3436403102412,1229.4567255191869,1097.5334986240423,1030.363847128876,1001.8108253776603,1554.6064887286682,1072.973277552124,1482.5536463623719,1051.274920079431,800.959402147614,630.4113589917529,889.5057720348906,1893.84682672858,1897.481748903017,1890.4890315104547,1352.0031238790855,1453.925544726447,1030.0782525076318,1051.2342899172897,2018.3541025357536,1063.038042577749,625.1826944750179,1495.9569050491089,1432.726437007706,3183.255699426058,1446.7519711599507,1182.9637534210578,1142.6922512560677,871.8480981330982,1174.720297642558,1192.20954308572,1183.3804015113424,1175.2388480616348,1180.191510524646,1185.258383233611,294.3466467242889,366.80064801172387,344.42167177600595,473.9083264507095,300.31607047461574,425.91229479622433,439.31062746625236,291.3761641388955,334.75780111050443,328.23581833461355,305.93486190180374,1546.851732364159,598.1880023622381,698.6987071253563,781.104933799028,650.2613044347754,804.4379444358866,639.6918146900215,945.6656013649165,632.9751181007715,710.6294064217939,1001.6826611779733,735.4124990602387,812.3096947312079,735.1375591029824,636.6406817933453,665.6675477609684,837.1371199898846,838.0410019163255,787.5621565858252,717.4787522795398,662.622768177013,711.3910451164762,862.9612775005421,683.6942249143582,798.0686920220506,791.9220699638055,1089.2415302666018,1070.8658296409176,782.3961035101014
40,829.2909879148384,656.6953544567799,673.9200599126756,743.4650200872213,490.53293837824094,1556.4116640792483,963.050178628849,2736.814544788042,667.0945031398325,493.047586742,493.047586742,278.24454305667575,289.4496335272078,286.3523699392209,288.35672231526337,219.30831149362342,291.6022565648404,1111.944331895509,1361.9173433005428,1154.99582981322,1164.6155505773083,1168.1818547038877,738.5044265837482,752.307216236116,781.126142476264,942.6378102386312,1188.58108680929,599.6715715900947,749.1275276250716,745.0658714499541,738.1890422729183,726.9800495538484,254.52350659377552,545.8091918251242,518.1483968779537,534.5696764520779,445.7111815517685,610.5710612855137,631.8800486010576,392.0163216074066,0.0,132.54347689407751,126.69634363156801,339.3105212142172,230.39288343474846,412.264625870354,87.14850407770155,16.731327986405713,2273.204948363436,2024.7810049269171,928.4297935213488,2148.1559819880586,1255.6434291531777,1074.2594462503027,1195.2721122695805,900.2952592826048,914.0728160851778,1734.989237363691,1308.4258068371014,893.406433690168,960.000172139024,968.0714941197219,1004.3547408128178,506.72877647896166,1994.493643809315,1993.6672490357162,1108.0736532084745,365.4614560980425,377.92740586703167,378.2736768774914,286.9418246848529,1017.0076736623781,811.2506070841791,660.753270859764,737.355461018496,843.3860836026192,709.7760997172285,640.8372322456751,657.0373048563634,1167.3350929152095,687.3046324915017,1097.7608716738193,873.040578481971,782.5165991138495,482.9860804923943,751.0335556815375,2199.973017892767,2203.6979319702345,2197.693446515225,1421.959856308332,1545.558482727191,1109.6262439114919,1182.1294419173782,1779.0130272618437,1231.6973212394057,893.0769403343248,1756.715093250014,1771.8832756256058,3507.7513369327085,1786.4796916514429,806.8339139586858,759.6660440066491,479.8334265351541,800.9349613942943,815.3331938000825,808.0001277611921,799.4412569396868,805.904400129182,809.9556266465485,686.1130499333292,758.7376874118688,735.6111757235509,861.8146127674293,688.9520426377251,815.7770444559735,825.0832617039695,678.4796510403579,726.6988291868589,717.1082802218027,694.7691559713918,1441.7395334975988,680.1712461111523,792.1808593174196,805.4976539076829,733.6648898471507,881.6720531747249,679.2477915145757,852.3437104454988,724.7653995202567,783.2497982481585,950.467653447878,680.7250681528474,762.4114043261526,749.4697241187089,720.8526338041377,725.2969213498943,806.7986518388066,801.0687249389807,760.7786167634869,829.3920530620145,749.4365807591475,774.3244732063238,754.0684387612695,769.745539988182,816.6282700822916,729.0921239931102,1041.3083662982579,948.3770096705779,968.63384697719
41,719.8503543598633,556.9665143492466,560.2103552538204,661.4893705139568,409.6394034927971,1479.7646319597511,861.1661091163055,2671.5784467111616,599.7731155823864,417.29304368153157,417.29304368153157,403.10853550004924,421.5670046438161,411.64793282115795,411.68707338111125,346.90662984706523,415.8488373485748,1216.588003679718,1454.0623430685544,1264.6121251056836,1273.4939842722101,1277.893845010473,643.7138074952675,657.4145838671279,683.9318034670439,816.7189064772159,1058.3416102281683,476.9916899372017,655.3224464219664,650.0690363805423,643.5751030276277,631.7201849638855,249.9451702685778,413.2774126392775,386.24641735584976,402.11159775765924,321.83460668645364,487.472018003931,505.56177745242434,260.4440984398152,132.54347689407751,0.0,135.52999852838116,239.78514560444955,111.87172127262433,282.2309114630036,219.633779114801,149.243277542898,2158.7861584321845,1933.292974691342,860.2442624795316,2231.28325915929,1241.353621540383,1075.4261363181552,1070.7253575199597,768.1806383319345,788.6760741448517,1609.554657420685,1182.5515526268753,761.7545134187853,827.6380362398622,1052.9172086737487,1060.2638837565894,390.8791518389765,1870.585343307394,1869.8074961022933,975.6835060392664,325.8996124087982,336.4870847419435,337.7100868217287,247.15705958708395,1142.794311786102,931.5062980385005,792.5248947615771,869.7285980932442,975.2109704469074,841.9170568175332,773.2727504157579,774.6247251781928,1299.4882334217225,818.9553400797173,1229.3831706789879,906.5091953475924,753.7765852348688,491.75825859015447,766.1921753991554,2101.854451602509,2105.5544448167802,2099.1971544469197,1373.9630524523163,1491.6341342566313,1055.1158081418505,1112.7318488538774,1843.4080671116155,1151.676960291696,782.7474227692503,1672.8528986679084,1661.55220782139,3404.3569272391537,1675.9751416327056,928.1737038214872,884.8485507706079,611.8307344939457,920.9962583344129,937.0940215532204,928.9343445501065,920.5879426047792,926.2445414266523,930.8511189872277,554.789436115804,627.210361826737,604.7170021497493,732.5720200110527,556.4204945817686,685.6270248712048,692.6174949951616,545.9380912728208,595.1686852458052,584.5786196171732,562.2421693679172,1453.7853015352796,639.4259304732377,751.5944328197936,788.5836289651694,694.5064214129233,848.8602707262671,652.8034668464783,878.2135971026735,682.5142373167686,749.316763460903,963.2720798013288,687.7670064458339,770.3759108946911,734.3244007521295,680.9636619189517,693.7961990412189,809.0264144325386,805.4956885488848,760.4369165876024,783.8202614372349,709.69359509791,743.3623885355255,783.2993905718213,730.9213836556323,802.034066485869,740.7263421714418,1054.505650318573,986.564444397574,902.3062560930949
42,849.0073196876159,690.524959832296,687.6218934457679,797.0183945388127,371.2387688657065,1615.2929235203478,993.2525942013467,2806.561058888659,734.122619856595,552.2797785016055,552.2797785016055,384.8018577935481,355.88287268530456,391.92639335771736,396.81942819296984,266.57245147377296,398.64744177223145,1229.4706338220494,1321.963798857884,1269.1684114102763,1279.2986718643454,1282.2516768470432,623.1902931769481,636.9407280781387,666.9083717636878,859.6104485621198,1116.6873810420818,514.7954382218796,633.1708071242585,629.8173778331101,622.775919855699,612.0365525429002,356.54098787096984,502.55378054055535,463.8728985021938,494.03418640921353,442.8938113299761,606.747305033362,619.6180373564738,340.7561608545784,126.69634363156801,135.52999852838116,0.0,237.71784307090832,167.18435003132186,352.52153337430275,180.9314349898655,134.18951921495156,2168.6330338651424,2067.365770191075,995.058914352047,2096.685469121719,1135.6917881222219,959.8936522775584,1183.9955035928576,859.2411639299464,901.8240711213543,1719.9305257218841,1293.1031679135642,856.4527606233014,903.7209371349231,1093.1064248660348,1130.5495616322683,413.95524258400775,1983.193568811574,1982.4945593655968,1051.2395390707816,238.77609266966022,251.2646841601315,251.59093022490785,160.7107227452128,1041.081872838986,821.5743270207172,714.4845714933044,797.0144488186603,895.7759299312759,766.5241580798902,702.7988880634855,662.500416585453,1221.1158324746816,739.735316412251,1146.9347828166176,995.1533701744837,877.6547579316448,595.1417954004216,867.165338396,2082.916209434774,2086.6519434870415,2080.8463155373524,1505.3417588239527,1624.507003060082,1187.7800166493785,1247.826500017732,1905.7081124392278,1287.1891614983829,911.1665435019229,1634.0050266619455,1663.9534225463772,3393.1868519688765,1678.683614367652,910.6606282285616,857.683364632725,558.8174143656466,906.4783251443523,918.5196202354147,912.3689461264767,903.5776730384733,911.0633726949601,914.3640923544274,624.1385771566346,696.9112705756629,670.5759574766257,788.5823228943935,639.9387107485453,746.3925442196777,779.5545777748907,631.6781541830808,665.3410732558336,667.5577539843578,645.4088276837186,1558.0156968584379,553.8022027919875,665.9629101444574,683.894906233542,607.5099939330931,756.5904490522227,554.898999983426,750.5612116059837,598.3372794107598,657.8269093999749,841.4160333254134,567.8694613331049,650.3464057866335,628.2197070758066,594.610505149787,600.139467816603,692.2254756274907,687.4676448719589,644.9328252893647,702.8440153710859,623.2461544522885,649.3654528508462,654.1639577157484,643.6750209802534,695.7550236115591,618.739708141873,932.6618125511247,855.1462964494414,842.8601501962257
43,751.0643472838261,630.4034695353603,590.3159797348954,766.8417027143119,176.06721194739694,1568.7726907450244,907.3589380736171,2772.016391298937,736.0619225862232,557.1974568633931,557.1974568633931,615.4426694768796,593.2208175257086,623.1487362611139,626.3687811030762,502.49081769389517,629.0772969254191,1449.5202977012816,1452.5974148141672,1494.011251599383,1503.4920348132584,1507.2173235151045,404.3232484193296,418.06482083217577,445.25516021644063,624.4215154568042,886.6693919110782,281.2774905464431,415.77313848084697,410.7305546989141,404.14969196947783,392.41070437632624,477.393739229165,325.05682135971426,272.53052857252504,322.2861376749504,350.2348210284932,485.8892043751357,482.5101127983889,181.8662910833851,339.3105212142172,239.78514560444955,237.71784307090832,0.0,132.2490248230752,172.0574072728545,413.020623217068,352.81450610632584,1934.7566353248826,1983.0500927367025,981.1828046830177,2198.5133912269016,1056.3589640925227,914.9426364206505,1022.525143754354,664.0151131308994,747.0364723229196,1545.7725106602827,1123.6894174684064,666.8043880520418,689.3019880173154,1292.3317061305625,1296.5294797785336,177.31507964575457,1812.1444285178884,1811.624714714502,834.2733830830472,178.82422573947895,181.22950826824462,183.699608286189,150.00806881993515,1251.498038551614,1023.612864845116,945.9308190976875,1030.1628324325802,1125.4100389959358,998.7797565352445,937.1840690206518,864.1755856733323,1449.9226827784,970.4546352604863,1373.6129708983506,1134.3331552193192,934.4616112702689,713.0302099966696,984.9703998313485,1864.3851235167363,1868.0959951765049,1861.8827947709874,1515.180701553235,1621.8418069762608,1192.5522818901584,1223.364956655661,2080.9901375650325,1240.4171199044958,807.027727223796,1433.1666047861038,1432.6136698163234,3169.7673343287,1447.223275156883,1143.9649361935824,1093.3721276777878,796.5022032944244,1138.8088795974563,1152.1610496973904,1145.3821465595072,1136.7100044423987,1143.6262465421921,1147.3571323754654,410.2753228827682,480.84403737112166,451.6859248311809,559.9272742532078,442.4016619974516,521.5560618942212,580.9040235777991,437.7523498127112,450.758257879708,467.91240202444243,447.1017711518617,1663.2533099364728,438.6848745809782,546.1844940479617,612.5177052468838,493.06939216568304,649.6141263774891,470.78683103484207,764.4984912913809,477.78537557539016,552.1246051587492,824.1677224398227,555.1280415376556,633.204463416196,563.6270191147019,479.2271284390959,502.3235726664937,660.4427618350406,660.5597052835849,610.6520908500481,571.7863890232198,506.8813795247487,550.2362667247684,681.1327200155217,528.3820451652548,628.6367817605089,611.5867059892262,912.7786288278257,889.0950503710413,670.3372867085652
44,701.8773111853075,557.7310450184556,538.9520310878462,680.9788317919504,307.1360372948168,1495.2340763743337,852.0689837348505,2694.6862387931974,635.9989116537323,452.95520617756205,452.95520617756205,507.96921537687643,509.1751398054049,516.236593603165,517.4919044968868,425.58069013532696,521.1258701796539,1328.297387933863,1471.3808475467797,1375.79195227364,1384.7834724399108,1389.0622340653176,533.5667253641608,547.2050666416366,573.1497068618187,712.2874329401519,960.7957859019474,369.4756405880192,545.3928651484828,539.8536385685402,533.4726236519559,521.4910474245686,345.4352738780719,335.40279814707804,298.1682343585413,326.8612393280393,290.40186979371197,449.0841710578884,457.9258488237366,173.78287572437833,230.39288343474846,111.87172127262433,167.18435003132186,132.2490248230752,0.0,187.69738263870383,313.49110261933885,246.02757688082323,2048.0574271234555,1930.296208314235,889.9912965505539,2235.877302402138,1168.8927397922598,1015.1210110161556,1019.9293504639777,692.270222221147,738.2614635636808,1554.3652243072188,1127.864045700992,689.2794013657311,739.9413142627383,1163.7423493369658,1164.3050092227404,279.7728597530056,1818.2611202021874,1817.5914947568276,887.8654742694237,258.0089396569184,265.9866055469548,267.8197347927229,190.59472306965353,1208.1792736175803,988.5269229577839,875.4473102752438,955.9920800134645,1057.6373930199547,926.5585749436136,860.5291278036859,829.2847462933058,1382.9814213357363,901.2120572651802,1310.1477457467402,1002.9749847789652,817.7527937035337,582.6355909924514,855.627513170225,1990.3073836417805,1994.004519194044,1987.6134550615902,1416.8393363124774,1528.7576878568493,1094.9524329186302,1138.2205273762083,1948.8872122683001,1165.8698488951513,762.2122762073171,1564.1867427932268,1550.0143182699019,3292.4859662800795,1564.460938081337,1035.6115794276523,989.8318989457198,706.8256112342425,1029.0511451248206,1044.3137557823275,1036.5780103928962,1028.1209310536115,1034.1733450429313,1038.5149197531528,461.8844822502014,534.8239858915415,509.9410272874078,633.1691864371918,473.7047428130209,588.3913009899081,613.0011564772656,465.0652687915287,502.95405773311126,501.4903320330846,479.25296466891274,1537.3692702216204,556.2380879156743,666.6491053289882,718.9291307717186,611.3443226154026,767.6272893696197,579.0689099793384,839.5870604606308,597.5619206361712,668.6844841907061,913.0010411574136,638.1206110709752,719.5285788151842,666.9041869035802,597.5599253457643,615.7237603614085,753.0341653099496,751.24020833589,703.4268414150872,695.3957975967065,625.9053102651336,664.7906382248098,749.2358518436664,647.3943370687707,733.8035764708125,693.393762820456,1003.4478145994535,956.5234352663181,801.7324556693928
45,583.4469782720803,477.3890126315491,425.1981478445854,622.3719239575731,293.98899324892096,1409.0744926827088,741.0848526931377,2612.9074973106804,608.6862959690261,442.73729544348936,442.73729544348936,685.1653334066349,696.0714600127935,693.7518659911074,693.4492671684907,613.2631027609945,697.7844311694519,1481.3876686355745,1622.5530922400292,1534.2175590259224,1542.3416537714272,1547.5439991417197,442.1760788729595,454.36136259015177,472.60854477006677,536.8851961311888,776.3902660537661,208.28218330428504,455.37686266068323,447.38962605993487,442.5295430718282,430.046364569569,453.62635984622005,156.5107574236026,111.53220649276291,151.802575450951,201.17781493111698,316.87999853879313,310.93234618582585,32.166189417602816,412.264625870354,282.2309114630036,352.52153337430275,172.0574072728545,187.69738263870383,0.0,497.86087097354323,428.58678005883843,1891.671410307432,1813.9087163561342,838.9661096390365,2370.5689704840042,1190.839612086063,1065.3860947740827,853.7919685332574,508.48110515772737,576.3012959056555,1381.586819702623,957.2865776273833,507.66441635505026,552.2510896068667,1296.7492958849516,1265.6351855251958,158.2281519890262,1647.1694782806107,1646.5913380152429,700.168459676403,350.3854454618322,351.9142763834753,354.4459259873349,316.9974794339119,1392.5899813185235,1170.0912995677515,1063.1259904849653,1143.448645309828,1245.334612980234,1114.1591855386894,1047.8144359415794,1010.4292038273311,1570.675415365879,1088.906795892995,1497.7858248983753,1083.4408475685984,831.1926889394027,662.5420015208516,921.5893390293339,1862.2473632253245,1865.8853905365352,1858.918101106198,1376.966301429245,1477.4412379061066,1055.4471573496965,1073.4302195798914,2050.407831571718,1082.4486220949268,637.7525132645665,1463.7938545741135,1402.358415425001,3152.491732710177,1416.4249838243202,1208.0153211654454,1166.5025921770207,891.7204421648806,1200.1006895657392,1217.154965998234,1208.5429798934151,1200.333413888316,1205.5072355050363,1210.43379870036,274.6234139124727,347.51826532326135,323.4939059999547,450.35148063969643,287.78288068255176,403.58818630791404,427.6897803672801,280.20465597997725,315.5685143001464,315.21839252886764,293.16393066557487,1577.992186279063,575.1353627873385,673.8735161157592,759.9391172485111,626.513972341132,779.7994200122644,618.9890677329604,931.4126335862861,608.8762806683673,686.9827824594607,984.0383426770618,720.2549225662401,795.9870531573678,715.0729804183516,612.9869062969187,643.2985509281419,819.2051040612392,820.5664487528215,769.828401324207,691.4300362956291,638.5346612013699,688.3491991324534,850.5445614363279,659.454179170219,777.1443637870893,776.7402663246368,1070.9003603456085,1058.007881251371,752.4159435733321
46,906.5036241680954,730.1446173551233,753.6839557839206,807.4506460285093,551.9686356964074,1613.7863648066839,1036.0446223567099,2785.580483850982,724.2704232479487,557.2533117788788,557.2533117788788,203.94389391149448,202.45541382845653,211.19882188860112,215.88802943434212,138.44383203772153,217.77109620462775,1049.418835765841,1301.9570856374173,1088.3194904007094,1098.5094537710613,1101.3911660534825,804.1102057894259,817.8638020116382,847.7650845863042,1025.1538913202392,1273.7114430803379,681.0465363257222,814.1021224697678,810.7354867240466,803.6991993873423,792.936684973642,295.6637058413461,632.9103612647891,604.6472256512192,621.7086945166072,530.4137774372539,694.5192408917551,717.0567707955815,478.40862656766825,87.14850407770155,219.633779114801,180.9314349898655,413.020623217068,313.49110261933885,497.86087097354323,0.0,70.42056965841675,2347.394703623568,2090.0076240905337,983.5644402048412,2092.891241565106,1268.3859857831976,1078.2129715580288,1279.1871244682459,987.4141385889394,998.5699859397112,1819.1325398831732,1392.9175186117468,980.4113737453514,1046.7831691707634,921.9149885683327,979.5738836659167,585.173377897231,2077.7970318353423,2076.9457268156584,1194.8785486146708,409.8628375862237,422.67626398951376,422.53393945116386,336.7368319851091,933.9202165500417,732.5307564904451,573.8589153905621,650.2101158894752,756.442352805461,622.698639133674,553.6891026471898,580.9935421859261,1080.2406499116407,600.4728299830555,1010.8980445644751,865.5268046003271,816.3961570746919,500.7055517422398,757.7235457970056,2263.6318277282858,2267.3692924720826,2261.597913246273,1462.7546113838007,1589.5028140124025,1155.780992682149,1236.5346949865018,1744.527665759122,1291.9417591612246,970.5247247063868,1811.8792835841195,1843.787076843428,3574.114987067613,1858.4799812374072,731.2156999473596,680.5968898445046,393.8721768723446,726.5029040557943,739.3021030002773,732.7483327146307,724.0248978400355,731.2007626005176,734.7324119674776,772.1572262726854,844.8904153186738,821.3531073253998,946.4378563497763,775.9653420052493,901.000136350714,912.2220918547703,765.5592815238966,812.8645074489353,804.1164392714142,781.7723819902586,1444.4090523272573,715.468597832137,825.6796395048203,824.0817701868835,767.1275565465037,909.2894172375612,705.8714964471874,842.1229012357433,760.2336444784916,812.7924410051249,947.8909664336277,685.9609206788743,765.5369888539841,767.7848803694988,754.9571297897674,754.2196700389422,813.0133378791588,805.9236634971041,769.3868639464797,865.4641379985814,783.0168814215981,802.1605912190851,742.9851520722258,802.4748945335804,833.579836912491,730.3538571940451,1037.5883148992896,928.6080004475346,1015.9516421597777
47,844.1074867101047,670.7091808224538,689.2192096428946,755.6006085972879,501.51458305598817,1567.4469825079384,977.0525245895501,2746.28973385199,677.8109797901495,505.0525795161805,505.0525795161805,263.5150182541078,272.727204517042,271.50930479185075,273.9361346771733,203.28773856765395,276.97637970788037,1099.892116355651,1349.9645520677332,1142.1768395776505,1151.9051534353391,1155.343963795051,750.5551177998625,764.3538655985916,793.4113394830587,958.3142149550171,1204.8340521602693,615.0571415286713,761.0509869474027,757.1329323124465,750.2195529626507,739.098954980612,260.9497253303124,562.5172105022586,534.6974024483851,551.2916196090681,461.97491204057735,626.7023641171214,648.2562249747771,408.532794525517,16.731327986405713,149.243277542898,134.18951921495156,352.81450610632584,246.02757688082323,428.58678005883843,70.42056965841675,0.0,2287.217876155507,2037.3816395148763,938.8783634697221,2137.1566430844487,1257.3366703634224,1074.173788279904,1211.4284998748853,917.0258929629663,930.330987511631,1751.1987533520403,1324.6937643931467,910.1232648504217,976.6251978887454,959.0258684761362,999.3486446443438,521.4352599286545,2010.5498047975716,2009.7187477011746,1124.7047608181824,372.5487195750986,385.1265542864955,385.370097130581,294.90024062610627,1000.9165380359224,795.8786139267245,644.046127319176,720.625007428002,826.6734787802939,693.0481050893029,624.1096311056772,642.0799863448992,1150.6058816784941,670.605838126368,1081.0597461362245,871.2322504066203,788.6718920883566,485.5268352639985,751.8452893669256,2211.864976457277,2215.592620685191,2209.6344006597465,1429.7443248036786,1553.9806182895431,1118.370977042728,1192.51480737456,1772.3967813957709,1243.239417922389,907.9504161425658,1766.8729821288669,1785.4099342501459,3520.229926982813,1800.0268422684878,792.2818061969042,744.4720884202469,463.3452422583802,786.5985475726366,800.7073800675988,793.5154305045144,784.9243151153681,791.5195709405052,795.476644765709,702.5589118090265,775.2108687008654,751.9888581491628,877.9460131559247,705.6346898357142,832.0401204690618,841.8052400173569,695.1812688077611,743.1742272075717,733.7896378903156,711.4490663090514,1442.1537681424509,685.9514044272929,797.7026369490612,808.0756921823564,739.1291669255537,886.0898126750102,683.2889939331636,849.4028545524658,730.6240963764909,787.9749722164604,949.0555360957426,680.5691491687651,761.9408058212448,751.9427260379588,726.4336330434446,729.8455066388768,806.9672110038845,800.969219201038,761.3670111382511,835.4566720722415,754.9387394280897,778.7025391826262,750.8745513737256,775.0950181606627,818.8957097796671,728.2271327609667,1039.7319439373691,943.7018740508425,977.0372546179973
48,2003.7407841135116,2098.6074707195976,1989.1979049503598,2224.282629918133,1807.9559092481231,2554.707023735423,2080.5640711725755,3476.862035931757,2296.4995578746225,2221.8356967524915,2221.8356967524915,2550.1982421701327,2515.440295038119,2557.898571776592,2561.0502228879463,2421.5517294409747,2563.8243903280772,3372.622185720963,2880.5381047196092,3423.173986227369,3431.8317972627556,3436.47128216882,1554.9018030689033,1541.6968721748597,1509.5735800294108,1368.1493324084047,1215.2003415571942,1685.2033333502727,1547.0506347592443,1548.2927402459127,1555.5670758646443,1564.816727765037,2340.4062640393213,1821.1586179418769,1814.5401703003813,1836.5417684914758,1995.2653693757181,1924.528123262668,1879.970852414225,1920.9199755259158,2273.204948363436,2158.7861584321845,2168.6330338651424,1934.7566353248826,2048.0574271234555,1891.671410307432,2347.394703623568,2287.217876155507,0.0,2578.262770025952,2371.4574871232326,3309.2394774182003,1771.1122598522393,1913.837027024517,1718.7597421984674,1601.3644004599778,1774.9331701788797,1671.458553252103,1664.6454292896517,1628.8205483921547,1477.3102311880243,3182.8219573939773,3116.434117046213,1768.295793413583,1781.6464512406008,1783.3058891703224,1375.6352571801851,1975.88346152364,1964.2222234818098,1965.553273304582,2029.0818033165947,3034.7208241320122,2802.6648058449587,2831.849886037961,2920.0799004446662,2995.5987889195467,2885.853439979801,2836.0090587379786,2664.6354358878,3302.164924308984,2852.356281720527,3218.411988057625,2908.690654664149,2550.904182036303,2517.33854661661,2734.330429608746,449.60644806162514,448.8587645431503,440.7868425750568,2784.989886773142,2802.5832853885654,2555.263600204446,2460.3759870991794,3880.1605390403365,2374.5826246409097,1988.482595455211,845.5349331448532,511.7132909903368,1301.0941824720785,496.6555299396772,3078.600016127197,3026.155781231386,2719.3466225956313,3073.5655019358737,3086.6914268767973,3080.0808154161714,3071.384276185317,3078.3762546586872,3082.059570452392,1659.3562267909886,1601.5949754968956,1609.2107980202993,1474.6141217664715,1700.8165230927993,1527.6869735166574,1623.288388003216,1716.2518979484494,1628.7218498876257,1678.775789415994,1695.396090094937,3266.2212381643403,1777.7258301351267,1717.3761575600593,1836.781568104308,1755.0087131295895,1717.6330700129693,1838.0755004964128,2093.1057017427647,1746.2153694198184,1755.0366087635657,2004.858104152798,1994.2069199181562,1986.369186007053,1864.301033399014,1758.680793279841,1794.1074711845667,1946.6948777440427,1960.5748718415155,1940.244537396583,1672.3228281530974,1743.937975602215,1774.0883010704301,2110.1809062696225,1737.6162973332878,1846.5118019910103,2010.9631062781916,2009.7102361189486,2192.1225382045736,1474.8633945268907
49,1232.3240155588755,1376.9050586835735,1394.4508202728382,1282.5611973644727,2089.694059702523,523.7691638522391,1078.4649094497277,915.233296509354,1370.915506858902,1532.961309735963,1532.961309735963,2140.7427321159244,2255.470366249642,2148.0023225978953,2135.9642461361477,2225.1539657570856,2143.6186892420837,2386.1979686510404,3385.650155950383,2473.865277481217,2469.9798816319103,2483.1255391015347,2097.7281718086483,2101.605722322998,2093.7679144177578,1779.9232713846625,1651.5980229235904,1847.4418678917243,2108.4023034303927,2098.422275742697,2098.889046838695,2090.6009717926036,1803.531945871544,1677.0381512517038,1735.2494127829295,1674.4882536560858,1641.7728301506413,1497.3547281365209,1504.8253419440232,1801.1847419606704,2024.7810049269171,1933.292974691342,2067.365770191075,1983.0500927367025,1930.296208314235,1813.9087163561342,2090.0076240905337,2037.3816395148763,2578.262770025952,0.0,1124.088024727838,4163.810348562603,2935.8506974546945,2853.807644738278,1083.1585979541078,1461.9272174779105,1283.0327524618,906.8168268541089,1052.4133551841705,1439.0991046760448,1547.024898006271,2109.5463344516943,1860.8439616490443,1911.616983729046,853.073903692218,851.0123928036954,1509.9302522784456,2161.4701734848463,2164.2796003396575,2166.747871537623,2113.611108694339,2973.9139364785897,2806.296974745498,2575.2704218350127,2618.920901191161,2733.2261664584657,2606.3488306024256,2533.3500140427523,2664.6912168777294,3007.2453532374902,2601.2525337324937,2966.205718968861,1685.1960694041868,1379.0253916577653,1688.9290700998406,1600.8481675915868,2859.2841808241888,2861.507786870479,2851.2194208740416,864.2835098365305,744.0156945524686,1021.3907686506352,889.391927145827,2229.5042685768053,806.4924725118832,1176.2059361431598,2755.35266325904,2363.175288499161,3780.28484081539,2367.9585035701075,2412.0718963046916,2433.6323183393574,2356.0097623882743,2392.2684702934084,2422.930348797464,2407.598652616559,2404.9659418891592,2398.791636332572,2408.3246144138584,1688.380239851399,1658.2640095343036,1686.904336617894,1707.3952579079876,1618.059383764435,1689.9546486212353,1528.0897101953751,1612.75421964614,1668.0759093032625,1606.0604536603162,1616.7393455070776,1484.8679389040692,2359.8360367463483,2437.4479347116276,2551.4748641961687,2403.269395855564,2539.4709547466355,2416.5937480238345,2745.056701208898,2383.4390650970363,2461.722579663221,2790.4240233744486,2533.330512705374,2607.07692654867,2513.887098305701,2391.2143248366424,2430.1535600984503,2625.7517159906947,2628.5970020327595,2577.420064126367,2438.7000286653856,2411.5982900087456,2468.318627278101,2664.081818175559,2429.940110507695,2569.823273043916,2589.696760754772,2873.7385853604087,2871.8166158489507,2406.994807534706
50,374.2719083069003,367.2073878151894,454.29886749348316,216.66817811020525,1132.2518954539346,630.6796609177748,301.6270020484717,1811.5473776831534,261.7205829456851,442.9737755786716,442.9737755786716,1017.5060935548092,1136.3628585609777,1024.6123773414852,1012.3659692393084,1113.969369552517,1020.0238298960817,1377.0568965625325,2285.4528526462923,1459.8549019352047,1459.8663686663992,1471.2709777223117,1244.9411943157127,1254.3262842053853,1261.8608592286744,1102.3286046499459,1163.6413801615367,966.858926116689,1258.0614852723563,1248.5156606849434,1245.6910086342918,1234.1015995998246,689.7108328842758,758.045213052616,808.168464719357,747.5513299567524,638.1879543177917,564.3344282855912,598.599909744848,814.5378653552106,928.4297935213488,860.2442624795316,995.058914352047,981.1828046830177,889.9912965505539,838.9661096390365,983.5644402048412,938.8783634697221,2371.4574871232326,1124.088024727838,0.0,3075.670925835911,2029.6467442441067,1896.1227965630708,710.6172441696064,788.7638651066765,597.7426055152155,1141.494419069088,811.7012578075546,759.0478622136444,917.2914530809935,1104.2852256379265,908.7546665071094,982.156703736551,1345.4132211304184,1343.874849339214,997.7548068207323,1145.457063842849,1151.972084628553,1154.061479628279,1080.469112049972,1849.829109317405,1685.209771537082,1451.342940991505,1496.629490530958,1611.322119017538,1483.1517961443096,1409.8884285409697,1547.471894267685,1894.0240592857738,1477.411391770952,1848.5859154657294,689.2364502827282,293.4034419677169,567.4533901564805,545.7502660348723,2477.4025156958933,2480.652905802294,2471.8626388790717,538.4579300582797,640.6600353111634,220.213046642571,253.7234449975563,1564.4287132060017,317.6846428927401,382.97972095229375,2179.1597804983485,1965.2674248281369,3672.4897439299384,1976.328378663297,1319.8497664604706,1330.6492874569865,1232.059011954751,1301.3968449269923,1330.944867358727,1316.1593614352169,1312.2380137481277,1308.0582072234329,1317.1671169114522,861.0782196563312,878.5206118706759,891.3785037530379,991.1701915486246,788.8343974607106,945.9794122673363,795.2231323905777,775.4413987311007,866.9726510905114,796.0127852449643,791.542532105981,895.2837676110124,1412.5500394231226,1512.8267220581688,1592.944198543442,1464.7980475948716,1618.7168842067128,1451.133109423507,1729.250255593994,1447.4778306304415,1525.1535374584516,1801.447844935199,1527.5868388464105,1608.421267072128,1544.766096087658,1451.1713276938285,1479.4679228899674,1639.4858189047995,1638.6292471250265,1589.6602683750136,1529.811081543656,1477.1307784137127,1525.6899787242698,1637.5510271863077,1498.162699257616,1609.3809496688848,1583.1407704306605,1891.2744406064483,1843.524023368609,1571.3383468007253
51,2937.663178886342,2786.9358086505663,2774.6889663726147,2889.6647925539983,2129.9562046022006,3704.560510668642,3087.207355309927,4875.783604545178,2814.942060625593,2640.2601088496535,2640.2601088496535,2098.692992292838,1961.4525567157264,2093.871146061073,2108.214194444133,1966.8544990533012,2101.02629139505,2449.518300093921,797.7147559092181,2400.882835923419,2415.5124947801323,2404.9262535058106,2228.7270667475946,2232.2936803956045,2256.0994296071412,2626.8648553157864,2887.4340217693994,2397.9104855663973,2223.744545813709,2231.5520028284595,2227.3971536719946,2229.7539504223637,2388.294550273481,2520.986046711235,2465.1990268777995,2519.708677439409,2526.084426747733,2679.4840245137934,2680.1875340212437,2377.709599251768,2148.1559819880586,2231.28325915929,2096.685469121719,2198.5133912269016,2235.877302402138,2370.5689704840042,2092.891241565106,2137.1566430844487,3309.2394774182003,4163.810348562603,3075.670925835911,0.0,1568.3667484933717,1497.387005943234,3210.15532272066,2825.8463037279616,2942.4849392918163,3707.2171204592273,3301.7653531139836,2836.7467057879417,2804.093475274416,2576.122973491035,2794.439232479259,2308.0579101913204,3973.3792944438264,3973.181844355995,2921.8646332902786,2020.886338561561,2020.503540136815,2017.9189727604428,2058.288520369437,1404.0303581048477,1458.6862054720964,1749.2250722327774,1755.3406667899128,1672.4763912265807,1746.9688844506875,1801.041260244275,1560.3815281784414,1606.8777887914025,1731.3095144164465,1574.8753461734232,2805.3111319898394,2894.5332051676214,2564.2393942027907,2770.0864534191996,2945.8768038458447,2948.7617905808456,2951.0064370062973,3544.5864952924935,3675.749200918862,3246.1562555331425,3329.0633304713456,3306.557552418696,3379.3279353902744,2997.4204896280603,2464.6352178001907,2881.872303795344,4035.518154284102,2894.281639211498,2126.462114068255,2056.5864023696427,1938.1838673860836,2145.4708529288146,2120.6823195940747,2133.0405719764576,2128.5972358573863,2141.9573925873015,2133.910206900333,2563.143998965761,2618.5309431722567,2586.129240780441,2634.671200043219,2617.688035321713,2623.074687858037,2743.4092614579026,2617.3995539328967,2596.390370328501,2638.3700362370964,2621.0658201067017,3375.278739945172,1907.6009158185877,1876.3949817634777,1733.1013350161375,1883.584925456523,1804.5479075684848,1836.3506353868552,1477.041199232832,1903.1253346220583,1839.3196835814945,1483.0367712877285,1682.636897616608,1625.578320422097,1748.5280582726095,1891.2401155395419,1844.6319477030283,1627.4948068492777,1619.376751234394,1667.1473716762227,1899.5303990477514,1882.4777957872896,1824.9860952555432,1536.9042232233514,1871.7001750233187,1715.036533736355,1630.4707117468174,1427.7980956621345,1342.4351856786404,2040.920630763897
52,1747.5986967723795,1667.2370146796925,1602.8017379023001,1813.1488556649797,897.4388231789328,2583.431500430284,1905.4955571192572,3782.421537914536,1791.4356355245056,1613.5560828834168,1613.5560828834168,1425.8704814261246,1305.8439915222389,1428.4195588889334,1440.4670435050675,1233.7031976973053,1437.7075197976278,2217.0487457751833,1130.0686088175144,2226.792443074869,2240.2339723794285,2238.0737049150393,838.1227515683541,834.3787788500678,843.7249254390488,1189.8804430004288,1410.0974751344772,1097.8569244595615,827.4949982644823,837.4589955067186,836.9627866258826,845.3401728915076,1488.0551692952702,1291.5358678472528,1235.4280890670288,1298.560892890043,1391.461319204115,1488.3915210220127,1466.8702021949052,1215.1810428305648,1255.6434291531777,1241.353621540383,1135.6917881222219,1056.3589640925227,1168.8927397922598,1190.839612086063,1268.3859857831976,1257.3366703634224,1771.1122598522393,2935.8506974546945,2029.6467442441067,1568.3667484933717,0.0,219.88693412106656,1869.4037944339743,1477.6094247199749,1653.713707227498,2286.596483463897,1932.2247335059053,1498.6740269344202,1409.8069338217858,2159.509161938171,2246.747211711142,1054.9484522187865,2541.064075400338,2541.3106979809663,1490.736912370786,916.1922554622352,906.329320643115,904.872896222511,994.196617372715,1462.7340026834352,1269.4059278789562,1441.1175790007849,1518.9831735580042,1542.8285752910592,1485.8211093369036,1472.336795951704,1189.8944273042853,1775.7111441392178,1449.2177175375832,1692.059828471097,2128.547416686786,1986.6428820149192,1729.3565240894493,2002.5339940191616,1463.3086831417374,1466.7031480256276,1466.3640977584575,2567.119207168779,2668.1127054542553,2244.9653918396916,2262.5659790394293,2997.331276457863,2262.9493638192394,1791.054131482439,948.5362886382991,1317.882795759528,2708.3605527684426,1330.8014652892755,1837.299232223959,1760.6081983035908,1454.9337615743061,1843.7636488054836,1840.2314429084124,1841.9126802789722,1833.0874676866715,1845.4278758087746,1843.8431749019794,1249.8817611867548,1277.6251942588844,1248.9865106432223,1239.5358728687825,1322.5364063438449,1249.8544796095412,1408.181212448324,1329.594866126053,1268.1364013675282,1332.0476461342462,1323.2105415381395,2692.965429003334,618.3971483263999,517.1894216921577,452.88518750799045,565.1871263647769,411.1486755229888,590.0469693457775,495.945475898249,582.2122888810376,505.1090530722894,367.15361586028433,584.8228586339942,510.17471640764626,507.8396066839209,578.906390239629,554.222936916367,458.841947533188,467.9260574689282,499.61274191140683,504.7165233722286,552.5721491898947,506.13411098712436,578.1640118659699,531.4903902424609,440.127707424733,547.616822461845,309.9137801852152,518.0741594003019,543.7819974008803
53,1640.6817914094247,1541.5732764739023,1488.0410008662202,1681.4494076095798,773.6815442764166,2473.232509780217,1799.4997048974428,3676.6951849321017,1648.7450667192356,1467.0711371122518,1467.0711371122518,1224.7273728964856,1099.7087582628994,1226.6926334246548,1239.2813770602086,1032.0372956971469,1236.0526360391204,2002.4799888926893,966.7717048930555,2010.3870489533206,2023.9535307667256,2021.5347288222895,775.7434589854889,775.5948510056807,792.8947858346529,1160.1506360711842,1405.5397899851882,1006.6094280916535,767.5983537672064,776.8251768224595,774.4539165618157,780.145686656226,1316.1326754076183,1183.778670832252,1125.9037919115508,1188.595722171148,1261.6285044820006,1375.6686916381211,1359.601848495651,1086.1002782238888,1074.2594462503027,1075.4261363181552,959.8936522775584,914.9426364206505,1015.1210110161556,1065.3860947740827,1078.2129715580288,1074.173788279904,1913.837027024517,2853.807644738278,1896.1227965630708,1497.387005943234,219.88693412106656,0.0,1809.3434143170084,1414.024314749185,1573.011645043062,2260.8673413742713,1883.2712094921558,1431.7370346982643,1363.510435448157,1953.2636983404896,2051.0917585775023,945.8188911340317,2521.8140572346597,2521.873091731728,1462.3863708647934,757.3195282745507,749.1368470783316,747.3032073563704,830.8135097983137,1248.375917594987,1051.0683292325252,1221.8746445049046,1299.3234202620608,1323.0740698093055,1266.2507140136897,1253.7204588114334,970.0113089334839,1559.4750379455197,1229.6866037184323,1475.442815260453,1943.1625253063423,1828.2903588979177,1554.7340934269696,1825.1580343862863,1637.0881884592598,1640.61135219144,1639.3587525274388,2429.2899099203146,2536.7791002242325,2106.731427334858,2136.910195064636,2792.523173093329,2147.6116090867217,1689.2291043116472,1118.4977449568587,1436.878082528651,2904.454378968078,1450.7193383932122,1621.2631254016278,1544.014688794328,1241.4368644524643,1628.2224579334388,1623.94125805471,1625.988609423834,1617.2210848538105,1629.7235605847798,1627.9030713887353,1168.2023949008712,1206.9348382449614,1176.1338145981642,1190.4484146847044,1236.511049522625,1191.4675658810506,1338.3647114786158,1241.286928135533,1192.4322605293642,1250.110345950251,1238.1240122920158,2515.9868931574406,495.4217651663349,419.4362079253686,305.7097784915163,450.5392254947775,325.08228696940574,446.45313750093317,276.63217140129143,470.38220924122766,392.411334322398,147.85815310083646,393.6047402922638,312.74311423215875,351.4255295207326,462.66813939159533,425.27424275982185,267.7158833583773,273.2099055272326,315.2551703315265,427.25313113769823,442.4228255149393,385.50235497817243,362.64741207117197,424.66332443245363,288.2696018636228,348.00732234057216,99.74926013113374,306.3826468637153,544.1744381967926
54,427.38372173806783,607.7273757169186,539.9102996454953,649.7218304218051,1081.2495486113814,866.1893337533504,411.2878495731739,1976.1288170183625,757.9435154133431,804.2424217857232,804.2424217857232,1412.4008065491362,1478.391472774954,1421.2700001531805,1414.4276161456464,1414.5547967927266,1421.1317026123393,2007.956549111542,2475.0582220260826,2083.289793929057,2086.240073379647,2095.832646880137,1036.4819089231273,1038.4049746883177,1026.341466266076,697.0958098977779,593.5348182157117,816.4120597574718,1045.8801901020304,1036.2005906391512,1037.72620505602,1030.94547501773,1065.4099176574261,697.8536299364487,750.3582350308551,702.0191554798444,749.7541412003104,584.7361146299296,565.4477400111451,854.1877838937265,1195.2721122695805,1070.7253575199597,1183.9955035928576,1022.525143754354,1019.9293504639777,853.7919685332574,1279.1871244682459,1211.4284998748853,1718.7597421984674,1083.1585979541078,710.6172441696064,3210.15532272066,1869.4037944339743,1809.3434143170084,0.0,395.32057139022436,282.3228639169984,540.0430245043807,118.14285880167306,378.68796769801867,465.06030815321674,1752.1421269567452,1593.2540171030143,902.2160045140412,799.8964222899782,799.1343187737104,435.6392872886685,1195.1329359427316,1194.036933484531,1196.643120769501,1170.5020638971864,2212.248751081116,2001.946135022667,1846.4472955741371,1915.315341551172,2026.8388778472797,1891.6123305190276,1819.0341018420913,1844.267239718593,2344.1262085866715,1873.5258240551773,2280.8819692692523,1369.865446259583,965.3369680784507,1099.9605956746343,1205.154553134841,1896.7438396696493,1899.5721822756093,1889.8771553634638,1066.2590125352187,1088.6350307763614,857.2588429255377,746.1938097717532,2275.037901057032,655.8850313771363,374.39548380894985,1705.9007702465744,1379.0397550127243,3010.9553557857676,1387.2867757183365,1858.2001269431423,1844.2118112313208,1643.1440218108553,1843.6080265009844,1869.0190599556372,1856.2834183913492,1850.1025869492614,1850.08163452205,1857.7667716673284,650.2655022374507,603.3474533252365,634.8455660175067,630.633883374985,592.516239985142,620.4037728917265,472.8182351846551,592.8321141965579,620.683057779099,572.5040058574772,589.2346529254986,1587.3944671946022,1327.2279633616793,1389.9815671027181,1516.8620213780293,1363.8999918932207,1486.8521547366013,1391.9870063530552,1742.506914563416,1343.6503203544848,1418.9926984959466,1765.9788499868969,1531.8427498487101,1596.5101838878547,1487.0747098700401,1353.1939621440113,1396.1576388714006,1605.4546017024604,1610.7556532662866,1560.1761830007595,1384.4709436746034,1369.84508397274,1428.3871710673304,1674.6699511900533,1386.1195742109626,1535.5930507206901,1586.1434731215852,1842.5588947985793,1875.5302779151793,1332.1060023695607
55,414.5101079243582,499.0615867264229,390.6013257185193,623.835404506845,696.6062012127265,1168.1277680866096,529.8144474013288,2334.21718567516,696.2645380592761,646.0736106017996,646.0736106017996,1153.3177844718616,1189.6894964014662,1162.275642209477,1158.6796653824256,1113.0849386908849,1164.3288914942682,1865.360697752069,2105.7512774907896,1930.8161795505234,1936.4321332092793,1943.9748126668621,642.0080331480693,644.4190556790427,633.8906293071714,339.7525388481714,386.45922718955427,427.9481971327029,651.7258826227015,641.9513559378863,643.2368142341127,636.1598893165545,841.3208834557447,357.19608890237123,397.2474185567772,366.9468813151407,477.602420370456,348.68912432921616,307.5699955293451,518.5104017432673,900.2952592826048,768.1806383319345,859.2411639299464,664.0151131308994,692.270222221147,508.48110515772737,987.4141385889394,917.0258929629663,1601.3644004599778,1461.9272174779105,788.7638651066765,2825.8463037279616,1477.6094247199749,1414.024314749185,395.32057139022436,0.0,209.14107814019528,887.0597300115865,476.49906025610204,30.136202335936225,128.5336078967848,1637.9107098372456,1533.6092549798902,521.9308616752973,1154.2067862971069,1153.817029106221,239.35038824076085,826.1295826420494,823.2459469540777,825.8357267798887,813.979178937722,1900.296098356135,1678.570137873777,1560.6795816765573,1637.5747996373188,1743.370774137763,1610.0492304947336,1540.9629518842808,1518.9102135373364,2067.6191851035187,1587.061747293989,1997.4216382522086,1318.3462357069186,949.6677466144148,957.596731933581,1143.5720039157702,1688.6530603586184,1691.8993124926349,1683.100915776093,1273.3861157549854,1332.491058908595,993.3618276004108,935.3456405912121,2282.4123306802608,886.2630053655041,417.0064413867271,1412.616055030045,1177.2035089624308,2900.2954776225333,1188.5036945279244,1649.5620692674513,1620.6349131054474,1375.21773118361,1638.216765771909,1659.6838353081148,1648.8999886614326,1641.538746155879,1644.2502708972816,1650.6246392364721,263.6399409287832,209.0988888538022,241.14250570334346,248.36074199648064,221.97090782133736,228.19995768948968,83.78136019185303,228.33904175124763,229.47734749464476,196.1097943168416,217.06415209318948,1673.8941202705555,933.3556831535636,994.6628723599028,1122.257397684469,969.0458782240019,1091.7367295072254,999.3302428876527,1352.9499275673306,948.7869818907287,1023.815285803149,1372.1864012444742,1143.9063551795005,1205.8746475475791,1093.641935582799,958.5015527597603,1001.8776112453315,1212.7712939978062,1218.5167458956664,1168.2663369486747,989.4179472906432,974.7762561000853,1033.3939403396862,1288.9421990499043,990.9076810005688,1140.9994371013017,1197.2667140639426,1447.8587126700995,1486.7484561683277,945.0766628784487
56,230.22190610379602,369.292458678682,278.83384074857605,460.6386452364225,821.3153393529846,962.6963220369835,323.21144568222786,2139.266282270176,551.9661573733404,553.0783628880148,553.0783628880148,1138.0035740392223,1198.724991291741,1146.9356698794595,1140.8067971504272,1133.2337166420623,1147.2986672488853,1777.9326888497772,2198.8442753021654,1849.1589685826948,1853.3083614456668,1862.0279807887425,815.9816748476521,820.5048988458396,814.8159804378668,548.1253389036729,566.308748922851,566.8741320887077,827.0195324267333,816.9839600224163,817.1128761819879,808.4543626973834,797.1940018799005,422.24851580269143,477.33574519206843,424.8254509397611,468.3619201847588,304.42001972316024,283.1968768369088,574.6000692209494,914.0728160851778,788.6760741448517,901.8240711213543,747.0364723229196,738.2614635636808,576.3012959056555,998.5699859397112,930.330987511631,1774.9331701788797,1283.0327524618,597.7426055152155,2942.4849392918163,1653.713707227498,1573.011645043062,282.3228639169984,209.14107814019528,0.0,821.0326964576701,394.3679641840229,179.69027132118484,332.1763421684499,1534.1585374587876,1402.8613738172076,640.9206070175304,1082.1526045195296,1081.4029518037757,400.0561865474294,922.5192395415229,922.3436570629789,924.9382592054602,893.2372872765937,1930.7874804733065,1719.701983807317,1568.0614046277815,1638.5567017615535,1749.1860239678294,1614.068640277707,1542.0025121244482,1561.9562349132011,2068.363562248346,1595.0706059478691,2003.612473028382,1182.002343898309,792.8264250603345,862.1307650739724,1009.5642143946383,1886.151745324266,1889.321371243588,1880.3106554661886,1066.2273360829,1123.4496730525993,793.7084528598934,728.1167672301872,2128.4103553863342,677.1230189265165,216.1386394027515,1621.3532561323304,1371.0806862733123,3076.008963771291,1381.7367147868724,1600.6710917015403,1581.586724969971,1367.7133174396236,1587.1638529613547,1611.2918998404475,1599.187997644211,1592.5645011679987,1593.509424555973,1600.763122896207,405.4796186809679,378.2653272463152,405.37094292427685,450.87949672687495,336.7614010194446,421.0159205759742,252.91061829656144,333.0752241955102,385.6183084696929,323.2243578947571,334.95568369792636,1491.3950171115428,1081.6460518973665,1155.2207045698208,1273.2288136217542,1122.933466016033,1256.6439226760835,1142.0351442974122,1484.2296293992288,1102.917961130112,1180.6010090460084,1517.4132448938458,1272.1534832551142,1340.7878135618357,1238.7463436492228,1111.2568125505472,1151.7190255673522,1354.2207186719293,1358.3611805028213,1307.280599194333,1155.7007005054163,1130.6069906980938,1188.005082881479,1411.531949404442,1148.4682822211207,1291.7818268097026,1327.5241352758792,1597.8454153244847,1615.552381191487,1131.9728477257238
57,948.2873971990462,1134.4483219063793,1076.7208635629154,1146.7102243245288,1582.119299093711,982.3773826309304,881.0918820734169,1810.531555506376,1259.3209668521529,1332.750481761206,1332.750481761206,1950.737020406929,2018.4315097162482,1959.5657033025536,1952.3645179344676,1954.2111152011098,1959.1716660232148,2503.394945584907,2992.731782122887,2582.657206216713,2584.2499684400245,2594.739645829105,1489.174968641589,1487.7788171865502,1468.500857281186,1101.6254674240217,884.1653640159325,1312.8726582986553,1496.0548783333072,1487.3205458806542,1490.4954073405172,1486.377372882258,1601.2108364357855,1225.147563005248,1273.8904884083204,1231.0870447915768,1289.3092538715025,1124.6174001147897,1103.996975695387,1385.144274396158,1734.989237363691,1609.554657420685,1719.9305257218841,1545.7725106602827,1554.3652243072188,1381.586819702623,1819.1325398831732,1751.1987533520403,1671.458553252103,906.8168268541089,1141.494419069088,3707.2171204592273,2286.596483463897,2260.8673413742713,540.0430245043807,887.0597300115865,821.0326964576701,0.0,427.0898435025562,880.4697673045758,904.178308333626,2237.1645716931175,2050.2465331963913,1408.9585705542192,267.159739399034,266.79406980000397,798.9224007466316,1712.2921333829786,1709.7820761937674,1712.3786784299084,1695.452437827339,2751.8139840690274,2539.93199891739,2386.240881034424,2454.4809114994323,2566.3529847609493,2431.1141830417946,2358.3504233268304,2381.697260556959,2882.628394968158,2413.3352310360997,2820.181779122737,1830.205288497862,1427.6662251867651,1614.3293847027924,1678.8671793467245,1964.7204018331713,1966.7459303996357,1956.377213053032,1308.6749975982532,1272.0918966677593,1215.4979121274425,1068.6022144009355,2660.1397188239494,949.6600187075788,887.858617379824,1916.5755914814338,1484.1836014716434,2888.6021436832016,1487.2399325204394,2382.810646877684,2373.384092526957,2181.8043432116337,2367.284472796652,2393.767437689221,2380.5047978444727,2374.754104543412,2373.8481906542443,2381.897777132122,1150.4658927113658,1090.68185921353,1123.0648486957512,1075.7303127703394,1105.0007179867503,1084.3618081199172,970.7514486091678,1108.4811682940312,1114.7069039603218,1081.1230836357722,1100.7279481535459,1924.442069696616,1802.775291408187,1848.4127085074945,1985.3783985758228,1831.9452011520011,1936.007696697857,1872.4511824861252,2230.6610089147603,1811.875329691977,1881.9317752609359,2237.923995612369,2024.8544752790674,2082.358759198236,1963.2705205038205,1822.8994889971852,1868.4599768878186,2084.0856370832794,2091.1316885866268,2042.118056314154,1834.4469715517102,1835.2554891284585,1894.0094924782798,2171.645815300451,1848.8225795711871,2004.0019267355779,2076.746658906876,2307.107563969029,2365.16831136917,1743.3282914437573
58,544.654865390208,725.7848904779177,657.47712829536,764.0230832845643,1171.8856326055013,895.2434571557723,517.3078257654967,1958.6270891065974,873.3378130458019,922.3847026641967,922.3847026641967,1528.961329037875,1592.8551594431078,1537.8485458443802,1531.1733671756083,1527.5522801901484,1537.83068179007,2123.995490009448,2574.6336482675165,2199.784215557984,2202.5935066228017,2212.2840884597467,1107.6734173551133,1108.3765304566743,1093.574443956616,746.4172083350362,599.8334241085942,904.039626073896,1116.1992253811354,1106.8045323279318,1108.9544370070412,1103.1255423418625,1182.9083757248152,800.7944491672074,851.1887647177512,806.0777123509916,862.7199258324763,698.5452833487102,677.0305434702707,959.6471003590457,1308.4258068371014,1182.5515526268753,1293.1031679135642,1123.6894174684064,1127.864045700992,957.2865776273833,1392.9175186117468,1324.6937643931467,1664.6454292896517,1052.4133551841705,811.7012578075546,3301.7653531139836,1932.2247335059053,1883.2712094921558,118.14285880167306,476.49906025610204,394.3679641840229,427.0898435025562,0.0,465.0662471546585,522.6325014296596,1866.7399676661062,1703.4836332106436,994.9257820862804,690.4905828070115,689.8490327903555,460.05522897915745,1293.460280952788,1291.6829208080537,1294.2886904240559,1272.7590103155894,2325.017639667337,2112.8505303471647,1961.6788800671764,2031.2492176580668,2142.4279383370394,2007.23439809746,1934.8536613924668,1954.6641486956094,2460.441987355375,1988.7252195038384,2396.653500529675,1480.1987857856636,1074.7566617548814,1217.4250874907384,1317.3118376078094,1868.1827590888179,1870.8528266370856,1860.9419146046387,1129.1107469786298,1138.4000606850266,943.6002937102207,822.0162545058179,2374.1123350399794,722.0626693333835,490.2143439825989,1709.7530618878463,1354.086941007688,2948.338625581408,1361.2361008137698,1976.3400510941137,1962.28190384244,1759.4741433834001,1961.7373132782513,1987.1600043578155,1974.4199074649691,1968.2426897744285,1968.212414680659,1975.9023243179079,738.6227306462754,685.2098872844854,717.430692121915,694.513497391623,686.7210850677217,692.0400026591859,558.4014115445314,688.7457692174801,705.8529331447896,664.5472264239271,682.8944145035688,1675.197842913496,1408.3884179146735,1465.0441685129044,1595.9892416138478,1442.373236218806,1558.9918105045015,1475.2210604804957,1829.4455329423615,1422.119073623118,1495.786599731904,1846.955482416241,1620.293428513983,1682.2974289841943,1568.9542664407793,1432.246096585772,1476.3188510328803,1688.5341200232815,1694.4994372661508,1644.3977798924095,1456.5020492838664,1447.3686275286689,1506.1883136406548,1764.9434399159693,1462.7123895145146,1614.7340095337552,1673.749471659404,1921.0656963398485,1963.240811726506,1390.687015344015
59,384.77610992414753,473.2433410474977,365.4390328827537,595.7817813744574,706.8255939448906,1140.071638777868,499.7710819273063,2308.6156332571077,669.9221790397743,624.6043050113116,624.6043050113116,1143.017541663219,1182.8443198693585,1151.9894210583082,1148.042583147967,1107.677630809883,1153.8169905051734,1846.5736351395676,2112.558648196993,1912.7758861213426,1918.2141782627655,1925.9063157139044,661.8194207336364,664.6979984211237,655.2291946824913,368.59414036061696,413.64337166895945,439.42557218053315,671.8461999135527,661.9938940662553,663.029661435517,655.5934826434642,826.4085272521597,353.92104581342,397.2284961203366,362.64646039437946,464.9165106169501,329.6203587114077,289.9071682799137,515.8814239143021,893.406433690168,761.7545134187853,856.4527606233014,666.8043880520418,689.2794013657311,507.66441635505026,980.4113737453514,910.1232648504217,1628.8205483921547,1439.0991046760448,759.0478622136444,2836.7467057879417,1498.6740269344202,1431.7370346982643,378.68796769801867,30.136202335936225,179.69027132118484,880.4697673045758,465.0662471546585,0.0,158.29893430959442,1617.0273918005119,1509.618909746691,530.2150709545899,1147.426301096573,1146.9832931141464,262.3483677506795,831.8257849774478,829.3914426629351,831.9902395110909,816.7917695613152,1897.3933985536473,1677.051255542608,1554.136297117869,1630.2101841811696,1736.787429945411,1603.0837560504947,1533.5032915505055,1517.510761846804,2060.566027545255,1580.6361134949382,1991.0901951391727,1293.615925161952,922.6146494345702,936.8428206049372,1118.9277488467867,1718.426247980199,1721.667217507326,1712.853153542108,1243.3291472583135,1302.7962168221038,963.3053519220497,905.3051366072351,2256.232434435183,856.752367533534,386.87039868194677,1442.4981191018794,1206.6423840072732,2928.152713543453,1217.8874501850287,1635.4683123397665,1607.8026313967948,1366.3584736064697,1623.8324463794538,1645.664042439225,1634.699068397412,1627.4268821288088,1629.9118191466837,1636.4058822680709,273.64112974082605,224.89743027158372,256.19791630330764,274.6497303690468,224.71754313092487,251.15791689929802,94.20218612206345,229.14171390840983,242.23924766154428,200.69916009539799,220.32370962450932,1644.966681816084,948.5526391151203,1012.3014090552857,1138.2172183649116,985.3619253956155,1110.332352475097,1013.5905871544034,1365.5909405329953,965.1199343218567,1040.7600940650866,1387.329688999729,1155.7723742930339,1219.0010523765538,1108.477991543423,974.5857693562945,1017.4726733536571,1227.079757808535,1232.5414921658755,1182.083763514983,1008.178709528072,991.4731667041978,1049.9347987161884,1300.0038398258102,1007.9597485174111,1156.9447819278612,1209.5570371497477,1463.92561008108,1499.0776585635206,968.1233441664731
60,543.0297191822746,621.3024199223934,511.93870124525216,750.4349002073342,688.997732480771,1279.8506386940485,655.1051378676353,2431.6975777484317,819.191746976045,756.437735416883,756.437735416883,1223.84385827328,1247.0950577951457,1232.7034721389687,1230.4100761678806,1165.4521796503295,1235.5727636870545,1964.001268762567,2103.5267806439374,2026.823317579693,2033.0430040292433,2040.062771063722,588.1079930177827,587.9182122509782,571.7203185884679,233.51186792947905,265.75805889157346,423.6854755029572,595.9416620051259,586.7950616572263,589.411101927485,584.4291563473038,929.9839812603874,416.46363239152276,442.5922700266301,429.23041982695,563.6469698546448,456.0110170928237,412.3583597644452,568.8102819589351,960.000172139024,827.6380362398622,903.7209371349231,689.3019880173154,739.9413142627383,552.2510896068667,1046.7831691707634,976.6251978887454,1477.3102311880243,1547.024898006271,917.2914530809935,2804.093475274416,1409.8069338217858,1363.510435448157,465.06030815321674,128.5336078967848,332.1763421684499,904.178308333626,522.6325014296596,158.29893430959442,0.0,1743.784978359249,1649.2269605496585,527.8702805554215,1169.5465357838825,1169.3886364209477,148.11543068098595,836.273373550452,831.4923916718413,834.0047587045212,836.5005994715891,1939.4620838937337,1712.788313486411,1615.2811057242257,1695.103041584125,1797.5610531315315,1666.1220354713198,1599.1701473596145,1553.2410619903978,2122.875461621317,1641.1168024521098,2050.0002610038414,1436.2917486943838,1073.9388475373858,1064.4503083724198,1261.4669018111313,1560.1412403132285,1563.384785335215,1554.5794862714972,1398.392773033218,1454.136205346854,1121.2941337117568,1060.27627155286,2403.928343805664,1006.9551151308043,544.0996676626747,1290.6137295556473,1048.8081212829065,2774.9569043794095,1060.166656387075,1732.1488274553722,1698.724762405371,1439.3662032835691,1721.8707842519118,1741.9822211508013,1731.8730672059503,1724.208448947896,1727.7267356416353,1733.657924795305,280.2631440917412,208.50798006411824,237.94557766642066,173.078041689117,272.662951955731,181.91510237371432,152.4291090143842,284.78492191892803,239.19354882173494,244.6667025453314,266.70669779493824,1801.7401032095297,898.5979689609084,947.1843218234229,1082.0574868686358,928.4174670108338,1038.6144631246827,968.414110958253,1327.1102365112772,908.281923763435,979.5521517895598,1334.4079178547797,1123.022528444684,1178.6571648277165,1059.1193525683773,919.1252772123187,964.4743031275791,1179.9094646749159,1186.9680166918565,1138.0474689860632,936.2746715182504,932.2017950652801,991.052518367199,1270.7737564628392,946.4079477928077,1100.7327428980095,1174.0204645959861,1405.2655155613008,1461.695046858565,869.31349790221
61,1328.5398518932557,1164.8662888085512,1261.5520311486362,1102.7210094165798,1456.0613029151737,1587.7137550940893,1359.1326609159828,2519.9134346258757,994.4976833626049,992.5715222354083,992.5715222354083,738.2183224096544,853.8712258185757,734.5892492236006,723.7408898557871,927.6910369835174,725.5394832994268,278.2215991599933,1811.7007665070525,365.10194479093576,362.3633635332586,375.01894515103453,1696.5792027573277,1710.2948618867163,1736.7952401099417,1815.36745336808,2006.7341660301474,1505.0288717840776,1708.100206244685,1702.9520388736921,1696.4263683239833,1684.6093551820034,843.7824829554077,1363.041938370706,1368.3589313496816,1347.753376114745,1191.58567209478,1289.842681894346,1332.4398398668818,1266.186061332603,968.0714941197219,1052.9172086737487,1093.1064248660348,1292.3317061305625,1163.7423493369658,1296.7492958849516,921.9149885683327,959.0258684761362,3182.8219573939773,2109.5463344516943,1104.2852256379265,2576.122973491035,2159.509161938171,1953.2636983404896,1752.1421269567452,1637.9107098372456,1534.1585374587876,2237.1645716931175,1866.7399676661062,1617.0273918005119,1743.784978359249,0.0,263.6591308048934,1435.3794031797945,2449.3417757770353,2447.8260222607005,1876.929016956972,1330.0602438511883,1342.7898556003308,1342.8417783314371,1253.716053507975,1173.1944837258022,1146.4729496294835,854.201413284207,827.9028262864872,903.6978376959919,842.4350761596392,803.6521241537989,1101.7929797988106,1042.4689914276307,865.6047745971148,1039.9042856648125,429.0449352185928,811.9882915281644,680.3152570579158,559.3202964972926,3153.0376926489366,3156.7204498022215,3150.1597508696177,1262.8510370471693,1399.1177276616354,1108.4543829643214,1259.8443502623377,839.7945405954528,1373.2263896524616,1377.9037524685646,2723.221833809711,2698.868305071049,4449.1271866313045,2712.858556950376,449.9506596403778,520.2870784853985,731.9955339281935,430.69599933241096,456.2132656464695,443.38206284098663,447.58991443421894,434.3407416863578,442.5917970302174,1525.3220664695689,1586.980659951863,1576.2625732431447,1711.8688357815688,1490.891742041832,1659.1728405415847,1591.3558743146732,1475.9370095624702,1558.1541431753922,1515.4116818536793,1496.6349342418384,838.403908897393,1636.961713648021,1746.35150977004,1732.085800825354,1687.9529983081552,1825.9611933352944,1623.3131574690442,1688.707106442332,1681.6872880999254,1731.4559954734757,1810.6313199673261,1577.0823527432954,1649.3879771398808,1676.391016621422,1676.0373503639958,1672.8378614677438,1701.275197452871,1691.733362245248,1663.4952481082862,1786.903159511074,1703.8403145774646,1719.7236789022845,1593.7793464506356,1722.8950263746053,1739.2480011265438,1611.8945608779434,1893.3890400168978,1736.8011197379192,1935.8382808355805
62,1182.9001439635465,1039.6478166789898,1144.8012248715204,949.304213354982,1469.6471077187468,1342.2516641623558,1187.0285166740446,2256.5734292304087,850.9702505653299,895.1053690986148,895.1053690986148,829.5907756792022,964.9550815598858,828.7127742824835,815.2642429513771,1021.284069927302,819.3320520282537,529.374672628142,2015.7504147879479,617.238950206497,612.0154930689124,625.5430145218223,1692.8550727486208,1706.1589162495784,1729.2818371246449,1752.5060198648202,1914.9759182472487,1470.3145845151041,1705.2864032149141,1698.8496565877763,1692.9115242266935,1680.5993727898333,821.2280195262871,1302.3736117134197,1318.7961510406572,1286.9802605484613,1126.382781127528,1194.5299580895685,1238.865402889618,1233.6579832108787,1004.3547408128178,1060.2638837565894,1130.5495616322683,1296.5294797785336,1164.3050092227404,1265.6351855251958,979.5738836659167,999.3486446443438,3116.434117046213,1860.8439616490443,908.7546665071094,2794.439232479259,2246.747211711142,2051.0917585775023,1593.2540171030143,1533.6092549798902,1402.8613738172076,2050.2465331963913,1703.4836332106436,1509.618909746691,1649.2269605496585,263.6591308048934,0.0,1416.463528177742,2248.534699985194,2246.9131534304784,1771.958686902731,1368.3340085461275,1380.518463379285,1381.0702704038397,1288.489124620569,1399.9855274672882,1344.6156302529685,1049.9737496799123,1039.1518977705803,1127.3771548415318,1047.960315172493,998.0427191003351,1276.9049741671097,1295.0557157191647,1065.6854495241555,1286.2240363021917,223.3893574916723,628.8676179381528,605.6745872668552,393.29737641138166,3125.2699945850604,3128.8729860970816,3121.634712995395,1006.4840599405502,1141.1184763216643,878.7221569659224,1033.2129502066973,785.7102644610347,1150.798799080003,1224.551197479782,2724.3676239796832,2649.760346902589,4401.1789709168215,2663.1269241076848,685.0060133223124,745.1250187762781,890.4180123469347,664.3161009250746,693.0558094530913,678.6724338008659,681.0144040872352,669.1215589070338,678.3038369855186,1461.488073014034,1515.7008093597308,1510.1965414959175,1643.17872727113,1415.9194424731918,1590.1217000374638,1498.5979821954095,1400.4350194771832,1489.6045538888677,1437.669048866582,1421.271130601059,588.6605173064106,1684.3483733046912,1796.4875653491492,1803.5627123838917,1737.9973022752586,1885.346852288427,1682.3087641726845,1799.4302191499646,1728.8570173302012,1787.323558921318,1914.611672747033,1662.4753995859162,1740.0060076695777,1747.2628529246867,1725.143030431281,1729.1745086473472,1789.281603169124,1781.3388953543476,1747.1631296476628,1833.1788223328701,1753.755587669205,1777.9553065956761,1701.3752777293168,1774.0976531738827,1813.15359123731,1703.6815416198513,2001.63115519317,1863.968258590759,1962.3433068294514
63,695.8317555934113,615.9160226087507,547.878947096662,765.8622376386568,180.3975916621579,1530.7884225760863,854.55765868184,2732.868897606997,761.160968221807,599.6387501278471,599.6387501278471,784.9164876724064,769.8270776054225,792.9429030655214,795.0721663429276,679.5991790628277,798.3179313183834,1607.1965699280752,1584.1245555927933,1655.4476534727078,1664.3648449179364,1668.7244965362179,284.0141963461701,296.30539988585355,315.50197926859977,447.18805260785376,711.5531495509938,106.80906916365149,297.1919499927083,289.2906770616748,284.35209867002146,271.8621219576017,598.0169885334019,238.29828924911104,181.00319711995195,244.14752869069483,351.51870937020186,433.6137392554852,414.37438212247895,189.76029105926222,506.72877647896166,390.8791518389765,413.95524258400775,177.31507964575457,279.7728597530056,158.2281519890262,585.173377897231,521.4352599286545,1768.295793413583,1911.616983729046,982.156703736551,2308.0579101913204,1054.9484522187865,945.8188911340317,902.2160045140412,521.9308616752973,640.9206070175304,1408.9585705542192,994.9257820862804,530.2150709545899,527.8702805554215,1435.3794031797945,1416.463528177742,0.0,1676.1143808494794,1675.7314649393725,668.9665576872948,308.5186940605381,304.14857225461884,306.69111412204944,313.5825565742833,1422.1862560298546,1191.967207277514,1123.0277243512012,1207.423042182668,1302.1416041439431,1175.9603451451576,1114.4991221344262,1033.2767361285712,1626.3464233186298,1147.4402201713942,1549.5294659497636,1238.509100260471,988.4026437404476,816.3321069704847,1078.346188038287,1718.0947169135427,1721.7653396725682,1715.0903743394176,1520.5324050268755,1616.2325954161147,1200.7902567897072,1208.8352654751043,2202.001914185384,1208.360203050206,743.4288604680282,1309.2296771435788,1270.8227820211089,3015.7729712044343,1285.2147057889188,1313.5568717710914,1265.4802922435983,972.5588972102661,1307.5103496279703,1322.0607764302572,1314.6976411654928,1306.1536513974731,1312.5290302426768,1316.6499895594786,258.5980322081921,322.72151916742575,291.2793012090988,386.97677748536415,309.70397860130845,352.6344293023003,438.3431127025044,310.0831235599568,295.7663072401578,330.50277676874373,313.0149157520755,1736.1435084898885,450.40032590728424,539.0474209002275,641.1696233323747,497.40810352526006,644.7804519377544,504.97988359705846,843.3976554828207,478.3702068399882,557.4723968885024,879.273904136551,631.4993424459009,700.0065859126731,602.2846141138659,484.5594428799633,520.5724065134664,715.0627533033411,718.607169689213,667.4281751779237,550.9237511193132,507.61523259817335,561.6724625144825,772.6771724392362,527.5243273977746,659.289807698892,686.6867452351534,962.1239968610162,975.1665302080463,596.7511001768962
64,1193.2171700459141,1380.018789737264,1329.7763059581528,1377.4701629573046,1849.1872793396524,1070.0898549843962,1109.180378326112,1707.7066962730462,1490.189111187656,1577.8590116806718,1577.8590116806718,2203.2147915183155,2275.746393832402,2211.9642226195097,2204.2125961095944,2213.799599851109,2211.1661110525984,2720.3245439967063,3259.829362581182,2801.72416433536,2802.435141853032,2813.456269998487,1752.4907318029805,1750.69729740785,1730.5888315383033,1361.6752844200662,1132.4436637700148,1579.941013610334,1759.0387520899783,1750.4543354250993,1753.8152537287883,1750.0250118259603,1851.158923743604,1490.6658583272497,1540.0186363354521,1496.2756872920904,1549.3555177427172,1384.0075726288542,1365.329892011348,1650.046114850414,1994.493643809315,1870.585343307394,1983.193568811574,1812.1444285178884,1818.2611202021874,1647.1694782806107,2077.7970318353423,2010.5498047975716,1781.6464512406008,853.073903692218,1345.4132211304184,3973.3792944438264,2541.064075400338,2521.8140572346597,799.8964222899782,1154.2067862971069,1082.1526045195296,267.159739399034,690.4905828070115,1147.426301096573,1169.5465357838825,2449.3417757770353,2248.534699985194,1676.1143808494794,0.0,2.11709166385674,1059.5883822459207,1979.242063679859,1976.7990225943993,1979.3967089296261,1961.6902569121817,3011.4605331179664,2801.8393650738153,2641.6432530635557,2708.0044434896904,2820.6958935344524,2685.515137320524,2612.314339766438,2644.083921097088,3134.4398497548086,2668.785219970362,3073.7776259418133,2032.7496983425137,1637.3911188885436,1848.3887893721433,1890.141339481419,2115.4205417895514,2117.085611952982,2106.677132969043,1427.4004607039528,1366.7948797796305,1387.5418957137956,1234.2534225262455,2814.479143806179,1113.0356215302513,1130.8552017497475,2119.035825071412,1661.5279546054048,2937.3355380391195,1662.660473655501,2620.451172069056,2614.918474136125,2434.5472835593255,2604.2218878674516,2631.4889888195808,2617.838547644929,2612.4504584605206,2610.837941016903,2619.1551023216502,1417.6256315760932,1357.6909357763675,1390.062512122831,1340.3134766487563,1371.848299617825,1350.3074277117214,1237.8866325744375,1375.148074707851,1381.831244922289,1348.1104155311139,1367.6186924611618,2065.4772860946928,2067.877899687854,2111.354482277351,2249.358288920234,2096.153239228065,2197.3747549634986,2137.952025871792,2496.5558488475676,2076.1447945415666,2145.3959051128068,2501.959747740582,2291.298993882657,2348.154982543521,2228.2013834368654,2087.321069694666,2133.0986587788584,2349.131652862482,2356.3617072997736,2307.5672565361338,2096.233003965884,2099.135349767422,2157.79411396126,2438.288083766802,2112.3295055994276,2267.935650783268,2342.969411599318,2570.010072499908,2631.112398418315,1999.089384545593
65,1192.1273502254512,1378.9263766034046,1328.8180843542561,1376.1812094480047,1848.8653536292184,1068.0534490727705,1107.8847087631582,1705.8522878398712,1488.894435636652,1576.7495322344403,1576.7495322344403,2202.217542513555,2274.8565623561853,2210.965211977192,2203.202775875337,2212.972146994726,2210.1590492435357,2718.8463374644257,3259.413017536337,2800.2648693045953,2800.9673721516583,2811.9934035086685,1752.4480273187257,1750.671345058004,1730.595229942577,1361.741173945298,1132.7721164104428,1579.6184404445778,1759.0102360693593,1750.4193852400833,1753.772394280727,1749.9675794631776,1850.1213757047224,1490.0858904334195,1539.4806993556451,1495.675969602036,1548.5548547337453,1383.1937161423018,1364.574401955971,1649.4280561695268,1993.6672490357162,1869.8074961022933,1982.4945593655968,1811.624714714502,1817.5914947568276,1646.5913380152429,2076.9457268156584,2009.7187477011746,1783.3058891703224,851.0123928036954,1343.874849339214,3973.181844355995,2541.3106979809663,2521.873091731728,799.1343187737104,1153.817029106221,1081.4029518037757,266.79406980000397,689.8490327903555,1146.9832931141464,1169.3886364209477,2447.8260222607005,2246.9131534304784,1675.7314649393725,2.11709166385674,0.0,1059.6202882099512,1978.7925951630157,1976.3629513392968,1978.9608697396134,1961.1574632823072,3010.626380116361,2801.0802480609154,2640.7023564663514,2707.021166169135,2819.729038795603,2684.551126478249,2611.3417056410094,2643.3436319734124,3133.416659482189,2667.845097977307,3072.791932252808,2031.166316904634,1635.881475699198,1847.115969183422,1888.6338568852304,2116.8528523990108,2118.5204491664795,2108.111812113067,1425.4248751806883,1364.758425386317,1385.7918221844138,1232.4812470202855,2812.5968134408586,1111.2636131598194,1129.7420151726947,2120.037837153041,1662.7361337482653,2939.2834119446616,1663.8844848055573,2619.205376951041,2613.7273288989068,2433.551475590443,2602.9670125337725,2630.244093918612,2616.5886958216356,2611.2055496250136,2609.58364272361,2617.9042103204947,1417.2532162606906,1357.3817033180985,1389.7557789020143,1340.203212428408,1371.3858643031342,1350.1146944820491,1237.489528292215,1374.6625923435984,1381.4895494892862,1347.6712439077317,1367.1627356880845,2063.555494858614,2067.7491824257236,2111.332752478328,2249.2912657937,2096.0735175763202,2197.415127816675,2137.798758000483,2496.3764533525837,2076.0617818024893,2145.3518985682995,2501.892042757392,2291.07060924514,2347.9823004382274,2228.084048792788,2087.230375076895,2132.996876487736,2349.0084329168058,2356.227337126561,2307.4185374973763,2096.2566958226294,2099.0716597484507,2157.7355298123634,2438.038461989655,2112.283213843013,2267.87102661535,2342.762269980514,2569.9944985143857,2630.9297368576836,1999.294006508887
66,628.1159548000926,734.6321775177408,627.5155298085105,850.9144318241089,822.9825013151467,1291.9874658595975,714.9823964061047,2409.9633373632355,930.240091505764,885.3923244180287,885.3923244180287,1371.1954337794818,1395.2059360976918,1380.0716624560475,1377.6017516147065,1313.4202691689168,1382.834755065855,2102.3453993413564,2234.2444278052053,2166.689065458372,2172.580016357123,2179.887974296823,694.5024094609762,692.0667185456675,671.1832790381304,302.71178678172595,169.7561915311969,563.1119062733269,700.4883569447718,692.1499264037465,695.8317446026624,692.7434412158285,1072.5662600604812,563.98360940712,590.691648289737,576.4872183005835,706.3525971163824,587.1898610902482,545.1560356499091,716.9210006150005,1108.0736532084745,975.6835060392664,1051.2395390707816,834.2733830830472,887.8654742694237,700.168459676403,1194.8785486146708,1124.7047608181824,1375.6352571801851,1509.9302522784456,997.7548068207323,2921.8646332902786,1490.736912370786,1462.3863708647934,435.6392872886685,239.35038824076085,400.0561865474294,798.9224007466316,460.05522897915745,262.3483677506795,148.11543068098595,1876.929016956972,1771.958686902731,668.9665576872948,1059.5883822459207,1059.6202882099512,0.0,976.1971817884802,970.7676716679005,973.2369188375766,980.1948605887119,2085.4222010672197,1857.831272340042,1763.2706241639419,1843.1914506046924,1945.5028404308714,1814.1689749966906,1747.2758528833724,1698.4434372397013,2270.84102277761,1789.073801618622,2197.7945192364705,1555.6925405399313,1180.8227009080758,1196.6314619599282,1381.0720004635673,1494.9209818629997,1497.9852171516052,1488.7263798361166,1448.0660427585772,1490.9259551919067,1190.1197669116764,1112.2663571710827,2516.157391479044,1044.8373785490467,615.3539892921128,1272.0417088639588,977.2721401005906,2676.5523112606484,987.2786057498884,1877.2997912468986,1844.978098888016,1587.3533609057943,1866.7090158870822,1887.2170487812266,1876.9141378225067,1869.333228323916,1872.6197414661235,1878.6823050504095,427.21792217682275,354.7338213710343,382.7405978409324,291.7171777677481,420.112108139469,316.8522744438979,292.2308189986397,431.76140667907424,386.02399126749617,392.00571315668515,414.1910860535973,1891.2187913957164,1014.3370711172801,1052.4095138954171,1191.863597731863,1039.4302216755245,1137.8069439757098,1086.1368891907425,1445.8170719327966,1019.6259135484228,1087.0900090120383,1444.3111201942122,1246.1308173139864,1297.2778503756308,1173.4537068622353,1031.2097674609504,1077.5575269289693,1294.5350956419918,1302.4986129737085,1254.8636093008856,1036.6566185451795,1041.6390897981935,1100.0255984266425,1394.7291151590273,1054.1251986310012,1210.3244924387284,1295.308825138025,1510.841539521716,1580.3078177022069,946.9549394421759
67,929.2512370632397,802.8950357598808,767.9011984748233,933.9139709586473,173.86012958138502,1742.411247711478,1084.955562306392,2944.596593283161,893.487379042355,710.7953677623443,710.7953677623443,608.1272827451428,544.7434433455178,614.1789565839118,621.3697737461828,450.83959378356786,621.9356663696104,1456.2515876345653,1281.2138176187102,1491.1375610910306,1501.953912412322,1504.0292709834498,421.3074067595212,434.35168517917947,466.7704247428362,733.905162014842,1006.9471309318899,413.1758829868361,428.8553634463969,427.87757646806074,420.59375718961456,411.8123317905085,574.8500433931192,500.3964675381521,445.4704906512288,498.8338771373337,524.5389631898208,664.5782569979566,661.1935883465973,360.487885565625,365.4614560980425,325.8996124087982,238.77609266966022,178.82422573947895,258.0089396569184,350.3854454618322,409.8628375862237,372.5487195750986,1975.88346152364,2161.4701734848463,1145.457063842849,2020.886338561561,916.1922554622352,757.3195282745507,1195.1329359427316,826.1295826420494,922.5192395415229,1712.2921333829786,1293.460280952788,831.8257849774478,836.273373550452,1330.0602438511883,1368.3340085461275,308.5186940605381,1979.242063679859,1978.7925951630157,976.1971817884802,0.0,12.82774442561739,12.821418269317718,80.40381156561394,1127.6505976103456,894.3434083949352,861.1296524289165,948.6375086549355,1032.9912751240695,915.1491677955019,861.6076949323958,737.9349913661629,1352.0395648671172,883.2876138768605,1272.0045089075795,1226.986673396562,1072.7055538594664,816.9016606082724,1091.2247915103992,1863.937081402226,1867.6892170019667,1862.316931325653,1674.4568685601628,1785.2529769634798,1352.3334828245518,1391.510386806898,2144.468932684408,1413.4302877212715,985.6416803912455,1403.493797968893,1466.175142037542,3177.7720125389815,1481.1212066342841,1120.8222729295305,1060.8500401533256,746.4238288460164,1118.9516744846749,1127.7427441817606,1123.2297537856953,1114.2277408118705,1122.9823834864499,1125.2558317184476,564.927503556847,630.992941965582,599.7292867221275,689.8071610269018,607.4863206031907,659.3553477994919,742.3604374869193,604.7816513156253,603.3360872407268,631.177785146893,611.6480322136592,1779.6198878897146,316.94903555689376,429.47194753826494,463.9739171859891,371.4523172649262,523.9721204030138,326.943874451162,588.8158336658054,361.0902084706558,424.48573148000133,656.0514047047781,382.54823292030545,462.9766936032274,410.68497750379026,358.2150504345207,368.2674845215668,495.1787300318757,493.65811718424754,445.5111667660429,464.922403880282,386.98472959590157,417.850582593157,503.2869689335538,407.84698185038457,478.0963581878482,438.5278414641594,746.1465507506242,711.445093274741,606.207390307796
68,932.2521346769564,807.8518124846112,771.2582622637616,939.9338030067165,164.07663840044938,1747.2400891621571,1088.3327324038637,2949.7437340174774,900.7736877472662,718.3549712609084,718.3549712609084,620.940627000497,557.1061373347023,626.9850105634545,634.1885029983418,463.24435665722604,634.7475878021884,1469.0597757374862,1283.255686631787,1503.8874161849265,1514.7133558215376,1516.7758723441846,409.87289428328853,422.8543775907839,455.355338045157,726.1271866326332,999.629830345421,408.0299171384558,417.27147644912554,416.4278728474612,409.14362095704143,400.4912736537203,585.7615416012353,500.4913092568735,445.0590214391958,499.3233616051111,528.918432769268,667.0788969591332,662.8460964083278,363.0953962236428,377.92740586703167,336.4870847419435,251.2646841601315,181.22950826824462,265.9866055469548,351.9142763834753,422.67626398951376,385.1265542864955,1964.2222234818098,2164.2796003396575,1151.972084628553,2020.503540136815,906.329320643115,749.1368470783316,1194.036933484531,823.2459469540777,922.3436570629789,1709.7820761937674,1291.6829208080537,829.3914426629351,831.4923916718413,1342.7898556003308,1380.518463379285,304.14857225461884,1976.7990225943993,1976.3629513392968,970.7676716679005,12.82774442561739,0.0,2.6069346384808547,92.2002444239093,1136.0277545121216,902.4208515085268,872.0326621056341,959.6278517723381,1043.4228043860815,926.0678555181139,872.8972240561799,746.4136704106418,1362.0440841796972,894.0667982011823,1281.8266325722977,1238.5275853183268,1081.822649100276,827.8108384683002,1102.1824658325652,1851.3606619618122,1855.1131281887835,1849.7533011195608,1681.7441707701805,1792.0058514208097,1359.5008784820575,1397.4636350027697,2156.908923656114,1418.3899777835077,988.237198859149,1390.6811585966461,1454.3762330157924,3165.2660726012673,1469.3286575431034,1133.3835264060865,1073.2683597654595,758.5929658163979,1131.5595400496525,1140.283471603933,1135.8050044718343,1126.7998744903696,1135.5788860085586,1137.8314520552433,561.434080995629,626.8485408924028,595.4216884549857,683.6273939517367,605.3197569254755,653.9219997472729,739.4646327032261,602.937223705141,599.5184619880259,628.694930525708,609.3906576865112,1790.2723819359003,305.1985695688581,417.73380155439094,454.46929314981935,359.8316970856067,512.8193698131805,316.69313873664345,584.3277005850033,349.22158620946533,413.29527198412677,649.4940266368551,376.8652671247432,456.7464328828309,401.5627065391357,346.53524461622635,357.3633908784548,487.95019005892124,486.736249962777,438.2022331331241,452.8516472645911,375.3140688965528,406.94179926812996,499.9522387659716,396.24736365897064,468.82050924480865,433.041938097119,739.3464476684993,707.9860758106539,593.4206146366271
69,934.7041055450346,810.1302002476676,773.6827027345398,942.0884521863331,166.01401791293938,1749.536398551555,1090.7577038118877,2952.007693339314,902.7452244947098,720.2793641871314,720.2793641871314,620.5534869503487,556.165714180105,626.5703291926706,633.8264991230061,462.33683400712346,634.3544675131977,1468.6486774283244,1280.6535307765732,1503.3358445775953,1514.1795771512707,1516.2184824636488,411.3109276899301,424.2676554214907,456.7985919706901,728.3640741778331,1001.921412560815,410.5255235513319,418.65057798593404,417.85980665057,410.5757566778135,401.9716794298327,586.8852322829925,503.07819862934883,447.6562606427931,501.89912069921763,531.250971620593,669.5621744338191,665.37674970154,365.5657839854038,378.2736768774914,337.7100868217287,251.59093022490785,183.699608286189,267.8197347927229,354.4459259873349,422.53393945116386,385.370097130581,1965.553273304582,2166.747871537623,1154.061479628279,2017.9189727604428,904.872896222511,747.3032073563704,1196.643120769501,825.8357267798887,924.9382592054602,1712.3786784299084,1294.2886904240559,831.9902395110909,834.0047587045212,1342.8417783314371,1381.0702704038397,306.69111412204944,1979.3967089296261,1978.9608697396134,973.2369188375766,12.821418269317718,2.6069346384808547,0.0,92.93264034256498,1133.8943785327183,900.244842560336,870.4465244969138,958.0677589164771,1041.7020519053121,924.48588684385,871.437589858715,744.3000472823229,1360.2164017169696,892.4434899099697,1279.958306219732,1239.4123424178554,1083.447281010981,828.9379514890811,1103.2942344122594,1852.140566644135,1855.8933522564478,1850.5456732284445,1683.7194960534805,1794.063467836004,1361.4941914833123,1399.6293637693852,2157.2782505458285,1420.6716534698626,990.7167689969217,1391.0807644510478,1455.6487168008248,3166.1095050012145,1470.6039619827122,1132.5977120588223,1072.3623543871,757.5256158557017,1130.8202878186767,1139.4784901891528,1135.032674130219,1126.024550056662,1134.827822452248,1137.0594734571298,564.0076043083186,629.3956331668718,597.9613689799272,686.039036081797,607.9227550538562,656.3935599894497,742.0543850614843,605.5430236744829,602.0797607936096,631.2934391433582,611.992548250096,1791.4886262269022,304.3963363885613,416.9283868780562,452.9140996468648,358.96935454305765,511.7650724721078,315.3320423165195,581.9830295246064,348.4804958960454,412.25328368906406,647.3930041254664,374.6425439282914,454.595979273917,399.9152019927196,345.7001848418978,356.2139792309967,485.94586054241717,484.6845007752433,436.20903954500386,452.2243939412423,374.475442112119,405.7957648149847,497.5085596828361,395.37631559914394,467.2108953933146,430.79839190181815,737.2817631711551,705.5548470290548,593.4873912590177
70,881.996176675519,745.9153379368987,719.3349788557974,871.4824609480398,221.45879011289225,1684.6871898821662,1035.3070166371579,2884.913382561376,825.4892800060283,641.9866376415334,641.9866376415334,538.1670538914274,486.4282576458648,544.6662865688245,550.9622869238422,392.4777014288939,552.0397370674418,1385.7948876458054,1305.6166040296314,1422.969054706414,1433.4751350574024,1435.9551048919782,475.6129445062421,489.13319126672553,520.4869327940914,755.8537123708455,1024.2373337732995,420.36528377837675,484.52387166455765,482.2641987726204,475.05402115600526,465.1541643219423,495.18019600679,472.6609145251651,421.69629223691516,468.74799003933805,472.03925432312826,621.250207672941,622.6751896879636,320.41729589366946,286.9418246848529,247.15705958708395,160.7107227452128,150.00806881993515,190.59472306965353,316.9974794339119,336.7368319851091,294.90024062610627,2029.0818033165947,2113.611108694339,1080.469112049972,2058.288520369437,994.196617372715,830.8135097983137,1170.5020638971864,813.979178937722,893.2372872765937,1695.452437827339,1272.7590103155894,816.7917695613152,836.5005994715891,1253.716053507975,1288.489124620569,313.5825565742833,1961.6902569121817,1961.1574632823072,980.1948605887119,80.40381156561394,92.2002444239093,92.93264034256498,0.0,1108.6226774124177,878.556417383222,819.9530311249247,906.2456972437668,996.0428283176591,873.6192725541969,816.2262840265961,719.7263927941729,1318.4614524105702,843.3203312284937,1240.243441070532,1146.6000631620486,997.5662796652315,737.182801337456,1011.401480770809,1929.3965122741454,1933.141427678269,1927.5473530656816,1605.8288846699477,1718.795265214485,1284.3675796687694,1328.799604770954,2065.51569917887,1355.344220458253,940.4041925265126,1475.189395711156,1521.256568732056,3241.7279418804083,1536.1176739316627,1057.3762311792964,1000.073392747784,690.2714358992374,1054.5600809685693,1064.6868875242296,1059.5034552742127,1050.5734951322434,1058.8238423181958,1061.5199622340615,558.8034306859957,628.4342896431345,598.5583521050619,700.5591847727334,592.4090260702064,665.1933944987661,730.7973241585273,587.7092675928129,598.9024527450198,617.870000912396,597.1018267456299,1700.2751076860054,397.3250688968542,509.854741390963,541.4481755361204,451.85558502091817,604.1708972106425,406.070363133954,648.9923474232803,441.4063585522454,504.7269397637031,724.1654091892797,448.6627033503752,530.5739980894938,487.34318002933594,438.61129903913223,448.2611480759142,566.1004266682194,563.5522161375123,516.8755318258137,545.0270748324695,467.38298271739615,497.8321752980399,558.9857386518804,488.250787974957,555.0111475310014,503.5148529801933,814.9573093650955,766.5956962328411,682.1712379072578
71,1835.9265382588057,1654.5219398738402,1686.5576693282346,1708.5267173468983,1298.9530359441185,2469.784929220123,1956.3583836184907,3573.5237096775104,1609.440564541486,1467.5206413334824,1467.5206413334824,836.2144203894626,739.3809181509076,828.4811948508641,839.757004798188,797.7044496947098,832.1438418786488,1054.2336781047854,669.7722698781299,1014.829120250485,1029.8097796809684,1020.7058791252226,1524.4628087095068,1535.6211478507335,1568.5545703529926,1861.0192428969144,2132.1687579829695,1528.9328511820338,1528.3923751001792,1530.4471356876095,1523.453908269649,1517.5674777814131,1186.436547945671,1543.5780702095583,1504.122181161502,1534.787050283985,1462.539649799457,1627.5769434018869,1648.0296991861564,1381.8378595858978,1017.0076736623781,1142.794311786102,1041.081872838986,1251.498038551614,1208.1792736175803,1392.5899813185235,933.9202165500417,1000.9165380359224,3034.7208241320122,2973.9139364785897,1849.829109317405,1404.0303581048477,1462.7340026834352,1248.375917594987,2212.248751081116,1900.296098356135,1930.7874804733065,2751.8139840690274,2325.017639667337,1897.3933985536473,1939.4620838937337,1173.1944837258022,1399.9855274672882,1422.1862560298546,3011.4605331179664,3010.626380116361,2085.4222010672197,1127.6505976103456,1136.0277545121216,1133.8943785327183,1108.6226774124177,0.0,235.454394304827,399.7197523499248,372.15948992579393,272.763503435742,375.50580829873456,444.9005911651421,389.7882587406548,318.3212886189669,374.5863249351064,240.34965202831194,1438.3059680822005,1611.3807303507106,1287.6715587356132,1436.6632534489322,2835.064409447448,2838.7561679993187,2835.801005924694,2242.140761266057,2379.967128056838,1977.1546798232657,2090.1051238974333,1919.35545527614,2167.4739615688536,1900.0574394249752,2324.0129016790283,2525.250529587277,4133.02522802763,2540.2639580050113,723.2438744549526,655.9241719819685,618.3887082519153,742.6247726332359,717.1399594445433,729.8129495496388,725.7077804562897,738.8677029210411,730.6132048153323,1659.2790882626714,1731.073390325231,1702.6823033992684,1809.1443986186648,1680.3722676938185,1772.7533637733322,1820.2338598843073,1672.5003590040003,1700.280333007404,1707.762206416885,1685.748096131069,1986.797931914814,1258.6647361123817,1318.6765861107203,1209.9781320131829,1279.7123063910747,1332.0183703784787,1196.6897284247293,991.8307180104869,1288.7120951721774,1282.1531802101965,1111.1418863625445,1043.5940249933078,1063.788737427381,1175.479468715902,1276.1490595506984,1240.8346208595865,1110.7047308202625,1096.6135248548414,1106.3760805381444,1364.4768495086719,1290.8766094496195,1263.281308489545,945.1411229813912,1297.7979074872972,1203.4758401553815,1034.1760980334755,1153.179004705046,944.6606767617832,1562.0803295822575
72,1639.0191129622197,1461.8439548226038,1485.0971827885417,1528.7977118779575,1064.8105521838777,2312.771348162652,1766.9581329821012,3446.1992550835967,1435.6082148878365,1282.1089498255976,1282.1089498255976,669.4732792662418,551.3835898492888,662.9551956776879,676.0782034686013,594.1143636069086,668.4736769123673,1083.3486503534257,671.3108733563754,1062.2133981747666,1077.1216771219626,1070.5864597842526,1289.0271435896834,1300.1721741674069,1333.102714808111,1628.1883494421998,1900.3315201939936,1298.775906090495,1292.9393860404514,1295.00577442933,1288.0164380151045,1282.159935313878,1004.4813620402192,1323.2701101805608,1281.4331825275465,1315.2484775548778,1253.2492180328684,1418.8856920912974,1436.5121891452993,1161.2728407632894,811.2506070841791,931.5062980385005,821.5743270207172,1023.612864845116,988.5269229577839,1170.0912995677515,732.5307564904451,795.8786139267245,2802.6648058449587,2806.296974745498,1685.209771537082,1458.6862054720964,1269.4059278789562,1051.0683292325252,2001.946135022667,1678.570137873777,1719.701983807317,2539.93199891739,2112.8505303471647,1677.051255542608,1712.788313486411,1146.4729496294835,1344.6156302529685,1191.967207277514,2801.8393650738153,2801.0802480609154,1857.831272340042,894.3434083949352,902.4208515085268,900.244842560336,878.556417383222,235.454394304827,0.0,294.7906566681092,324.13060205867174,293.0491700370838,304.89823681754825,346.63789449494453,159.73042474570633,514.9012496579065,281.0525993842905,429.66405624705527,1346.657102897074,1466.756091753202,1136.4335542381593,1318.2953395248617,2611.4703582704155,2615.1805993661933,2611.9490834249996,2110.62619321368,2245.9785845318866,1829.41033086963,1931.9800134153504,1944.2172832049246,2001.160042395745,1703.021465645095,2103.582928373299,2292.545391905071,3914.447021487751,2307.5754121594086,711.5834553647913,633.2512216766829,482.0362535480249,727.2651330747634,708.8326527682125,717.9207132237435,711.4144777579601,725.448998935444,719.2784852615466,1433.0786735098466,1504.2817195241682,1475.297992391109,1578.8359327774122,1457.477537820588,1543.6711862431923,1597.4760075941558,1450.2832112803721,1473.8721397716388,1484.5193031848441,1462.7169847205312,1919.117610803993,1025.4209965318496,1088.8087543132954,985.4372050959154,1048.127928806588,1107.4820409290705,964.8295625343883,784.0050041993727,1056.4834417706863,1053.1108094896,908.374965939694,815.8860293855591,842.0057143418182,948.2467686724464,1044.0880408808373,1009.9832354737739,890.9770590780737,877.018009241163,882.6895266554715,1134.9824227338331,1059.7104832227424,1034.4024816184624,727.3707008090646,1067.4424298045642,980.1283248336795,810.5562365807632,960.1468882254659,755.7442891926651,1332.2237597469878
73,1455.29652350139,1270.9983332176173,1311.9847500437277,1315.7033265449472,1033.9414478808824,2070.1154725785764,1568.6773372004902,3179.020577251939,1214.2126076576797,1079.4352914615904,1079.4352914615904,444.08850261293964,371.4217109591395,435.84124664307313,445.91507762988635,449.86668290171843,438.4443033856537,813.7600150251991,965.7791419251655,804.9115646481848,819.3355671307623,814.8032822866911,1281.1481988252349,1293.8582223718272,1326.6330832833514,1570.2005990321284,1830.8502445551583,1226.8708636822844,1287.8759058362966,1287.6363375914652,1280.3629298568837,1272.1224542378231,798.4121280223935,1204.8568680049596,1172.894256939203,1194.1988403770727,1101.741078807831,1263.6878639432643,1288.6914040987565,1046.976987751644,660.753270859764,792.5248947615771,714.4845714933044,945.9308190976875,875.4473102752438,1063.1259904849653,573.8589153905621,644.046127319176,2831.849886037961,2575.2704218350127,1451.342940991505,1749.2250722327774,1441.1175790007849,1221.8746445049046,1846.4472955741371,1560.6795816765573,1568.0614046277815,2386.240881034424,1961.6788800671764,1554.136297117869,1615.2811057242257,854.201413284207,1049.9737496799123,1123.0277243512012,2641.6432530635557,2640.7023564663514,1763.2706241639419,861.1296524289165,872.0326621056341,870.4465244969138,819.9530311249247,399.7197523499248,294.7906566681092,0.0,88.3484261023921,182.69207196686617,54.067346864236065,51.975181210456356,265.156747070317,507.63295779308584,27.162776589591168,437.04297609345923,1059.0120588415125,1211.9066149881526,888.0580458190751,1043.2588459177452,2686.2979020919042,2690.0527747414712,2685.746374824852,1845.5887174728734,1982.869741471922,1577.5981124590758,1690.5734061858639,1663.863250909417,1769.0269080487483,1519.20561540439,2194.8736605718213,2320.5325767336412,4000.26182752734,2335.5622389067685,431.10410707096514,350.75367115051955,219.286996274248,444.4123927739651,430.2102473776624,437.0723890385471,429.64072970152307,443.5722512152021,438.6547775983202,1337.1237667451496,1410.0487974420846,1384.4454632478073,1502.8630243878576,1346.8320239629834,1460.8615899160961,1484.4464415684324,1337.0723822486264,1378.2559089574754,1374.887285199913,1352.5419812314155,1626.3785812833078,1073.8502302336037,1159.5930327655392,1086.4060382561593,1109.339033534251,1203.5308939879728,1027.6954820196659,945.2759270049019,1112.4824680557765,1130.013636150087,1074.1058231250431,911.7196095947788,960.7780538563766,1039.0717812077257,1101.907202611657,1077.855999346859,1014.0788256470956,1001.2867534916221,992.1185628435694,1206.245822929433,1123.3868691524674,1112.968833542883,866.5811909486903,1136.094121283353,1086.0689172108484,924.4220837568798,1141.9968488292589,953.7545186405105,1395.3420928494095
74,1518.2947554120683,1332.8026918012326,1378.440557596787,1370.0013736922174,1121.180701338743,2109.322873394821,1626.8944120925623,3202.226928694385,1265.9485787167148,1138.7557705399772,1138.7557705399772,505.1100875107321,448.3204947663703,496.45425131384746,504.9421440499849,531.0290686087772,497.77821337623766,760.9775796130328,983.7996379023538,744.5547653880558,759.282405096243,753.6754639267052,1368.9651621021667,1381.7135749799868,1414.4564577082956,1654.5840541036312,1913.69882167476,1310.6805101651387,1375.7739258608226,1375.4639019506758,1368.187791244323,1359.8763721602395,859.2567977482381,1282.8671440848577,1252.5132647548057,1271.8362937284874,1174.2753984442238,1334.5889173287408,1361.037554947277,1126.3436403102412,737.355461018496,869.7285980932442,797.0144488186603,1030.1628324325802,955.9920800134645,1143.448645309828,650.2101158894752,720.625007428002,2920.0799004446662,2618.920901191161,1496.629490530958,1755.3406667899128,1518.9831735580042,1299.3234202620608,1915.315341551172,1637.5747996373188,1638.5567017615535,2454.4809114994323,2031.2492176580668,1630.2101841811696,1695.103041584125,827.9028262864872,1039.1518977705803,1207.423042182668,2708.0044434896904,2707.021166169135,1843.1914506046924,948.6375086549355,959.6278517723381,958.0677589164771,906.2456972437668,372.15948992579393,324.13060205867174,88.3484261023921,0.0,115.10311645313601,34.99138585889141,96.79819967826462,332.72752280173495,430.64583692228825,71.41322282828735,365.78964304973994,1066.9378687565784,1247.6519286670107,930.0194295609089,1065.6066869839335,2774.158229757112,2777.9123948045412,2773.6386695793,1872.353148903756,2010.609429235804,1613.3982976574373,1731.4247676808948,1620.1645456057986,1813.927591604812,1581.9278578646813,2281.8966015387164,2408.7967604240334,4087.923805315094,2423.8247639819742,387.7063349467829,310.1919915157169,273.9744814921917,403.83169142246805,384.76058380471244,394.0862432529771,387.77408497630677,401.78699800286216,395.40551607189093,1417.8753463073635,1490.8142108741874,1465.7102065711842,1585.580701766583,1425.5021638110884,1542.9015451333282,1562.329187844664,1415.3876729051237,1458.9305746332695,1453.6173904044656,1431.2634918982149,1622.3496642097361,1161.7824481829193,1246.8028234970748,1171.5844507168433,1196.8870820895893,1289.3395797269848,1115.0502185187433,1023.089063359702,1200.2240112596198,1216.8705438943377,1151.8342608773485,996.7491499397423,1043.9501274585753,1124.8771020889333,1189.5723446078,1165.072941558537,1097.0176888353071,1084.055347783979,1076.2982750438052,1293.4982133997719,1210.8558405310193,1199.70464333676,946.9812309606165,1223.3673032414038,1170.8437621552448,1007.923686621305,1217.3117944862165,1025.1216005196982,1483.1067477964052
75,1631.9732611054549,1446.7531245188413,1490.9410027196088,1485.0344665238633,1206.6308695329767,2222.7948559618726,1741.5741021868428,3309.6626053347186,1381.0512367856081,1253.1781965151301,1253.1781965151301,618.7500374128075,553.9871434887792,610.1770333213947,619.0215001747786,632.1235624332659,611.7843672572894,805.1365592471234,916.6718054921162,776.7251458087705,791.7386432969791,784.3421671037855,1450.39598735718,1462.8156695651987,1495.7709668136222,1749.066666266299,2011.3518655867658,1406.6302794855383,1456.5243936201346,1456.8008410730145,1449.5570721390998,1441.8034628599016,973.2703555195079,1387.5180321927126,1355.2925696697853,1376.8823732837093,1283.5707131005156,1444.9344389892076,1470.4932342654886,1229.4567255191869,843.3860836026192,975.2109704469074,895.7759299312759,1125.4100389959358,1057.6373930199547,1245.334612980234,756.442352805461,826.6734787802939,2995.5987889195467,2733.2261664584657,1611.322119017538,1672.4763912265807,1542.8285752910592,1323.0740698093055,2026.8388778472797,1743.370774137763,1749.1860239678294,2566.3529847609493,2142.4279383370394,1736.787429945411,1797.5610531315315,903.6978376959919,1127.3771548415318,1302.1416041439431,2820.6958935344524,2819.729038795603,1945.5028404308714,1032.9912751240695,1043.4228043860815,1041.7020519053121,996.0428283176591,272.763503435742,293.0491700370838,182.69207196686617,115.10311645313601,0.0,135.2392685579427,208.5412364016596,356.5199472007746,325.3988718871718,156.4839256590146,254.6703088368538,1168.208531904462,1360.6053078008604,1044.4572990250967,1174.2011634605342,2835.6503892911674,2839.3946760897416,2835.4632913947253,1981.8936946289896,2120.464986297378,1726.157784141177,1845.3459060393309,1670.9015091532442,1928.5186853319062,1695.6919107474534,2337.2506884433183,2483.9005085908566,4146.868953651714,2498.955120318118,454.512942728174,384.3669605812282,388.15854330781673,473.1958270736984,449.22992673990757,461.0903982538393,456.36519062947144,469.8580984935511,462.04002760716065,1519.0996170346482,1592.0034830128686,1566.1640842313225,1683.568238171288,1529.4069638016904,1642.0938256317181,1667.1066318869287,1519.6966665229324,1560.2564021829432,1557.450351742364,1535.1082380128883,1714.0350855612974,1226.531182710325,1305.4488878365441,1220.1796955121818,1258.1156233164222,1340.2141307758639,1175.186446749076,1049.5722884484055,1263.0272270143782,1273.4402250531768,1177.1585704935153,1045.7070375640913,1085.758563037516,1176.4474113864765,1251.762508538703,1224.072268163597,1137.705087780758,1124.2585458007654,1121.4689958367587,1352.2702801356875,1271.4370395384967,1255.6470276118375,981.0206988669037,1282.520411381446,1217.7920931841315,1051.1053101995235,1236.300918194832,1036.769610231794,1545.3155958996492
76,1497.1803610212892,1312.1696123822483,1355.74814876543,1352.6467065877812,1087.9047424544615,2098.545064933309,1607.9101566723918,3198.1856750616143,1249.652427732816,1119.140767944795,1119.140767944795,484.14596676339517,420.3612153483191,475.64210686060454,484.8145541766863,501.1352967422884,477.5052351281086,785.2944593545656,970.4918660496004,771.5643024619774,786.1964971997173,780.963259570517,1335.211892868521,1347.9240487266668,1380.6972563750546,1623.1483966715207,1883.1337427165843,1279.555855895566,1341.9430443041826,1341.7007083016858,1334.427125383788,1326.1809831073338,838.8223010070993,1254.7534454101396,1223.594474313641,1243.9041254447118,1148.7550622975418,1309.8614894770915,1335.6448191541413,1097.5334986240423,709.7760997172285,841.9170568175332,766.5241580798902,998.7797565352445,926.5585749436136,1114.1591855386894,622.698639133674,693.0481050893029,2885.853439979801,2606.3488306024256,1483.1517961443096,1746.9688844506875,1485.8211093369036,1266.2507140136897,1891.6123305190276,1610.0492304947336,1614.068640277707,2431.1141830417946,2007.23439809746,1603.0837560504947,1666.1220354713198,842.4350761596392,1047.960315172493,1175.9603451451576,2685.515137320524,2684.551126478249,1814.1689749966906,915.1491677955019,926.0678555181139,924.48588684385,873.6192725541969,375.50580829873456,304.89823681754825,54.067346864236065,34.99138585889141,135.2392685579427,0.0,74.14739205024712,301.64251391149924,457.5728968665728,36.840928608941276,389.5707777908739,1068.4323681000772,1238.0445047179885,917.6235819803106,1061.3393874127112,2739.217859426057,2742.97187624612,2738.705071103833,1866.6586174780975,2004.54944509382,1603.9181608780007,1719.8776037002829,1641.617294765344,1800.6991039228476,1560.949473912773,2246.9081873610953,2374.513782796429,4052.9524297474,2389.544724750765,407.7686637480731,328.7362528706402,254.5005707715547,422.87732172794495,405.59860517066926,414.0169371516028,407.2473600732262,421.2876020116108,415.4426844077477,1388.3962870196515,1461.3339551642011,1435.9684953642927,1555.0732739462048,1397.0790291310811,1512.7561815741237,1534.310837828903,1387.1398918147963,1429.4946611103223,1425.1672748629123,1402.8153450111756,1628.8429264557494,1126.8646331761277,1211.811528838022,1136.7780048064658,1161.909377476502,1254.4489878136926,1080.0619477785526,989.882623112078,1165.2680234810705,1181.8863987735308,1118.669802115599,961.9592722956814,1009.4944886468838,1089.9839828259485,1154.606250089056,1130.08173535807,1062.6129443017899,1049.6847907891204,1041.653297226439,1258.5072724561703,1175.8725687069323,1164.7264204433945,913.123138282977,1188.3767376023138,1136.100613391824,973.4008060233823,1184.8043683413223,993.6898067516795,1448.1526963064464
77,1423.4475212922,1238.3029853015846,1282.6079542473442,1278.5290543578244,1033.101783516354,2026.4182087690838,1533.7955685137756,3130.761412037961,1175.6623546956982,1045.0804102749978,1045.0804102749978,410.2670613587278,352.11282179931175,401.72416948870386,410.76890327980226,436.3547436759102,403.480959812614,770.2231903098709,1017.7204207436976,764.8043534315301,779.0380476712943,775.0647728364189,1282.743313783283,1295.661426649358,1328.2338253693629,1561.4755161436105,1819.2451419259912,1217.1419764265358,1289.9340833494466,1289.2860931607524,1282.0025223769478,1273.383954010703,764.8821660301232,1186.487786111531,1156.585596601486,1175.3815101255548,1077.507818606846,1237.9637179864883,1264.2887364168134,1030.363847128876,640.8372322456751,773.2727504157579,702.7988880634855,937.1840690206518,860.5291278036859,1047.8144359415794,553.6891026471898,624.1096311056772,2836.0090587379786,2533.3500140427523,1409.8884285409697,1801.041260244275,1472.336795951704,1253.7204588114334,1819.0341018420913,1540.9629518842808,1542.0025121244482,2358.3504233268304,1934.8536613924668,1533.5032915505055,1599.1701473596145,803.6521241537989,998.0427191003351,1114.4991221344262,2612.314339766438,2611.3417056410094,1747.2758528833724,861.6076949323958,872.8972240561799,871.437589858715,816.2262840265961,444.9005911651421,346.63789449494453,51.975181210456356,96.79819967826462,208.5412364016596,74.14739205024712,0.0,308.2680813786024,527.4439960977028,71.6960379303322,461.8505864631577,1007.8505484864673,1166.764182978159,844.9410740220283,994.3985739414813,2698.6371230385716,2702.395069600528,2697.906364081908,1798.0328495573458,1935.5914514536348,1532.6105461026352,1647.4061549342848,1616.4543243170947,1727.4957625607883,1487.1803890505275,2210.8101512813882,2325.2191474339115,4013.3949179022193,2340.2226932061135,385.7756066474284,305.2782031686585,180.35327049600917,398.09058890554877,385.59205295463653,391.5621756939996,383.8252112640995,397.628911932829,393.21916393656284,1322.350158500937,1395.2800597255366,1370.4132719883607,1491.1012709045553,1329.2595667545827,1448.0038754115626,1465.8901782933656,1319.0588798330218,1363.363394607774,1357.3865761458146,1335.0334999974787,1574.4757005610322,1086.6206413720208,1175.5356374715602,1107.824684945469,1124.0106416821739,1223.414584351847,1043.2680709938834,977.1569697902577,1126.251446152449,1147.1727401227586,1105.8623569314984,933.7321671792685,985.9919346240265,1059.177660097291,1116.0596800128335,1093.8745279225245,1039.562681285392,1027.0494504533913,1015.5966371016938,1221.9815119818966,1138.375507189789,1130.5199295350021,895.7787138468536,1151.8326977125287,1108.2976058370914,949.1766849416181,1175.9076030799786,991.0307345720886,1408.719208182977
78,1486.1755720662966,1311.1210204502893,1330.7263265107204,1383.923277039125,909.6159781634693,2177.184098211772,1617.023045407739,3324.184841726098,1294.0699620150986,1135.3558640916597,1135.3558640916597,541.2070621507785,411.4201903874259,535.76096270819,549.798187723414,442.87238142878533,542.4393421426507,1078.1917769428694,763.2529145966503,1070.0139510582121,1084.4595706387747,1079.8415098635562,1138.6968884266114,1150.1972599711196,1183.2313470739616,1471.234691483651,1742.5920054350304,1140.0766687210496,1143.1841143118022,1144.8004801037432,1137.7260377643784,1131.3839217173986,861.1633438384517,1163.7960571532374,1121.746243428198,1155.880813652126,1096.4523865472484,1262.0770793209256,1278.8424776609872,1001.8108253776603,657.0373048563634,774.6247251781928,662.500416585453,864.1755856733323,829.2847462933058,1010.4292038273311,580.9935421859261,642.0799863448992,2664.6354358878,2664.6912168777294,1547.471894267685,1560.3815281784414,1189.8944273042853,970.0113089334839,1844.267239718593,1518.9102135373364,1561.9562349132011,2381.697260556959,1954.6641486956094,1517.510761846804,1553.2410619903978,1101.7929797988106,1276.9049741671097,1033.2767361285712,2644.083921097088,2643.3436319734124,1698.4434372397013,737.9349913661629,746.4136704106418,744.3000472823229,719.7263927941729,389.7882587406548,159.73042474570633,265.156747070317,332.72752280173495,356.5199472007746,301.64251391149924,308.2680813786024,0.0,638.5082206857328,266.50976405620145,554.145513699131,1255.1342050245948,1341.239045296647,1009.8492156660577,1210.057708529243,2488.0232825307157,2491.755305288254,2488.123483525936,1989.3826313187456,2122.886136886625,1700.2017789057186,1796.8097232281953,1923.0014701021037,1861.5877329378857,1550.030187469707,1985.6063308807336,2153.4606039418168,3796.4617768710677,2168.515913162583,694.0436649648132,613.54612760083,388.49371786610857,706.1879992065108,693.7913380897321,699.8239014973267,692.0556205358976,705.8309614425189,701.4845553005496,1273.4538346168447,1344.7332905650974,1315.837987409933,1420.2374452842691,1297.7687728465476,1384.6182491273867,1437.7663050457966,1290.6093822854687,1314.2730789526324,1324.7980882053387,1303.0029491098605,1837.3830861156666,887.5635558928827,958.9134323544203,866.6395513394962,914.578030287081,987.5665180599716,831.1058085387646,694.9484751552178,921.2745677190459,925.1784472840142,823.1895487111478,693.0477710623595,729.9457268874054,824.8217250534758,909.3749950024223,878.4073102956319,781.5813105292373,768.0627391701404,766.6583104744773,1005.5969917928402,927.0921248965724,906.9410251573856,624.5485403766934,936.620235560984,863.4760080527935,695.7550393392917,885.9900987383149,692.3998201393287,1201.157005665211
79,1942.487029542056,1756.1489321057102,1805.9754117188443,1783.5741402114882,1525.8996942934737,2489.718825220018,2045.0706005612717,3533.3171265197343,1676.231382599889,1560.0137437147903,1560.0137437147903,931.8925020600415,877.9337711307527,923.0628558895868,930.4023389417068,957.4242013607,923.5327124881813,861.1054259797525,944.5275213629036,802.4171220877126,816.5401208500814,804.9927675828039,1765.8507568365492,1777.9496982793362,1811.0025516098442,2072.9211918010874,2336.2508581590428,1731.1986302739144,1771.3661393966404,1772.1565811639025,1764.9607902757293,1757.7075637477599,1283.4180087435611,1712.2444193734373,1680.5240478458122,1701.4476452535755,1604.8214256799115,1764.672560752622,1791.5170263787495,1554.6064887286682,1167.3350929152095,1299.4882334217225,1221.1158324746816,1449.9226827784,1382.9814213357363,1570.675415365879,1080.2406499116407,1150.6058816784941,3302.164924308984,3007.2453532374902,1894.0240592857738,1606.8777887914025,1775.7111441392178,1559.4750379455197,2344.1262085866715,2067.6191851035187,2068.363562248346,2882.628394968158,2460.441987355375,2060.566027545255,2122.875461621317,1042.4689914276307,1295.0557157191647,1626.3464233186298,3134.4398497548086,3133.416659482189,2270.84102277761,1352.0395648671172,1362.0440841796972,1360.2164017169696,1318.4614524105702,318.3212886189669,514.9012496579065,507.63295779308584,430.64583692228825,325.3988718871718,457.5728968665728,527.4439960977028,638.5082206857328,0.0,481.7697749284719,85.31074747937038,1381.638765956709,1628.2593837203542,1327.8573508679005,1419.0647399784211,3123.749429461023,3127.470451635766,3124.0507677006526,2223.2415289250603,2362.773897754422,1989.6616003711274,2117.9914764759246,1702.701454510971,2208.472302802651,2005.7101476945513,2617.6295095859955,2790.704746106507,4428.743209383199,2805.7651807515977,619.2676709372756,579.9817077566955,700.9858428169877,640.361438376844,609.694118643643,625.0156218968662,624.8674799405811,634.605135768273,624.9248417262476,1844.4947320900553,1917.4004009895395,1891.5526548986968,2008.6092566894652,1854.4010080451399,1967.3619821427983,1991.8199384068862,1844.563537830269,1885.6494220240377,1882.4679925361563,1860.1200380321013,1880.2137317086501,1525.9088372567928,1596.6043864432595,1498.5673973379837,1552.9769770850558,1620.4111328268946,1469.487417238445,1296.8880146886627,1559.7809146924249,1562.1818563932327,1419.3801407161695,1327.2188899034452,1356.4178694277552,1459.5772597174307,1547.8646126097635,1516.4569718029798,1405.7357883025982,1391.7999117784295,1396.4090080674064,1643.1757037560567,1565.3712709642605,1543.7408242106044,1242.267062394006,1574.5406570287887,1493.840328919224,1324.427332401575,1465.8049574956947,1258.1575349960065,1839.2877201358706
80,1482.4496273997927,1298.1284610586085,1339.135794619682,1342.508491087374,1056.3872024450457,2095.57083860183,1595.70332371277,3202.254484646092,1240.8278032543813,1106.4820672832868,1106.4820672832868,471.1042581410843,398.078823572752,462.83414840586164,472.82801392050266,475.6663217128465,465.37088831103387,816.5483394015753,950.4883781306387,804.7678642297305,819.3266891276219,814.3534359176848,1302.7560897134458,1315.3961364300087,1348.2240691271509,1594.561889881203,1855.8146323593826,1251.5253585220746,1309.3349547487855,1309.2248078664873,1301.9570960005162,1293.8378966416353,825.49169612767,1231.0894071746618,1198.8185423411755,1220.4956220919112,1128.6415804878482,1290.6866570834734,1315.5930649823483,1072.973277552124,687.3046324915017,818.9553400797173,739.735316412251,970.4546352604863,901.2120572651802,1088.906795892995,600.4728299830555,670.605838126368,2852.356281720527,2601.2525337324937,1477.411391770952,1731.3095144164465,1449.2177175375832,1229.6866037184323,1873.5258240551773,1587.061747293989,1595.0706059478691,2413.3352310360997,1988.7252195038384,1580.6361134949382,1641.1168024521098,865.6047745971148,1065.6854495241555,1147.4402201713942,2668.785219970362,2667.845097977307,1789.073801618622,883.2876138768605,894.0667982011823,892.4434899099697,843.3203312284937,374.5863249351064,281.0525993842905,27.162776589591168,71.41322282828735,156.4839256590146,36.840928608941276,71.6960379303322,266.50976405620145,481.7697749284719,0.0,410.45978880681747,1079.0191000954048,1236.7979918459641,913.637487275732,1066.0126751111975,2703.733827999977,2707.4870261517444,2703.256092004147,1869.2824645519922,2006.7337775884541,1602.568599753003,1716.1875200678182,1670.275565067149,1795.0885906637327,1546.3559163918856,2210.8363715800524,2340.9082500815466,4017.2672163887382,2355.9451393545414,436.40297516247506,356.57111041157907,245.48975542733473,450.6745895892373,434.8272147988096,442.5290261410194,435.43208129789144,449.44375786273815,444.0313909589902,1362.7617131218728,1435.6755530564324,1409.9422023704847,1527.8993575061868,1372.9294426966385,1486.1239165150967,1510.6747285122565,1363.2368499540403,1403.9089904598231,1400.9705260399858,1378.6290054747183,1643.974900174006,1091.5272182818685,1175.873612480125,1100.1747112783016,1126.1999616286435,1217.9753243363955,1044.2226710852638,953.2730568679812,1129.722859852298,1145.7699453228406,1082.0727844535243,925.3370549168227,972.6812041415346,1053.5163327205992,1118.9929516378381,1094.1536162064924,1025.789066285509,1012.8553108864631,1004.9142551250078,1222.5914323751579,1140.1034582413733,1128.558133060789,876.318920993051,1152.4778991023666,1099.4321497261894,936.6067859949338,1148.4997599389674,958.0031037317805,1412.6101021498716
81,1883.621324225566,1697.8532926375174,1744.2293455166237,1730.9516414207365,1445.8250673106556,2451.200574574048,1990.1332331511203,3511.1868669969176,1625.0930594000183,1503.0134216956367,1503.0134216956367,870.7089517398572,808.4646765315726,862.0091190321801,870.1916826562642,885.1204187285055,863.1092833578773,878.1664253503819,886.9919724226487,826.2169342094036,840.7857292034729,830.0918521396993,1684.2967769354186,1696.2977354580446,1729.3631343687975,1995.5276797513145,2260.2658799865167,1654.8250385801152,1689.6353961345806,1690.5708420580481,1683.392381279769,1676.2911711886093,1224.3687502557611,1641.2223029659622,1608.1394971645145,1630.7466955046373,1538.2240025857732,1699.428231664422,1725.1388713459305,1482.5536463623719,1097.7608716738193,1229.3831706789879,1146.9347828166176,1373.6129708983506,1310.1477457467402,1497.7858248983753,1010.8980445644751,1081.0597461362245,3218.411988057625,2966.205718968861,1848.5859154657294,1574.8753461734232,1692.059828471097,1475.442815260453,2280.8819692692523,1997.4216382522086,2003.612473028382,2820.181779122737,2396.653500529675,1991.0901951391727,2050.0002610038414,1039.9042856648125,1286.2240363021917,1549.5294659497636,3073.7776259418133,3072.791932252808,2197.7945192364705,1272.0045089075795,1281.8266325722977,1279.958306219732,1240.243441070532,240.34965202831194,429.66405624705527,437.04297609345923,365.78964304973994,254.6703088368538,389.5707777908739,461.8505864631577,554.145513699131,85.31074747937038,410.45978880681747,0.0,1359.5558600616594,1588.4271034334195,1281.2565267523698,1386.8831184325938,3038.5708305038934,3042.290985031128,3038.8874696384564,2193.881539609133,2333.2433000702435,1951.9572409778013,2076.889420897156,1731.7221366583346,2164.4763350578746,1947.1596243617967,2532.327387637035,2707.052125671166,4343.435291989242,2722.1111339597883,602.8420212430863,554.0893149498207,639.3961575153082,623.8579951027486,594.1410393660884,608.9727279748379,607.5911186833464,618.6014347951524,609.1584729197921,1770.9497843218733,1843.7818249892266,1817.4870890180887,1933.0222537445202,1782.725830767385,1892.4842486632976,1920.774212587372,1773.2054722244497,1812.1410434585289,1810.7237165167817,1788.396200950056,1874.0268239007892,1441.6975502929677,1511.7397255262013,1413.2960033100055,1468.366385557598,1535.1543716996673,1384.8704443421875,1212.0983467925223,1475.3158149206397,1477.2036743601423,1334.9135871602166,1242.0436581849888,1271.107680416666,1374.4146606988368,1463.3512686191584,1431.6919987670851,1320.441683628291,1306.5088023207045,1311.109986236105,1558.2837637983978,1480.6900059948273,1458.7382531817952,1157.0342930098914,1489.7330534068938,1408.5430698982047,1239.1227919057412,1382.148239119959,1174.8270152158093,1754.5271853492595
82,960.508097608746,821.5666177404124,928.2012411690463,726.5935220350631,1310.0517144825621,1162.0567851909502,963.9769558538287,2152.0489113588505,630.1277230877375,688.0743602976169,688.0743602976169,752.3076169075695,895.5428363078353,753.8219081723178,739.2426489562707,933.9986792580049,744.901961535354,707.2329918725158,2013.579459784184,793.7672993564573,791.3636109315493,803.9198938939707,1519.8810254454286,1532.8070235047994,1553.7959951350897,1550.238608842446,1701.9087474918774,1283.25757322219,1532.6932496643437,1525.5958449308762,1520.0555839403955,1507.5988770470042,658.0839394115499,1104.8988753693102,1126.3129592179862,1089.6508890834937,929.3587943530825,984.2251604540423,1028.7671658077134,1051.274920079431,873.040578481971,906.5091953475924,995.1533701744837,1134.3331552193192,1002.9749847789652,1083.4408475685984,865.5268046003271,871.2322504066203,2908.690654664149,1685.1960694041868,689.2364502827282,2805.3111319898394,2128.547416686786,1943.1625253063423,1369.865446259583,1318.3462357069186,1182.002343898309,1830.205288497862,1480.1987857856636,1293.615925161952,1436.2917486943838,429.0449352185928,223.3893574916723,1238.509100260471,2032.7496983425137,2031.166316904634,1555.6925405399313,1226.986673396562,1238.5275853183268,1239.4123424178554,1146.6000631620486,1438.3059680822005,1346.657102897074,1059.0120588415125,1066.9378687565784,1168.208531904462,1068.4323681000772,1007.8505484864673,1255.1342050245948,1381.638765956709,1079.0191000954048,1359.5558600616594,0.0,405.83518794286397,422.9990724756215,174.83917023091146,2932.658230862549,2936.216823703501,2928.6943603529667,852.1811282152846,991.0258705829737,679.4099186549265,831.0983005057452,975.4585691735159,945.4209635195515,1001.4314315710786,2547.2022411365447,2449.360890468561,4198.307579925133,2462.4422904347352,762.8616271858881,805.4735114465617,869.0057739401173,741.8473369975575,772.7638544234453,757.3101754272241,757.003158862976,747.8019536381064,757.5350492704179,1260.946025573334,1311.6652257889823,1308.306125278742,1439.2768101617926,1211.2225200613395,1386.430445929735,1286.956141452482,1195.6614482043265,1286.8655495393969,1231.722393752425,1216.3758663528722,588.8158105081924,1543.62698621521,1656.1363678964672,1678.3875978656529,1598.3561499511893,1750.365636386823,1549.781615618887,1705.3651865259728,1587.3585813543864,1651.0866838724664,1813.321669211761,1550.0366855466955,1630.423236536719,1622.4323661088274,1585.0295321008482,1594.06432929984,1676.9038436995636,1670.3329337591474,1632.0318849625082,1689.7306157696971,1613.8113187553704,1643.5151848730952,1606.2389499622009,1634.7746056074416,1689.6549648611121,1595.6026614222437,1902.7771983061148,1783.2083219538588,1804.6220966534167
83,565.2962037955867,453.6900051257064,563.1879076130558,332.1884993238162,1104.7917237995296,862.9475035397351,558.1725158747627,1983.1335038038146,256.29253493549265,388.8029350087712,388.8029350087712,800.2006920034195,933.5665534902255,805.9499458215141,792.2189312253397,931.3931880627835,799.7112886133549,1083.8189078230162,2097.6431943974994,1166.4657534196401,1166.5305951616012,1177.901196323823,1270.2445396845108,1281.716691271475,1296.4277682899112,1219.1741700686255,1336.1017059953276,1004.9352659999316,1283.5687086344221,1275.0230963651538,1270.7185342109487,1258.3550642474838,527.9945679956478,803.5148437906862,839.7177569016746,789.5913276742251,641.6704973474461,643.3976113424073,686.72257151267,800.959402147614,782.5165991138495,753.7765852348688,877.6547579316448,934.4616112702689,817.7527937035337,831.1926889394027,816.3961570746919,788.6718920883566,2550.904182036303,1379.0253916577653,293.4034419677169,2894.5332051676214,1986.6428820149192,1828.2903588979177,965.3369680784507,949.6677466144148,792.8264250603345,1427.6662251867651,1074.7566617548814,922.6146494345702,1073.9388475373858,811.9882915281644,628.8676179381528,988.4026437404476,1637.3911188885436,1635.881475699198,1180.8227009080758,1072.7055538594664,1081.822649100276,1083.447281010981,997.5662796652315,1611.3807303507106,1466.756091753202,1211.9066149881526,1247.6519286670107,1360.6053078008604,1238.0445047179885,1166.764182978159,1341.239045296647,1628.2593837203542,1236.7979918459641,1588.4271034334195,405.83518794286397,0.0,331.3898417244869,252.76394111706995,2612.019344250221,2615.450253000681,2607.2944994236295,650.1477096041401,781.8804408615317,365.8747904316246,490.15990646804534,1336.192030508708,587.4512117610427,600.8501046056155,2266.320821258046,2112.726314937176,3848.8127056386174,2124.985864661052,1038.6305466009842,1055.7343615586067,995.0029251796523,1019.4925912844587,1049.6447986458045,1034.5606903948865,1031.2408569378083,1026.1110411044453,1035.4410279573467,942.820469384798,980.8396629386666,984.3673224786601,1105.641188981734,881.3808520665518,1054.6969322405164,931.5680085929271,866.1062237935196,960.909922337379,897.0537902713523,885.700663027964,753.9698475071303,1372.0568539784672,1480.5947748416415,1536.1436443512596,1426.8457924467477,1583.4580373851475,1396.7755411557766,1628.1775893384543,1412.0226272395387,1485.1653279052146,1716.8423110979725,1441.4999114723066,1524.124659966397,1483.3535259488233,1413.0066610761576,1433.1398028498525,1562.5568718548877,1559.2056986683203,1513.7458291572293,1505.7470069735166,1440.9420347192406,1481.9888974312519,1531.4021333892856,1462.4624240192377,1550.6402242566287,1494.1521125214263,1808.1077006286923,1729.6722124128796,1583.3423841578842
84,672.786054644065,495.6457506755466,585.3260304099501,471.1690036584404,889.0519287243876,1182.1411472413804,739.4710018821593,2314.456395600179,358.84309522348843,312.97147267175853,312.97147267175853,468.85756158817617,602.8170346345365,474.6896854529192,461.05595643431786,605.8364435607767,468.5797446135995,915.8922444933606,1766.9996128072014,987.2965163007011,991.2641057325405,1000.1114943937457,1097.027247861534,1109.9973072850764,1131.312800456693,1150.2578124609824,1328.4394522193263,865.3958966941194,1109.8088334186868,1102.7726998334122,1097.1906227037025,1084.7433662719359,242.05347051062398,698.2422143264012,713.17150500654,682.820681651739,522.70577002338,609.6472165617218,652.4898000006722,630.4113589917529,482.9860804923943,491.75825859015447,595.1417954004216,713.0302099966696,582.6355909924514,662.5420015208516,500.7055517422398,485.5268352639985,2517.33854661661,1688.9290700998406,567.4533901564805,2564.2393942027907,1729.3565240894493,1554.7340934269696,1099.9605956746343,957.596731933581,862.1307650739724,1614.3293847027924,1217.4250874907384,936.8428206049372,1064.4503083724198,680.3152570579158,605.6745872668552,816.3321069704847,1848.3887893721433,1847.115969183422,1196.6314619599282,816.9016606082724,827.8108384683002,828.9379514890811,737.182801337456,1287.6715587356132,1136.4335542381593,888.0580458190751,930.0194295609089,1044.4572990250967,917.6235819803106,844.9410740220283,1009.8492156660577,1327.8573508679005,913.637487275732,1281.2565267523698,422.9990724756215,331.3898417244869,0.0,274.43434050606453,2519.6967153267246,2523.2953436983557,2516.0295620944644,980.5334170099975,1113.159362089844,693.1008641791877,802.5519017092599,1388.5333031663058,884.1721166606955,729.2873300935166,2125.5087326642856,2045.3844915515103,3797.4206807053506,2058.8722417878676,772.8351965370987,773.3560441489296,669.3976718275673,756.1834735298696,783.9163637432653,770.0120902220085,764.891275261828,762.8197499295774,771.2789944530805,858.7557580469908,915.9350801763087,908.3588141608724,1042.7264024873791,817.5190914232237,989.6586278610064,912.0848207821023,802.2412458927454,888.6198531743726,840.8018148893332,823.0883082062978,963.6212157615023,1131.1564866465553,1243.2422281124293,1276.6432738002693,1186.2535231248353,1340.5141939072162,1143.1869104001178,1334.9287904649539,1174.1205681158895,1240.9679938246952,1433.1678914895704,1161.8767189905584,1244.021711401734,1221.5180542773085,1172.6978113066311,1185.1490305138589,1287.0182429335018,1281.913689907543,1239.9920984603505,1274.8018983948036,1201.4170001743655,1234.7317692744853,1236.381037354208,1222.6632931567558,1289.2433658938628,1211.3178929238074,1524.1130544335658,1427.4455625793826,1383.2399381057157
85,790.4584989623694,647.2927864602608,753.5568352432454,557.6914928054362,1161.0111544571012,1078.1823141206328,804.0842335963869,2136.863492034569,457.7041642423199,515.0414468760514,515.0414468760514,679.927067202844,823.0888174496131,683.3677737048687,668.6527547902242,845.6881331374442,675.3309658292919,831.3253571673788,1973.3072719902366,914.4310358741357,914.2422023889101,925.7431573063467,1361.4462573541323,1374.106222467495,1393.8005711269889,1377.6045043425866,1527.0735767102428,1117.7800315664006,1374.4337744336708,1366.9776789767345,1361.6889977816352,1349.1939560503995,516.4314761303935,934.7726788108257,958.5355740436406,919.6308351609824,760.010173746048,809.8023189509051,854.3600882228451,889.5057720348906,751.0335556815375,766.1921753991554,867.165338396,984.9703998313485,855.627513170225,921.5893390293339,757.7235457970056,751.8452893669256,2734.330429608746,1600.8481675915868,545.7502660348723,2770.0864534191996,2002.5339940191616,1825.1580343862863,1205.154553134841,1143.5720039157702,1009.5642143946383,1678.8671793467245,1317.3118376078094,1118.9277488467867,1261.4669018111313,559.3202964972926,393.29737641138166,1078.346188038287,1890.141339481419,1888.6338568852304,1381.0720004635673,1091.2247915103992,1102.1824658325652,1103.2942344122594,1011.401480770809,1436.6632534489322,1318.2953395248617,1043.2588459177452,1065.6066869839335,1174.2011634605342,1061.3393874127112,994.3985739414813,1210.057708529243,1419.0647399784211,1066.0126751111975,1386.8831184325938,174.83917023091146,252.76394111706995,274.43434050606453,0.0,2762.7454154172856,2766.2854640353003,2758.6568558541962,808.1521082603898,947.1498789889237,579.8536801758793,721.8500207013906,1148.0222309093106,828.2051735177737,833.8402475395729,2384.4763724926006,2276.886283296037,4024.8569659199907,2289.875155869189,812.3928127770697,839.6872472870424,836.4413787206607,792.3029597137296,823.1388780151281,807.7201451313756,805.473386220926,798.767966985326,808.3706243256825,1089.2274672689084,1138.6517004977477,1136.0242024554948,1266.2027145108616,1038.0926582835225,1213.4629659747186,1112.238208103732,1022.5227884785373,1114.3082866776338,1058.1956017906364,1043.1784070051674,690.9690520741408,1405.5793295618364,1517.6370951325778,1550.0692441183535,1460.6818130477293,1614.9253545352142,1417.29271655981,1598.9339400367467,1448.5048438424144,1515.3800579025774,1700.8455561488688,1431.7132897811239,1513.4444826205645,1494.747228057883,1447.1215408120152,1459.4897586263614,1557.5613686793065,1552.015337274805,1511.0893896032926,1548.9928141219673,1475.836873816912,1509.0731274971622,1499.9304168861636,1497.0894907518968,1562.4210361363496,1480.003233274496,1791.4192496254752,1685.8149583137374,1654.2883920307343
86,2103.163054041004,2161.387179246576,2053.3613933841248,2302.531550901126,1711.6875444874834,2760.474244861127,2207.465872655961,3771.8597427022814,2356.270708950441,2249.626184759592,2249.626184759592,2466.8802794867497,2407.466266316517,2473.623631245177,2479.3098132031255,2314.040001178059,2480.759758953847,3311.7438373740174,2592.9419257104178,3351.8741207647636,3362.1346908653218,3364.916913413298,1461.5068587010974,1447.7032180088074,1419.361448307503,1392.8536655900812,1325.1687531529753,1655.5969000299224,1450.8490564517815,1454.9610090391336,1461.8078405030647,1473.1005851630498,2314.6974916660142,1828.0215929144867,1807.2204795669506,1843.2051321132333,2003.3125963902,1968.8534797647585,1925.3241309113746,1893.84682672858,2199.973017892767,2101.854451602509,2082.916209434774,1864.3851235167363,1990.3073836417805,1862.2473632253245,2263.6318277282858,2211.864976457277,449.60644806162514,2859.2841808241888,2477.4025156958933,2945.8768038458447,1463.3086831417374,1637.0881884592598,1896.7438396696493,1688.6530603586184,1886.151745324266,1964.7204018331713,1868.1827590888179,1718.426247980199,1560.1412403132285,3153.0376926489366,3125.2699945850604,1718.0947169135427,2115.4205417895514,2116.8528523990108,1494.9209818629997,1863.937081402226,1851.3606619618122,1852.140566644135,1929.3965122741454,2835.064409447448,2611.4703582704155,2686.2979020919042,2774.158229757112,2835.6503892911674,2739.217859426057,2698.6371230385716,2488.0232825307157,3123.749429461023,2703.733827999977,3038.5708305038934,2932.658230862549,2612.019344250221,2519.6967153267246,2762.7454154172856,0.0,3.75995626529132,9.293110350819616,2942.7891168423944,2980.888983253393,2679.721067473985,2607.1646500545503,3906.9374853299764,2537.4791528809174,2101.696809980282,518.6323083786618,518.6321036495953,1315.3340624370796,509.71987243105883,2984.738132937321,2923.6624222874284,2606.021308432738,2982.8444972012417,2991.5939179903144,2987.1650554187445,2978.160533240906,2986.904920056096,2989.1913608279524,1675.0059986956035,1631.6506013855833,1630.221371424359,1506.3790909597617,1731.7591648472055,1557.4662234793063,1688.0137910181556,1747.1957636397176,1653.0213261093934,1715.1172254512621,1727.2047291994397,3355.826028643931,1612.4770149636158,1530.2630840941297,1626.0790626689013,1577.9700477317908,1504.0043930343681,1660.6013605767537,1854.6984978982728,1574.0242530061635,1563.005962914718,1749.6445593818519,1796.5307237578281,1771.2826231067272,1664.1789102477262,1584.8524213920277,1611.5794801883226,1724.7672134500704,1738.8822332344876,1729.181111135599,1483.4479925228006,1564.4028812178167,1581.1353404821857,1890.7038647644533,1553.1326293730517,1631.8637801638927,1801.4024623585676,1736.5096893927919,1934.7569042082307,1291.1506777167997
87,2106.4094043793953,2164.7824955430583,2056.742379556649,2305.880646497101,1715.4239106513264,2763.228727782069,2210.59961342017,3774.015097657427,2359.690982388192,2253.142552341574,2253.142552341574,2470.620632397241,2411.222060557154,2477.364916898121,2483.048930911482,2317.79489374366,2484.500087123261,3315.47246581083,2596.3619818841244,3355.6135222832404,3365.8727232994042,3368.6566509546847,1465.2295979001638,1451.4259522237955,1423.0775979277394,1396.2886902579748,1328.2350017298497,1659.2203128219496,1454.5746691002332,1458.6833124287248,1465.5310496457098,1476.8218369776096,2318.3501973914877,1831.5672574907585,1810.8024394057886,1846.7526616919909,2006.8687686558026,1972.2963898205066,1928.7594824336425,1897.481748903017,2203.6979319702345,2105.5544448167802,2086.6519434870415,1868.0959951765049,1994.004519194044,1865.8853905365352,2267.3692924720826,2215.592620685191,448.8587645431503,2861.507786870479,2480.652905802294,2948.7617905808456,1466.7031480256276,1640.61135219144,1899.5721822756093,1691.8993124926349,1889.321371243588,1966.7459303996357,1870.8528266370856,1721.667217507326,1563.384785335215,3156.7204498022215,3128.8729860970816,1721.7653396725682,2117.085611952982,2118.5204491664795,1497.9852171516052,1867.6892170019667,1855.1131281887835,1855.8933522564478,1933.141427678269,2838.7561679993187,2615.1805993661933,2690.0527747414712,2777.9123948045412,2839.3946760897416,2742.97187624612,2702.395069600528,2491.755305288254,3127.470451635766,2707.4870261517444,3042.290985031128,2936.216823703501,2615.450253000681,2523.2953436983557,2766.2854640353003,3.75995626529132,0.0,10.410689021792678,2945.827008467872,2983.8194561029895,2682.9039337525533,2610.236133446667,3910.5136472859763,2540.4623753984124,2104.8827335634423,522.1701752420921,521.5872830432663,1311.5741214716893,512.619528178118,2988.4909706876083,2927.4188788164856,2609.7798588571222,2986.5955450539336,2995.3474410059143,2990.9173935491044,2981.912984664111,2990.656437263976,2992.94368535543,1678.5108416948221,1635.1044191948363,1633.7042935339668,1509.8092095361196,1735.222232511001,1560.9108032984304,1691.3510895899506,1750.6605653356683,1656.4965853029983,1718.5604668078745,1730.664443355978,3359.1871953138407,1616.2326220076152,1534.0051961499375,1629.7864491586472,1581.7193323992465,1507.712809131122,1664.348420441162,1858.334349444722,1577.7768364274716,1566.7419274747353,1753.237091198181,1800.2516189651565,1774.9756792304818,1667.9010387386904,1588.6037657720317,1615.3234842131335,1728.448794935552,1742.5636198029572,1732.8833344499344,1487.1899136374027,1568.15060885787,1584.8696375904879,1894.383066341229,1556.8764976968325,1635.5640134248526,1805.1043644584076,1740.0391421472973,1938.3311724450016,1294.902779095675
88,2097.60879996179,2156.484733916836,2048.390227691216,2297.4104101770176,1709.6354037105532,2753.4246280130237,2201.497438912855,3763.6934484761896,2351.4921052674645,2245.388500548628,2245.388500548628,2464.9109517551287,2406.0010891598054,2471.676648755182,2477.3115690520654,2312.5310238192324,2478.789750469171,3309.5253258793746,2595.841579142943,3349.8779865246524,3360.107364298604,3362.9285356822697,1459.1985777121545,1445.3951054635118,1416.946045485246,1388.1593558491786,1318.9820232323257,1652.1402495437128,1448.591103638528,1452.6454208325542,1459.5076129396832,1470.7669286848372,2311.5034930642423,1823.9760975389124,1803.4311413204323,1839.1720248810618,1999.3370169565235,1964.1952951745432,1920.626239116511,1890.4890315104547,2197.693446515225,2099.1971544469197,2080.8463155373524,1861.8827947709874,1987.6134550615902,1858.918101106198,2261.597913246273,2209.6344006597465,440.7868425750568,2851.2194208740416,2471.8626388790717,2951.0064370062973,1466.3640977584575,1639.3587525274388,1889.8771553634638,1683.100915776093,1880.3106554661886,1956.377213053032,1860.9419146046387,1712.853153542108,1554.5794862714972,3150.1597508696177,3121.634712995395,1715.0903743394176,2106.677132969043,2108.111812113067,1488.7263798361166,1862.316931325653,1849.7533011195608,1850.5456732284445,1927.5473530656816,2835.801005924694,2611.9490834249996,2685.746374824852,2773.6386695793,2835.4632913947253,2738.705071103833,2697.906364081908,2488.123483525936,3124.0507677006526,2703.256092004147,3038.8874696384564,2928.6943603529667,2607.2944994236295,2516.0295620944644,2758.6568558541962,9.293110350819616,10.410689021792678,0.0,2936.506215752121,2974.2908627571455,2673.9246368440176,2600.988340650049,3903.0956473368624,2531.032517815051,2095.913581385851,520.8617520208096,512.1267573286734,1316.4405862388987,503.0592084574584,2983.1365366955647,2922.229923570557,2604.7360618976254,2981.176011671225,2990.0201293213677,2985.543992844142,2976.543868681174,2985.2532438357966,2987.569767767767,1670.7020221915948,1627.0540618333878,1625.7881179493766,1501.6576592640056,1727.2125005021333,1552.8205881260203,1682.843292153932,1742.6585934856378,1648.5439018237519,1710.4628435499997,1722.6395663250782,3350.756808403619,1611.9005199237833,1530.1470336702623,1626.6117170605235,1577.6474884433228,1504.5240489178736,1660.3470040286074,1856.0620138770014,1573.583453196595,1563.0340900616047,1751.3936748733486,1796.8455523556636,1772.0124631974843,1664.4744283354476,1584.4584669852036,1611.4124698776795,1725.642444505679,1739.7596026169485,1729.786768989913,1483.3377276903843,1564.129985523471,1581.1990985012003,1891.6053104042066,1552.9703275182646,1632.4989648362728,1802.0115611495125,1738.7351100652818,1936.6496795342748,1290.734875553856
89,874.7351276240963,904.979054018227,985.5214959925198,755.0555359410841,1669.714753904507,374.270598104984,743.5811139427731,1335.5968320846148,780.9773121011881,963.9538258931826,963.9538258931826,1448.230680881208,1583.3143656492525,1453.6220718308252,1439.6179283608092,1580.9436994750101,1447.0088384320604,1535.5370529241031,2747.5041229872318,1623.4437576432192,1618.4557961267822,1631.9391096584714,1780.6942244464499,1789.6912896508704,1795.8462036663457,1605.7190261230003,1617.8013845504825,1502.3537254642742,1793.7169073935797,1784.0575465179245,1781.4835340756222,1770.0692809852585,1169.4673547486532,1294.3826095453217,1345.642498276108,1284.4130246575528,1175.9264258758906,1098.4211281578807,1129.7390812602268,1352.0031238790855,1421.959856308332,1373.9630524523163,1505.3417588239527,1515.180701553235,1416.8393363124774,1376.966301429245,1462.7546113838007,1429.7443248036786,2784.989886773142,864.2835098365305,538.4579300582797,3544.5864952924935,2567.119207168779,2429.2899099203146,1066.2590125352187,1273.3861157549854,1066.2273360829,1308.6749975982532,1129.1107469786298,1243.3291472583135,1398.392773033218,1262.8510370471693,1006.4840599405502,1520.5324050268755,1427.4004607039528,1425.4248751806883,1448.0660427585772,1674.4568685601628,1681.7441707701805,1683.7194960534805,1605.8288846699477,2242.140761266057,2110.62619321368,1845.5887174728734,1872.353148903756,1981.8936946289896,1866.6586174780975,1798.0328495573458,1989.3826313187456,2223.2415289250603,1869.2824645519922,2193.881539609133,852.1811282152846,650.1477096041401,980.5334170099975,808.1521082603898,2942.7891168423944,2945.827008467872,2936.506215752121,0.0,139.55040937915732,322.6286990871139,338.11997758399656,1403.2514324385104,410.4132681121105,858.1048909090156,2684.7935973510776,2424.6132362721887,4075.8095203743433,2434.237211390293,1608.8239355849087,1643.3021280962753,1632.9282971483626,1588.0883015985596,1619.145838876652,1603.6211269798146,1602.4582164046883,1594.293591766925,1604.0274279164714,1387.2863025203499,1396.1186488203093,1412.6645173386557,1499.172029092707,1313.0321220644469,1458.4677340106462,1297.4395688350949,1300.6871993613088,1388.506026568299,1316.669581458194,1315.0639149919634,647.6085477854458,1949.3587272754048,2050.647547015302,2127.6902216731432,2002.012235090888,2156.4361657676136,1985.9251971765063,2251.326699920186,1984.913530023565,2062.2612076353216,2329.7585866320824,2054.4795597254456,2136.2118296829963,2078.4517711070557,1988.3352229101783,2015.6603479431412,2169.622539761801,2168.0367699353133,2119.9169484582676,2068.1173717947336,2014.5489855939782,2062.3499505890213,2157.148273712097,2035.6643710781689,2143.7979189700623,2109.263702018412,2420.282087078248,2360.2645333956793,2107.839083689659
90,949.1894697518748,1001.062353301571,1073.2501831101467,855.9174248509368,1771.2996978628885,296.7050262237032,806.4618966762721,1201.306803493141,893.6971980124129,1077.4438785227976,1077.4438785227976,1581.7014695476803,1715.3683538430425,1587.2842960730331,1573.4087531684086,1710.1725198721015,1580.8501843697622,1670.4798669981421,2879.24738465074,1758.3546862113376,1753.059379311307,1766.6265015340769,1868.7275033365813,1877.0785307460399,1881.2559571253323,1669.683829261497,1659.7958815269342,1590.947048197581,1881.5528300934525,1871.7392528607634,1869.579779913189,1858.4932458432672,1294.8534221911166,1385.2500183121433,1438.4981625143578,1376.2486176676646,1277.4879751460128,1187.6288392503157,1215.8183872111033,1453.925544726447,1545.558482727191,1491.6341342566313,1624.507003060082,1621.8418069762608,1528.7576878568493,1477.4412379061066,1589.5028140124025,1553.9806182895431,2802.5832853885654,744.0156945524686,640.6600353111634,3675.749200918862,2668.1127054542553,2536.7791002242325,1088.6350307763614,1332.491058908595,1123.4496730525993,1272.0918966677593,1138.4000606850266,1302.7962168221038,1454.136205346854,1399.1177276616354,1141.1184763216643,1616.2325954161147,1366.7948797796305,1364.758425386317,1490.9259551919067,1785.2529769634798,1792.0058514208097,1794.063467836004,1718.795265214485,2379.967128056838,2245.9785845318866,1982.869741471922,2010.609429235804,2120.464986297378,2004.54944509382,1935.5914514536348,2122.886136886625,2362.773897754422,2006.7337775884541,2333.2433000702435,991.0258705829737,781.8804408615317,1113.159362089844,947.1498789889237,2980.888983253393,2983.8194561029895,2974.2908627571455,139.55040937915732,0.0,436.76181731176985,409.80059504233276,1497.4198122905814,447.50263322806404,924.4165063272301,2744.6007679733343,2462.2802840341797,4085.165111909697,2471.2369675645286,1748.3342875132296,1782.8260478645911,1769.4201788731154,1727.5902597204274,1758.6474199638692,1743.1229434926727,1741.9780824242591,1733.7898852180267,1743.524704710776,1467.1575486316128,1470.0181891100406,1488.8009372265944,1566.561150122709,1392.0281202887961,1528.7488481112523,1364.0752185925003,1380.5430933686264,1465.010754753652,1393.2450259940442,1393.5684119430946,745.0981098154633,2052.107323155727,2150.9518518679515,2233.438762964328,2103.912949404296,2256.9725740034987,2091.642337274403,2366.535249323213,2086.3163024833134,2164.355573114728,2441.294267202939,2166.852821866504,2248.0384532129365,2185.411370593507,2090.352894170169,2119.436930388461,2279.776717555134,2278.741625303842,2229.966637278398,2166.3445478262956,2115.974317419175,2165.315740543463,2273.5080637253945,2136.87026279463,2249.938011567947,2222.139247468497,2531.3429787757436,2478.0429233138193,2196.444223645024
91,581.4589174357817,587.0338513527637,673.9360753914834,435.02570970245455,1347.6830723858966,500.25991171611577,475.73064265362126,1630.044295108719,458.9571958956731,642.3953262530489,642.3953262530489,1160.7434902744174,1289.9379751380725,1166.9180645940685,1153.542398194329,1279.3061297445508,1161.1161969712787,1386.6263996644575,2451.2255196144874,1473.0067308497567,1470.748525795356,1483.2587044421196,1465.0427006046475,1474.4742119188822,1482.073874875791,1315.0327523771489,1358.575918834542,1187.0223499071974,1478.1750613871473,1468.6445057585186,1465.7866856269707,1454.1708792858608,860.3835339193408,978.133161386467,1027.8777633415111,967.5222988518394,854.2870626627672,784.5025436741768,818.3846915359553,1030.0782525076318,1109.6262439114919,1055.1158081418505,1187.7800166493785,1192.5522818901584,1094.9524329186302,1055.4471573496965,1155.780992682149,1118.370977042728,2555.263600204446,1021.3907686506352,220.213046642571,3246.1562555331425,2244.9653918396916,2106.731427334858,857.2588429255377,993.3618276004108,793.7084528598934,1215.4979121274425,943.6002937102207,963.3053519220497,1121.2941337117568,1108.4543829643214,878.7221569659224,1200.7902567897072,1387.5418957137956,1385.7918221844138,1190.1197669116764,1352.3334828245518,1359.5008784820575,1361.4941914833123,1284.3675796687694,1977.1546798232657,1829.41033086963,1577.5981124590758,1613.3982976574373,1726.157784141177,1603.9181608780007,1532.6105461026352,1700.2017789057186,1989.6616003711274,1602.568599753003,1951.9572409778013,679.4099186549265,365.8747904316246,693.1008641791877,579.8536801758793,2679.721067473985,2682.9039337525533,2673.9246368440176,322.6286990871139,436.76181731176985,0.0,155.2340036692401,1446.5096785894066,275.482178494965,578.0336718673667,2393.8367821515258,2164.7245864952697,3854.6261786007103,2175.301723424637,1390.7088563356333,1413.515479305751,1360.301175248064,1370.883310898806,1401.5581813712417,1386.2191577717285,1383.621687394791,1377.4041338446118,1386.9406285264688,1080.0791589738697,1095.2399133680956,1109.1724684322103,1205.1253827753824,1007.2572439731777,1161.2696947563372,1006.5522871621882,994.1138366384922,1084.798181373485,1013.4734117341367,1009.7913606267289,731.6009312813692,1627.009320653589,1728.7752469587224,1805.063175964354,1679.7992759835163,1834.473124770602,1663.3010139553148,1931.0482685696,1662.806155261927,1739.9979743559147,2007.9533853580483,1732.90382497067,1814.467709958239,1755.843074950019,1666.1035526717064,1693.1616448760212,1847.4367772888813,1845.9797303652606,1797.7021091974534,1746.845040135451,1692.4282107424622,1739.9464748431328,1837.532589614017,1713.5845111265928,1821.1697147351977,1787.8822084593944,2098.3518154158355,2041.6488085941724,1791.25113778605
92,541.008853250152,596.0417957507291,663.9264828884436,457.61746675438326,1367.361698597886,380.7958535607648,405.53407302757967,1558.8942741631329,515.3836855176104,695.5488839034123,695.5488839034123,1262.7891220306062,1385.3959544042868,1269.5652575334996,1256.8521698445322,1365.9178628349216,1264.4999299740448,1537.7767394413224,2538.133781399319,1623.7341693007327,1621.8302494207455,1634.1868571516081,1459.0125879416464,1467.316524625703,1471.4633575240036,1268.5964582112563,1282.0063562461637,1181.3692400902241,1471.8200152188374,1461.9965866775733,1459.8701749139834,1448.817060328459,941.9577340198787,976.3053498214714,1030.1426702988344,967.6188889008233,875.3104021181033,778.4896463945129,806.1087126748927,1051.2342899172897,1182.1294419173782,1112.7318488538774,1247.826500017732,1223.364956655661,1138.2205273762083,1073.4302195798914,1236.5346949865018,1192.51480737456,2460.3759870991794,889.391927145827,253.7234449975563,3329.0633304713456,2262.5659790394293,2136.910195064636,746.1938097717532,935.3456405912121,728.1167672301872,1068.6022144009355,822.0162545058179,905.3051366072351,1060.27627155286,1259.8443502623377,1033.2129502066973,1208.8352654751043,1234.2534225262455,1232.4812470202855,1112.2663571710827,1391.510386806898,1397.4636350027697,1399.6293637693852,1328.799604770954,2090.1051238974333,1931.9800134153504,1690.5734061858639,1731.4247676808948,1845.3459060393309,1719.8776037002829,1647.4061549342848,1796.8097232281953,2117.9914764759246,1716.1875200678182,2076.889420897156,831.0983005057452,490.15990646804534,802.5519017092599,721.8500207013906,2607.1646500545503,2610.236133446667,2600.988340650049,338.11997758399656,409.80059504233276,155.2340036692401,0.0,1591.5446376620193,121.21784889004607,520.8269867111408,2347.166242123258,2089.4516411172763,3755.9111128318914,2099.3122207789615,1527.1456168856616,1545.7996897823439,1471.7292966715042,1507.7184728713469,1538.105036858196,1522.9078143533384,1519.8650908296715,1514.3030336920267,1523.7252572155608,1057.9236517320358,1062.7554838992128,1080.65845695109,1162.9741660356299,982.9490959023949,1123.3594061887977,960.8305048972779,971.2621024168512,1056.7203267859206,984.8725959508464,984.6151983907563,862.4651746178913,1648.5552216821795,1745.4520883688117,1832.2746756021493,1699.6088422269695,1851.5037195713323,1690.7204039937951,1977.7629018209145,1681.666766055336,1760.1110462300976,2046.5726870206556,1774.0554870381277,1854.1980839155106,1785.5903878419103,1686.1586649923245,1716.6388052876944,1883.5515039822753,1883.2507924803922,1833.7236691148798,1759.5800119031403,1711.2988007717775,1761.7579315043968,1887.1254864259888,1732.0076227993852,1849.135876423218,1829.946073145698,2135.7860028401674,2093.764473061336,1786.7314918856912
93,1899.4193587175137,1783.3899082723074,1892.3088843286337,1668.0775940470103,2253.044514255378,1777.1689939886517,1865.0693260337366,2310.789596122861,1586.3155969405132,1663.009022503551,1663.009022503551,1572.2270806155889,1692.8217021798598,1569.3420882062956,1557.6389268133582,1763.8104211023556,1560.1079548161188,866.3063991421519,2585.3589218829243,906.5955186771743,891.8090318215815,902.0092739968479,2478.4899650816974,2491.8121811201013,2514.9920211067333,2525.503868620357,2668.417930672098,2253.91111640915,2490.892701941796,2484.4992543279523,2478.539058737672,2466.238945925265,1606.7832257258865,2079.966899865526,2099.754359086597,2064.6776434972967,1904.1780185091309,1956.5557037794788,2001.110902890648,2018.3541025357536,1779.0130272618437,1843.4080671116155,1905.7081124392278,2080.9901375650325,1948.8872122683001,2050.407831571718,1744.527665759122,1772.3967813957709,3880.1605390403365,2229.5042685768053,1564.4287132060017,3306.557552418696,2997.331276457863,2792.523173093329,2275.037901057032,2282.4123306802608,2128.4103553863342,2660.1397188239494,2374.1123350399794,2256.232434435183,2403.928343805664,839.7945405954528,785.7102644610347,2202.001914185384,2814.479143806179,2812.5968134408586,2516.157391479044,2144.468932684408,2156.908923656114,2157.2782505458285,2065.51569917887,1919.35545527614,1944.2172832049246,1663.863250909417,1620.1645456057986,1670.9015091532442,1641.617294765344,1616.4543243170947,1923.0014701021037,1702.701454510971,1670.275565067149,1731.7221366583346,975.4585691735159,1336.192030508708,1388.5333031663058,1148.0222309093106,3906.9374853299764,3910.5136472859763,3903.0956473368624,1403.2514324385104,1497.4198122905814,1446.5096785894066,1591.5446376620193,0.0,1710.9746541275695,1929.2397580013264,3510.0715878511214,3424.7255838763717,5172.684793806602,3437.767290117581,1233.9800957323323,1313.7158986581085,1567.6394785212149,1219.6792031606424,1236.0247565284951,1227.802442912549,1234.843609550366,1220.8323969625378,1226.328614431404,2236.404479714699,2286.6624811869583,2283.695870451717,2414.222792956855,2186.1135122107917,2361.4680089345866,2256.878443640577,2170.5439125983844,2262.1535052159156,2206.140554742019,2191.2004441488493,755.6638965664018,2457.984385428723,2569.2226341536775,2564.66771780934,2510.60934276146,2653.7334503759807,2450.3421567790647,2528.4995391330995,2502.7206994207813,2557.2803153542172,2650.2931286734106,2413.572481925475,2487.1900590898604,2508.6074315636706,2498.1421445064207,2498.728042608469,2538.6267793489974,2529.405353105958,2499.735739826873,2607.712888844022,2526.471929199132,2546.671354069752,2433.5116536446553,2546.278953713979,2572.7092962777383,2449.8567464838707,2733.1835586642583,2574.8953880217227,2743.934164295334
94,518.6973025877478,610.5462205943645,660.7595056011788,490.31729634939774,1374.3258500454226,329.3657472825984,366.44903871188154,1531.5993217838527,568.2167095806747,739.0702216199982,739.0702216199982,1334.4844959077873,1451.1666903239986,1341.6862794986837,1329.5730348070938,1424.8900610266353,1337.2290758103795,1650.64614558315,2592.9923246861918,1736.059465434482,1734.5615453172163,1746.7333962158148,1445.122886611343,1452.4792152592402,1453.8930327627463,1224.630117515539,1214.136147627528,1170.5065069519605,1457.5749503129584,1447.6000044980797,1446.0624708587925,1435.538162538046,1001.1983913915374,971.4547171804359,1027.5891163498402,964.4314815484806,890.1853561397346,774.7481918577848,796.6764616744397,1063.038042577749,1231.6973212394057,1151.676960291696,1287.1891614983829,1240.4171199044958,1165.8698488951513,1082.4486220949268,1291.9417591612246,1243.239417922389,2374.5826246409097,806.4924725118832,317.6846428927401,3379.3279353902744,2262.9493638192394,2147.6116090867217,655.8850313771363,886.2630053655041,677.1230189265165,949.6600187075788,722.0626693333835,856.752367533534,1006.9551151308043,1373.2263896524616,1150.798799080003,1208.360203050206,1113.0356215302513,1111.2636131598194,1044.8373785490467,1413.4302877212715,1418.3899777835077,1420.6716534698626,1355.344220458253,2167.4739615688536,2001.160042395745,1769.0269080487483,1813.927591604812,1928.5186853319062,1800.6991039228476,1727.4957625607883,1861.5877329378857,2208.472302802651,1795.0885906637327,2164.4763350578746,945.4209635195515,587.4512117610427,884.1721166606955,828.2051735177737,2537.4791528809174,2540.4623753984124,2531.032517815051,410.4132681121105,447.50263322806404,275.482178494965,121.21784889004607,1710.9746541275695,0.0,485.2334216702352,2297.5562983424334,2018.9099110285183,3666.096566929977,2028.2053743601014,1625.839962499392,1640.8371349256406,1549.7434068134655,1606.806141016267,1636.8727788880215,1621.8332774618573,1618.4053273629088,1613.4325415043688,1622.7335948723082,1035.7116834188012,1032.2649546760983,1053.0734391642072,1123.5039403474552,960.2198658307536,1087.7372642150133,921.3012813470854,949.8946463873748,1029.8242747381018,958.6885729594221,961.1663359169349,977.2512539114946,1654.859861970802,1747.3761205299963,1841.9755868516786,1704.245874041807,1853.1404337877493,1701.3588774838033,2002.1128557337056,1685.6695128517977,1764.639464322913,2064.2633175252863,1794.982686877101,1873.607327673672,1797.519066635785,1691.0677607433267,1724.0432362554004,1899.9818607438847,1900.5904049980222,1850.3223276699675,1758.34476224967,1715.1332646922099,1767.6053611250168,1914.137664012094,1735.3727472311914,1859.3432825773489,1851.3059489533416,2152.2001059977847,2121.926962483523,1771.8796289320435
95,64.13403942710248,249.5818600814348,223.73970309313765,276.42650112508727,918.0090112263059,794.1154096491133,118.80618810771333,1991.5641233738534,383.5554427177238,447.01408407826307,447.01408407826307,1076.947538962005,1160.679043397458,1085.5436333227572,1077.0238097526978,1108.9115257675162,1084.1578371016333,1633.8164143851664,2232.003568971102,1709.6039492182972,1712.3831966499783,1722.0912344981682,964.0137079254599,970.7580784259735,970.7291061274324,747.7774995805785,782.3385638152744,693.5118245501242,976.1965400888017,966.1623493481753,965.0027113853228,954.8693045411153,722.7930340409647,505.57068659175826,563.6294666333201,501.4443898754026,471.83089084322813,321.17852436032496,330.4398008385947,625.1826944750179,893.0769403343248,782.7474227692503,911.1665435019229,807.027727223796,762.2122762073171,637.7525132645665,970.5247247063868,907.9504161425658,1988.482595455211,1176.2059361431598,382.97972095229375,2997.4204896280603,1791.054131482439,1689.2291043116472,374.39548380894985,417.0064413867271,216.1386394027515,887.858617379824,490.2143439825989,386.87039868194677,544.0996676626747,1377.9037524685646,1224.551197479782,743.4288604680282,1130.8552017497475,1129.7420151726947,615.3539892921128,985.6416803912455,988.237198859149,990.7167689969217,940.4041925265126,1900.0574394249752,1703.021465645095,1519.20561540439,1581.9278578646813,1695.6919107474534,1560.949473912773,1487.1803890505275,1550.030187469707,2005.7101476945513,1546.3559163918856,1947.1596243617967,1001.4314315710786,600.8501046056155,729.2873300935166,833.8402475395729,2101.696809980282,2104.8827335634423,2095.913581385851,858.1048909090156,924.4165063272301,578.0336718673667,520.8269867111408,1929.2397580013264,485.2334216702352,0.0,1826.7005122120447,1587.06967305222,3289.5274249725812,1597.7782418551121,1495.041904479836,1485.8955353795975,1307.9623580057082,1479.6404612815727,1505.9860929115355,1492.7828862913857,1486.9794475576152,1486.1913867985595,1494.1885081459848,551.7617332718108,547.1730037135594,567.8579581539503,642.5807664470448,476.37158663467426,604.3560664148697,440.21263286031615,466.77805463056444,544.674222314909,473.73380470408205,477.01419114724683,1277.9999460610732,1193.822863886302,1279.652496447274,1384.29087086523,1240.393559959703,1384.4024934310812,1246.523845469199,1569.0963537376515,1221.1101540472146,1300.1550272950963,1617.8498273606504,1357.6412858765948,1432.2915684428674,1343.7726479500714,1227.7040370345187,1263.9600780791188,1452.8812659369228,1455.1180069607406,1404.0533666751005,1286.8523672148297,1250.1063444017775,1304.9048629805275,1487.9148611553503,1269.5697233022602,1402.287168460298,1414.0752999098966,1702.8588894665147,1695.6116689944913,1289.3815909345167
96,1813.7374612434714,1832.7689697820522,1731.0016555608577,1983.1752152074173,1267.1835122232258,2562.453934341615,1941.8429493908993,3667.034986211669,2017.2673485623716,1885.1271058338602,1885.1271058338602,2011.6210408308373,1938.2678319680429,2017.6492682943879,2024.8399389973772,1846.5810000113136,2025.428708056342,2859.726811560181,2076.4689260639166,2893.1990433989076,2904.3165522240934,2905.9771939967904,1031.8308610996426,1018.4270805167652,995.1215349069237,1079.682372293506,1113.2593907900198,1267.8950874542252,1019.5777942490017,1025.754673797631,1031.8173781642392,1044.0551588179699,1903.4504573148704,1463.1236040620088,1430.637546042181,1477.30728823238,1630.9366778411045,1631.5273255185907,1591.257369464802,1495.9569050491089,1756.715093250014,1672.8528986679084,1634.0050266619455,1433.1666047861038,1564.1867427932268,1463.7938545741135,1811.8792835841195,1766.8729821288669,845.5349331448532,2755.35266325904,2179.1597804983485,2464.6352178001907,948.5362886382991,1118.4977449568587,1705.9007702465744,1412.616055030045,1621.3532561323304,1916.5755914814338,1709.7530618878463,1442.4981191018794,1290.6137295556473,2723.221833809711,2724.3676239796832,1309.2296771435788,2119.035825071412,2120.037837153041,1272.0417088639588,1403.493797968893,1390.6811585966461,1391.0807644510478,1475.189395711156,2324.0129016790283,2103.582928373299,2194.8736605718213,2281.8966015387164,2337.2506884433183,2246.9081873610953,2210.8101512813882,1985.6063308807336,2617.6295095859955,2210.8363715800524,2532.327387637035,2547.2022411365447,2266.320821258046,2125.5087326642856,2384.4763724926006,518.6323083786618,522.1701752420921,520.8617520208096,2684.7935973510776,2744.6007679733343,2393.8367821515258,2347.166242123258,3510.0715878511214,2297.5562983424334,1826.7005122120447,0.0,503.87075012844605,1811.215531066104,510.19137845120065,2516.537654852303,2451.3141770127736,2131.2087662178074,2516.4295324880927,2522.6385252532414,2519.469983828612,2510.382272688545,2520.0248835068296,2521.5028763755026,1327.7471334988782,1301.5780683954774,1291.3849186471796,1188.7154165684447,1395.3667739142813,1233.180480221298,1388.5125447159414,1409.7843996548975,1315.690479896492,1385.125405331457,1391.9589482143465,3020.1516539057266,1126.9231947922335,1035.4033969169082,1119.470432200179,1087.0252783659073,998.0935456468496,1167.5718327821926,1338.874363222923,1085.7232897909118,1065.090572315704,1231.8128319713712,1292.560192364991,1261.6303808905457,1161.0342719577675,1095.4060044701735,1117.1251938869507,1213.5112503108064,1227.574385710516,1221.2267468155137,988.8657983365044,1072.5111361479715,1082.4375978786998,1378.8743494040743,1059.0285703573595,1123.8072700315954,1293.209225584745,1217.8892667627463,1416.4570802172589,805.830546745166
97,1591.1468162369479,1659.617359246819,1550.5669634759367,1796.6203582040719,1299.8290680352495,2243.876812976967,1691.1360045790307,3278.1672625361884,1856.4339096780166,1761.8505544978839,1761.8505544978839,2047.333776808278,2007.6279443260369,2054.8327206820354,2058.593090031731,1913.5983842770556,2061.0596961981673,2878.0190785042973,2398.875622341385,2925.540247058536,2934.677498552741,2938.7903212678584,1045.9940501365822,1032.6323819222862,1000.8809144702899,899.2884179137841,807.6277038012192,1194.1999324937854,1037.7106602771828,1039.358393047234,1046.610300132847,1056.2128546197316,1855.1393845477946,1347.424423654431,1333.9534337087223,1362.82769989412,1523.3834552051865,1472.5950050577896,1428.3823168181796,1432.726437007706,1771.8832756256058,1661.55220782139,1663.9534225463772,1432.6136698163234,1550.0143182699019,1402.358415425001,1843.787076843428,1785.4099342501459,511.7132909903368,2363.175288499161,1965.2674248281369,2881.872303795344,1317.882795759528,1436.878082528651,1379.0397550127243,1177.2035089624308,1371.0806862733123,1484.1836014716434,1354.086941007688,1206.6423840072732,1048.8081212829065,2698.868305071049,2649.760346902589,1270.8227820211089,1661.5279546054048,1662.7361337482653,977.2721401005906,1466.175142037542,1454.3762330157924,1455.6487168008248,1521.256568732056,2525.250529587277,2292.545391905071,2320.5325767336412,2408.7967604240334,2483.9005085908566,2374.513782796429,2325.2191474339115,2153.4606039418168,2790.704746106507,2340.9082500815466,2707.052125671166,2449.360890468561,2112.726314937176,2045.3844915515103,2276.886283296037,518.6321036495953,521.5872830432663,512.1267573286734,2424.6132362721887,2462.2802840341797,2164.7245864952697,2089.4516411172763,3424.7255838763717,2018.9099110285183,1587.06967305222,503.87075012844605,0.0,1752.2724530496675,15.061515958792079,2574.6137820639565,2520.318107271266,2211.118842034732,2570.2634331158984,2582.4553614680713,2576.3035392457805,2567.522723404777,2574.9153167966942,2578.2965695131847,1188.7759799570017,1138.4976158268253,1141.055308302295,1011.1861660907404,1239.1464185347713,1063.6745598993461,1182.622912965283,1254.714722360551,1162.5891649292162,1220.1131771178686,1234.1854191671714,2849.6822543948706,1267.1880026889457,1210.2280099639565,1334.0040725563335,1245.9598582218414,1216.922278631835,1328.6959702329907,1596.488032858347,1236.5593365011853,1248.5720174386756,1515.8017021428857,1487.3426637096322,1483.511819670207,1358.7411240623135,1249.176586885984,1285.6779096393907,1446.0809102539654,1459.7682230593996,1436.6999491026752,1165.871762814088,1235.3196542241799,1267.6696446676344,1607.604035953312,1229.8507653887057,1344.7220858408089,1506.5488509308711,1529.2499575022055,1701.8880632894447,969.3121784332493
98,3304.6632036234882,3395.5523667834555,3286.0033197765474,3523.923819545582,3022.4922064211855,3824.9951136465293,3380.6902200345103,4639.354445607536,3593.509411313475,3510.233338677379,3510.233338677379,3777.861974324442,3721.9455128932577,3784.8141642709043,3790.0004109641936,3628.337307665449,3791.726661844413,4619.2797261020705,3825.149300712393,4662.1273850305715,4672.03443174181,4675.249395183342,2770.131887138085,2756.3583396461486,2726.8842784539947,2648.8624370060347,2514.9057759092466,2944.2208338421588,2760.025146231286,2763.5205971659034,2770.5187630488767,2781.4246887294694,3605.959342632078,3099.2443213205124,3086.198350595839,3114.6602384474722,3275.0665161233815,3216.407016257909,3171.883390477401,3183.255699426058,3507.7513369327085,3404.3569272391537,3393.1868519688765,3169.7673343287,3292.4859662800795,3152.491732710177,3574.114987067613,3520.229926982813,1301.0941824720785,3780.28484081539,3672.4897439299384,4035.518154284102,2708.3605527684426,2904.454378968078,3010.9553557857676,2900.2954776225333,3076.008963771291,2888.6021436832016,2948.338625581408,2928.152713543453,2774.9569043794095,4449.1271866313045,4401.1789709168215,3015.7729712044343,2937.3355380391195,2939.2834119446616,2676.5523112606484,3177.7720125389815,3165.2660726012673,3166.1095050012145,3241.7279418804083,4133.02522802763,3914.447021487751,4000.26182752734,4087.923805315094,4146.868953651714,4052.9524297474,4013.3949179022193,3796.4617768710677,4428.743209383199,4017.2672163887382,4343.435291989242,4198.307579925133,3848.8127056386174,3797.4206807053506,4024.8569659199907,1315.3340624370796,1311.5741214716893,1316.4405862388987,4075.8095203743433,4085.165111909697,3854.6261786007103,3755.9111128318914,5172.684793806602,3666.096566929977,3289.5274249725812,1811.215531066104,1752.2724530496675,0.0,1738.6619433793812,4298.44471798268,4238.234558519545,3921.0849962319544,4296.121192411548,4305.463460411103,4300.751270133064,4291.775718300875,4300.293749435382,4302.773905598009,2939.69204750777,2886.7519421252523,2891.1613435432437,2759.1270631769585,2987.1120523095465,2812.0497319196606,2918.3951745261074,3002.6684331626125,2912.0739227133386,2966.6712889557475,2981.940136202278,4567.3152067308865,2926.8520339413953,2841.970697808475,2930.6679063342754,2891.06732722684,2809.18124561824,2973.185539269929,3143.38324645019,2887.792025968482,2873.452505828115,3029.996410260971,3103.471852432286,3072.450077503297,2971.6548468612073,2898.3629100928747,2923.580919341569,3023.7321460439857,3037.7468640248057,3032.3960728421794,2795.1721521163636,2877.1963007858703,2891.222021844787,3188.483825359985,2865.1642793810047,2934.9930752360315,3104.3274938254117,3003.884153681232,3209.5781077103384,2604.975414473564
99,1602.2759957220417,1671.7726861963804,1562.6651263537651,1808.402048608764,1314.696952093128,2251.7471064228685,1701.4621631140114,3282.8261961740304,1868.6948727480726,1774.8338957210706,1774.8338957210706,2062.004097213096,2022.4989568444646,2069.5113267546635,2073.247589988989,1928.4737615534243,2075.7265133595292,2892.404342644105,2413.00392329704,2940.037956077794,2949.157861944523,2953.2901242736884,1060.8898365563941,1047.5355249884817,1015.7637598653771,912.2741222334332,817.725194402775,1208.2979526749127,1052.6280266442782,1054.2552359319643,1061.508580627337,1071.0938856149162,1869.1081381394395,1360.8364441068277,1347.6438492712643,1376.2435552194925,1536.7696178796311,1485.1776675466606,1440.933485631785,1446.7519711599507,1786.4796916514429,1675.9751416327056,1678.683614367652,1447.223275156883,1564.460938081337,1416.4249838243202,1858.4799812374072,1800.0268422684878,496.6555299396772,2367.9585035701075,1976.328378663297,2894.281639211498,1330.8014652892755,1450.7193383932122,1387.2867757183365,1188.5036945279244,1381.7367147868724,1487.2399325204394,1361.2361008137698,1217.8874501850287,1060.166656387075,2712.858556950376,2663.1269241076848,1285.2147057889188,1662.660473655501,1663.8844848055573,987.2786057498884,1481.1212066342841,1469.3286575431034,1470.6039619827122,1536.1176739316627,2540.2639580050113,2307.5754121594086,2335.5622389067685,2423.8247639819742,2498.955120318118,2389.544724750765,2340.2226932061135,2168.515913162583,2805.7651807515977,2355.9451393545414,2722.1111339597883,2462.4422904347352,2124.985864661052,2058.8722417878676,2289.875155869189,509.71987243105883,512.619528178118,503.0592084574584,2434.237211390293,2471.2369675645286,2175.301723424637,2099.3122207789615,3437.767290117581,2028.2053743601014,1597.7782418551121,510.19137845120065,15.061515958792079,1738.6619433793812,0.0,2589.3418123273327,2535.1172907800055,2226.010162913433,2584.9650264150123,2597.1931916764224,2591.0235444344466,2582.2458020001345,2589.6231156912486,2593.016064701221,1202.0000222607548,1151.3817145881148,1154.155240520818,1024.008331608449,1252.021071432723,1076.5554012206721,1194.600250769284,1267.5910651493944,1175.6137882306934,1232.8542867185354,1247.0387601136638,2861.3286652716233,1282.2243967738782,1225.150126258863,1348.7763185362755,1260.9486162326957,1231.6094704110296,1343.6970507137087,1611.0608308271126,1251.567922163808,1263.4714721328096,1530.0972338803103,1502.2640811992742,1498.2956583518196,1373.6134227828356,1264.1804361450063,1300.6467534775948,1460.783479214512,1474.4785634178781,1451.505371254307,1180.7669712825445,1250.2936683268397,1282.5682767230978,1622.384314588885,1244.7952635030633,1359.459523414419,1521.3876815869248,1543.2375162056674,1716.246837333688,984.161018212172
100,1435.462467364835,1250.997912926579,1323.3773065297137,1243.9146456403016,1277.9684228225442,1890.211619708429,1512.1095735893691,2914.0959580647245,1131.6781753409427,1053.9684331659537,1053.9684331659537,528.7962532633319,578.5017556951914,520.9289870888749,518.4850765895745,671.1494568353808,515.3054461727573,385.51369911337247,1367.5908781197115,389.71872586659055,402.9980398543141,401.26146547102957,1531.912628462245,1545.5629841513646,1576.2506691925764,1744.4923717689067,1977.8368897457842,1404.7186862314404,1541.2965401060335,1538.5635423549659,1531.4211564476068,1521.080432856642,809.5062175367514,1318.6343474244907,1304.4326809818685,1304.8998852907816,1172.286856057882,1311.8651653630998,1347.53198441458,1182.9637534210578,806.8339139586858,928.1737038214872,910.6606282285616,1143.9649361935824,1035.6115794276523,1208.0153211654454,731.2156999473596,792.2818061969042,3078.600016127197,2412.0718963046916,1319.8497664604706,2126.462114068255,1837.299232223959,1621.2631254016278,1858.2001269431423,1649.5620692674513,1600.6710917015403,2382.810646877684,1976.3400510941137,1635.4683123397665,1732.1488274553722,449.9506596403778,685.0060133223124,1313.5568717710914,2620.451172069056,2619.205376951041,1877.2997912468986,1120.8222729295305,1133.3835264060865,1132.5977120588223,1057.3762311792964,723.2438744549526,711.5834553647913,431.10410707096514,387.7063349467829,454.512942728174,407.7686637480731,385.7756066474284,694.0436649648132,619.2676709372756,436.40297516247506,602.8420212430863,762.8616271858881,1038.6305466009842,772.8351965370987,812.3928127770697,2984.738132937321,2988.4909706876083,2983.1365366955647,1608.8239355849087,1748.3342875132296,1390.7088563356333,1527.1456168856616,1233.9800957323323,1625.839962499392,1495.041904479836,2516.537654852303,2574.6137820639565,4298.44471798268,2589.3418123273327,0.0,80.50017820123801,389.8259237952937,21.110814058943497,11.119508023354014,6.579496758330355,8.107851088111447,15.892002207348368,7.699564493532162,1473.468130044501,1543.8107044519427,1524.7641566888499,1656.6100499349857,1460.8101673637193,1607.6081053304226,1585.4438545075357,1447.888499555678,1512.1729569781558,1488.3626196203877,1466.810479116564,1273.616820231011,1392.3889839221517,1492.2136233074345,1445.6508201789002,1436.6398447688512,1554.2428280368479,1361.083457276799,1346.3779849843306,1435.2143752751153,1469.0363408717533,1473.9732889421362,1276.2585407060712,1337.5632513964244,1393.2313680011346,1426.7791408225332,1412.361371982798,1391.2774578550752,1379.7379941626236,1361.4716775813285,1537.0455896187068,1451.9799199569409,1454.148292084208,1259.2790503663662,1468.1372044441307,1448.8487870239392,1299.885301407438,1548.6053110022551,1370.7061051180253,1711.0615915264782
101,1425.0968532351071,1239.1914010151531,1306.3081555698905,1242.0777935165215,1221.3720600437653,1913.7620937704276,1509.2844381895954,2957.1796587398194,1130.8848851847079,1041.068975588497,1041.068975588497,482.020710219667,516.294783832281,473.65532511022246,473.16226410593663,610.0258391781759,469.0776393027223,465.59266666462673,1292.6904956498138,466.39073717563775,480.0402567959294,477.52548392209377,1475.5800873969386,1489.141600801775,1520.2752609162112,1701.343980391959,1940.1704646052237,1359.2820582125782,1484.5932941794963,1482.233451498361,1475.0412697754666,1464.980950677778,785.5472441877081,1283.2781348773979,1265.9533345769394,1269.9608209219643,1143.1097327497682,1287.974232393205,1322.0150887964335,1142.6922512560677,759.6660440066491,884.8485507706079,857.683364632725,1093.3721276777878,989.8318989457198,1166.5025921770207,680.5968898445046,744.4720884202469,3026.155781231386,2433.6323183393574,1330.6492874569865,2056.5864023696427,1760.6081983035908,1544.014688794328,1844.2118112313208,1620.6349131054474,1581.586724969971,2373.384092526957,1962.28190384244,1607.8026313967948,1698.724762405371,520.2870784853985,745.1250187762781,1265.4802922435983,2614.918474136125,2613.7273288989068,1844.978098888016,1060.8500401533256,1073.2683597654595,1072.3623543871,1000.073392747784,655.9241719819685,633.2512216766829,350.75367115051955,310.1919915157169,384.3669605812282,328.7362528706402,305.2782031686585,613.54612760083,579.9817077566955,356.57111041157907,554.0893149498207,805.4735114465617,1055.7343615586067,773.3560441489296,839.6872472870424,2923.6624222874284,2927.4188788164856,2922.229923570557,1643.3021280962753,1782.8260478645911,1413.515479305751,1545.7996897823439,1313.7158986581085,1640.8371349256406,1485.8955353795975,2451.3141770127736,2520.318107271266,4238.234558519545,2535.1172907800055,80.50017820123801,0.0,320.443475896482,94.17021598015569,80.84172616837107,86.35328909076462,78.92043144059134,92.90096871319697,87.97443157788382,1435.3461409215054,1506.536539914422,1486.2705415094986,1616.5261794210328,1426.4264148471195,1568.468828744828,1554.0494448087034,1413.9660076790547,1474.692620685803,1454.238250659611,1432.4149192533696,1333.241551156154,1325.521056501178,1423.6769843273105,1373.3652664827362,1368.6894503959643,1483.3382924036262,1292.059292684961,1268.685900257044,1367.899219185353,1399.5488504888103,1396.547502597043,1202.8936650210999,1262.7946931762813,1321.5025631406481,1359.137804964844,1343.3407009654363,1316.5539736673109,1304.8364923989793,1287.6902927012816,1468.8816244987681,1383.8944976769885,1384.3254136376577,1182.453855460057,1399.6160162993588,1376.100832287244,1225.2071457691814,1470.4288016720902,1291.2811151707238,1645.499453050793
102,1244.3466744430345,1058.8298710360677,1105.323231605479,1098.2536051521054,911.45853960114,1851.5362645726864,1353.548739659307,2967.8402313507195,995.761974578287,865.0212461416723,865.0212461416723,231.33983084026755,204.30865150414647,222.6186990484844,230.96999622937986,297.85792487146756,223.80580647836143,762.489042473178,1144.704939930183,777.7071686510112,790.4388901089543,789.6531428867816,1165.126778025249,1178.50815408277,1210.2550026772249,1416.5726594945234,1667.4835116199752,1071.720952591668,1173.535306213516,1171.7639211441438,1164.5149317901605,1154.9316665760273,585.2856524903564,1023.9768561836531,997.9431922480347,1012.139344367038,906.2483222140776,1064.4531901102227,1092.365764292531,871.8480981330982,479.8334265351541,611.8307344939457,558.8174143656466,796.5022032944244,706.8256112342425,891.7204421648806,393.8721768723446,463.3452422583802,2719.3466225956313,2356.0097623882743,1232.059011954751,1938.1838673860836,1454.9337615743061,1241.4368644524643,1643.1440218108553,1375.21773118361,1367.7133174396236,2181.8043432116337,1759.4741433834001,1366.3584736064697,1439.3662032835691,731.9955339281935,890.4180123469347,972.5588972102661,2434.5472835593255,2433.551475590443,1587.3533609057943,746.4238288460164,758.5929658163979,757.5256158557017,690.2714358992374,618.3887082519153,482.0362535480249,219.286996274248,273.9744814921917,388.15854330781673,254.5005707715547,180.35327049600917,388.49371786610857,700.9858428169877,245.48975542733473,639.3961575153082,869.0057739401173,995.0029251796523,669.3976718275673,836.4413787206607,2606.021308432738,2609.7798588571222,2604.7360618976254,1632.9282971483626,1769.4201788731154,1360.301175248064,1471.7292966715042,1567.6394785212149,1549.7434068134655,1307.9623580057082,2131.2087662178074,2211.118842034732,3921.0849962319544,2226.010162913433,389.8259237952937,320.443475896482,0.0,393.14648173963354,394.6765810798777,393.584919890137,384.5115173812893,395.6845705887625,395.5933861006392,1165.892638652228,1238.5560998214746,1215.2050047269706,1339.9939287001328,1167.624509597243,1294.828922989929,1302.1876210343119,1156.6888310857635,1206.519425178473,1195.787017150932,1173.4918836895329,1449.166888528261,1005.122476639877,1103.3703938039775,1056.1216101391685,1048.2717650090963,1164.4213957484797,971.8946623573092,969.6122846061832,1047.4587353693541,1079.6027815850236,1095.3617992689653,887.6380107793826,950.9492945430113,1003.5009853764502,1038.6972191105306,1023.1805081133422,1004.5025691973519,993.321976920775,973.2670133779769,1148.4990419236603,1063.4947375259321,1064.5655228553935,878.8097889420337,1079.3035033231783,1059.5915742851003,913.1568758276202,1173.8159208414406,1007.7213769488834,1325.3794751223368
103,1420.303390792086,1236.182062272402,1309.5595334151,1227.3438817539986,1274.761935215843,1870.2590416151409,1495.6112699014507,2893.0164227041564,1114.9871046296144,1039.4717405439999,1039.4717405439999,523.3697673578897,578.1661157574023,515.6783299943564,512.6624129127578,670.2027046232688,509.7610704424218,375.9304121733911,1385.0863973479093,384.65540195089847,397.54986783073423,396.53094989728413,1528.5027770656864,1542.1799345251516,1572.6985066779066,1736.8137114646022,1968.587513933858,1397.8304242667778,1538.0158425458208,1535.1504350503765,1528.0283511948214,1517.5917010029245,797.5502951813411,1309.005654089327,1295.632088028049,1295.1711657295725,1161.2121193752328,1299.4996904180548,1335.5139168682504,1174.720297642558,800.9349613942943,920.9962583344129,906.4783251443523,1138.8088795974563,1029.0511451248206,1200.1006895657392,726.5029040557943,786.5985475726366,3073.5655019358737,2392.2684702934084,1301.3968449269923,2145.4708529288146,1843.7636488054836,1628.2224579334388,1843.6080265009844,1638.216765771909,1587.1638529613547,2367.284472796652,1961.7373132782513,1623.8324463794538,1721.8707842519118,430.69599933241096,664.3161009250746,1307.5103496279703,2604.2218878674516,2602.9670125337725,1866.7090158870822,1118.9516744846749,1131.5595400496525,1130.8202878186767,1054.5600809685693,742.6247726332359,727.2651330747634,444.4123927739651,403.83169142246805,473.1958270736984,422.87732172794495,398.09058890554877,706.1879992065108,640.361438376844,450.6745895892373,623.8579951027486,741.8473369975575,1019.4925912844587,756.1834735298696,792.3029597137296,2982.8444972012417,2986.5955450539336,2981.176011671225,1588.0883015985596,1727.5902597204274,1370.883310898806,1507.7184728713469,1219.6792031606424,1606.806141016267,1479.6404612815727,2516.4295324880927,2570.2634331158984,4296.121192411548,2584.9650264150123,21.110814058943497,94.17021598015569,393.14648173963354,0.0,31.05782861299659,15.532893336257617,16.92615449894404,6.6717048140129736,16.067671155029885,1464.4937729878004,1534.5839381296337,1515.8689653620709,1648.0996728659968,1450.8680032581458,1598.8568179505814,1574.7111747904303,1437.8349785253722,1503.01267026087,1478.3436190429388,1456.868852936477,1252.9560505387587,1393.2583638447295,1493.8379069845184,1449.2595325831212,1437.99978337433,1557.0574184911186,1362.991011675995,1353.7822774811693,1436.2754074648167,1471.1389066849633,1481.1129940550234,1280.5556671021184,1342.7300608587943,1396.5422692679751,1427.9960045026799,1414.2491208437657,1396.398965797338,1384.9817397079375,1365.9964832776523,1538.4760339122363,1453.3992166440257,1456.4257583847339,1265.9658058762438,1469.7615342217364,1452.724297339195,1305.0036758063711,1556.4301343506977,1380.005591311379,1711.244148893877
104,1446.3732328327642,1261.858922428108,1334.0631379320516,1254.9864551785045,1285.4138087000938,1901.0170654482497,1523.1744677448526,2923.774338307792,1142.759453283598,1064.7810521734993,1064.7810521734993,537.1942378830605,584.8885324973602,529.2676311895998,527.0252205459491,677.763726440869,523.7498273287143,384.84895587360654,1363.270838683719,386.5638835189665,400.02966757088666,397.9222157287289,1539.422248871705,1553.0613867735065,1583.8137619854228,1753.5339049940983,1987.3667170729339,1413.5089957686307,1548.754894801014,1546.0740981683364,1538.924113695502,1528.6215103771174,819.8095612734345,1328.2941344341386,1313.8456292755736,1314.5892223209833,1182.3517730975984,1322.2436446849194,1357.827687951496,1192.20954308572,815.3331938000825,937.0940215532204,918.5196202354147,1152.1610496973904,1044.3137557823275,1217.154965998234,739.3021030002773,800.7073800675988,3086.6914268767973,2422.930348797464,1330.944867358727,2120.6823195940747,1840.2314429084124,1623.94125805471,1869.0190599556372,1659.6838353081148,1611.2918998404475,2393.767437689221,1987.1600043578155,1645.664042439225,1741.9822211508013,456.2132656464695,693.0558094530913,1322.0607764302572,2631.4889888195808,2630.244093918612,1887.2170487812266,1127.7427441817606,1140.283471603933,1139.4784901891528,1064.6868875242296,717.1399594445433,708.8326527682125,430.2102473776624,384.76058380471244,449.22992673990757,405.59860517066926,385.59205295463653,693.7913380897321,609.694118643643,434.8272147988096,594.1410393660884,772.7638544234453,1049.6447986458045,783.9163637432653,823.1388780151281,2991.5939179903144,2995.3474410059143,2990.0201293213677,1619.145838876652,1758.6474199638692,1401.5581813712417,1538.105036858196,1236.0247565284951,1636.8727788880215,1505.9860929115355,2522.6385252532414,2582.4553614680713,4305.463460411103,2597.1931916764224,11.119508023354014,80.84172616837107,394.6765810798777,31.05782861299659,0.0,15.524965750526883,19.038549691617614,24.96209970400828,15.238899231597161,1482.9275440871434,1553.3440460413137,1534.1977356230796,1665.920567658273,1470.5554381504633,1616.9949284770657,1595.405514907796,1457.6658482640396,1521.6873206159464,1498.1289615127348,1476.5554135071234,1281.5834491440528,1398.1016009978039,1497.5741071140044,1450.0695589614145,1442.1259563219658,1559.0388591403494,1366.3223285705262,1348.8344506481164,1440.8370059410015,1474.1757508144135,1476.563758221885,1280.3510863061406,1341.2091227086298,1397.7996673352727,1432.3314265440054,1417.6053851663642,1394.9418248027187,1383.340544716119,1365.4419500114102,1542.492459337104,1457.4376818879462,1459.2065481962586,1262.13410365677,1473.4993405866524,1453.1359115118128,1303.5595890414197,1550.8128004434748,1372.0870391316219,1717.061655547467
105,1433.3053861589601,1248.9813713782314,1321.7671547440025,1241.1388453734573,1279.986803964616,1885.6377715173276,1509.369715215518,2908.401581242956,1128.8459083396465,1052.0788725705793,1052.0788725705793,530.0823534175528,581.3098344043154,522.2689481570959,519.6443992062517,673.7953947866533,516.5521958750735,380.12105729986456,1374.1165902443,385.3203510095788,398.5116263161579,396.945839683013,1533.875990148715,1547.5346773374697,1578.1719955177562,1745.1097772790788,1977.9247645495802,1405.590054939649,1543.2988944006975,1540.5260559021424,1533.389636750933,1523.0198205657941,808.5954746113284,1318.5799402968762,1304.663781436857,1304.810201449159,1171.714104851596,1310.8177071842474,1346.6158476847063,1183.3804015113424,808.0001277611921,928.9343445501065,912.3689461264767,1145.3821465595072,1036.5780103928962,1208.5429798934151,732.7483327146307,793.5154305045144,3080.0808154161714,2407.598652616559,1316.1593614352169,2133.0405719764576,1841.9126802789722,1625.988609423834,1856.2834183913492,1648.8999886614326,1599.187997644211,2380.5047978444727,1974.4199074649691,1634.699068397412,1731.8730672059503,443.38206284098663,678.6724338008659,1314.6976411654928,2617.838547644929,2616.5886958216356,1876.9141378225067,1123.2297537856953,1135.8050044718343,1135.032674130219,1059.5034552742127,729.8129495496388,717.9207132237435,437.0723890385471,394.0862432529771,461.0903982538393,414.0169371516028,391.5621756939996,699.8239014973267,625.0156218968662,442.5290261410194,608.9727279748379,757.3101754272241,1034.5606903948865,770.0120902220085,807.7201451313756,2987.1650554187445,2990.9173935491044,2985.543992844142,1603.6211269798146,1743.1229434926727,1386.2191577717285,1522.9078143533384,1227.802442912549,1621.8332774618573,1492.7828862913857,2519.469983828612,2576.3035392457805,4300.751270133064,2591.0235444344466,6.579496758330355,86.35328909076462,393.584919890137,15.532893336257617,15.524965750526883,0.0,9.107695682431881,9.635447349351574,2.0329062552070067,1473.6434573641552,1543.9004238527957,1524.967588363273,1656.9468754245881,1460.648900399457,1607.8621714821495,1585.0033450621186,1447.6877253944242,1512.285054670903,1488.1747873049226,1466.6495150202447,1267.2677198323997,1395.5761733638296,1495.6069043987113,1449.5612229101312,1439.9609885423572,1557.9511503308204,1364.5494660234012,1351.2005990480236,1438.4546595446477,1472.5564219353053,1478.7379289198977,1280.338704332868,1341.8593637147508,1397.0646188413873,1430.0614541483656,1415.823281925359,1395.5636591338564,1384.0537113759933,1365.6104910445733,1540.3877309757388,1455.3173711423872,1457.7142310929273,1263.9351755601265,1471.530012511172,1452.8268741661257,1304.168762245952,1553.5257782726517,1375.9436180047103,1714.0660482498868
106,1427.387058465393,1242.908401781589,1315.269485039871,1235.955148229014,1271.0902110481254,1883.1916152025256,1504.140100279152,2908.4508415568234,1123.734211042372,1045.8697348848298,1045.8697348848298,521.4635834013558,572.2340882744927,513.6255713011263,511.0852455581724,664.7443705834977,507.9513987863647,388.43069437342575,1368.574039645736,394.25646918687835,407.4140082239187,405.90967801045343,1524.9974598280646,1538.6534800426082,1569.3073527640306,1736.848165193491,1969.9998200284547,1397.1847409444342,1534.4079070736705,1531.647812881607,1524.509449754062,1514.1490978289567,801.4426516454474,1310.752947086146,1296.6415102741628,1297.008330517649,1164.2793952348777,1303.7864850622354,1339.4689149249386,1175.2388480616348,799.4412569396868,920.5879426047792,903.5776730384733,1136.7100044423987,1028.1209310536115,1200.333413888316,724.0248978400355,784.9243151153681,3071.384276185317,2404.9659418891592,1312.2380137481277,2128.5972358573863,1833.0874676866715,1617.2210848538105,1850.1025869492614,1641.538746155879,1592.5645011679987,2374.754104543412,1968.2426897744285,1627.4268821288088,1724.208448947896,447.58991443421894,681.0144040872352,1306.1536513974731,2612.4504584605206,2611.2055496250136,1869.333228323916,1114.2277408118705,1126.7998744903696,1126.024550056662,1050.5734951322434,725.7077804562897,711.4144777579601,429.64072970152307,387.77408497630677,456.36519062947144,407.2473600732262,383.8252112640995,692.0556205358976,624.8674799405811,435.43208129789144,607.5911186833464,757.003158862976,1031.2408569378083,764.891275261828,805.473386220926,2978.160533240906,2981.912984664111,2976.543868681174,1602.4582164046883,1741.9780824242591,1383.621687394791,1519.8650908296715,1234.843609550366,1618.4053273629088,1486.9794475576152,2510.382272688545,2567.522723404777,4291.775718300875,2582.2458020001345,8.107851088111447,78.92043144059134,384.5115173812893,16.92615449894404,19.038549691617614,9.107695682431881,0.0,14.040798683911213,11.136552204117255,1465.6585823008436,1535.9735361925405,1516.9641295877857,1648.8569191072986,1452.8991349055948,1599.8255636582176,1577.4645852034082,1439.9668907546436,1504.3428539395313,1480.4445159946467,1458.8995408143978,1269.6663898517506,1386.4705884446341,1486.5001765306865,1440.5079595489303,1430.8533089693592,1548.8667201465335,1355.4452761423966,1342.489274670294,1429.347655447614,1463.4550622379077,1469.9925033035263,1271.322960173569,1332.9066487596933,1387.9979367942635,1420.9538696836396,1406.7188895393338,1386.6074706373388,1375.107538405248,1356.6098738411413,1531.2801708879479,1446.2097777180616,1448.6160073980031,1255.1329974493158,1462.4232777777133,1443.7871565246774,1295.2119465263695,1544.8744665662578,1367.5344927272977,1704.9713545118375
107,1426.8320555413875,1242.6760729431562,1315.9419297795823,1233.9779749337922,1279.1273487652638,1876.7520787098008,1502.2420177961192,2898.8333489911233,1121.62715634121,1045.9303263888646,1045.9303263888646,528.2105219721875,581.7633221735707,520.4783187144396,517.5903085345782,673.9709212322878,514.6264894129787,375.18642370736677,1382.4148671763514,382.41118517315374,395.4292197894601,394.18769095647474,1532.9223980615834,1546.593358708232,1577.1529096031682,1742.180919760642,1974.2607816700663,1403.030538405141,1542.4045847167233,1539.570950849985,1532.4438747744834,1522.0300249538366,803.666478627415,1314.7415538261332,1301.213556801562,1300.9249647287475,1167.1961978754728,1305.6864889821584,1341.6494075166827,1180.191510524646,805.904400129182,926.2445414266523,911.0633726949601,1143.6262465421921,1034.1733450429313,1205.5072355050363,731.2007626005176,791.5195709405052,3078.3762546586872,2398.791636332572,1308.0582072234329,2141.9573925873015,1845.4278758087746,1629.7235605847798,1850.08163452205,1644.2502708972816,1593.509424555973,2373.8481906542443,1968.212414680659,1629.9118191466837,1727.7267356416353,434.3407416863578,669.1215589070338,1312.5290302426768,2610.837941016903,2609.58364272361,1872.6197414661235,1122.9823834864499,1135.5788860085586,1134.827822452248,1058.8238423181958,738.8677029210411,725.448998935444,443.5722512152021,401.78699800286216,469.8580984935511,421.2876020116108,397.628911932829,705.8309614425189,634.605135768273,449.44375786273815,618.6014347951524,747.8019536381064,1026.1110411044453,762.8197499295774,798.767966985326,2986.904920056096,2990.656437263976,2985.2532438357966,1594.293591766925,1733.7898852180267,1377.4041338446118,1514.3030336920267,1220.8323969625378,1613.4325415043688,1486.1913867985595,2520.0248835068296,2574.9153167966942,4300.293749435382,2589.6231156912486,15.892002207348368,92.90096871319697,395.6845705887625,6.6717048140129736,24.96209970400828,9.635447349351574,14.040798683911213,0.0,9.743350359054494,1470.1107307155835,1540.2490239266278,1521.471616276818,1653.6302172537714,1456.6621946326538,1604.4330918641695,1580.6435129330748,1443.648744330883,1508.6649989058221,1484.1517670077842,1462.6630214020263,1257.7287983575363,1396.5752527375373,1496.947862298151,1451.7970827892616,1441.1822981279722,1559.829671386611,1366.0184016582157,1355.1321793237173,1439.540600435906,1474.1135589351802,1482.5525466051329,1282.8832901140568,1344.793710892323,1399.1664214319526,1431.2179800215622,1417.283311217593,1398.4779177691764,1387.0226149533255,1368.2574225105923,1541.640997706057,1456.5655554047244,1459.350333455629,1267.5473718024439,1472.8709774496067,1455.1826472995904,1307.0813078589572,1557.6448430674757,1380.7137905782172,1714.7533505114336
108,1434.7351346784158,1250.4438779349807,1323.3171119786564,1242.4153953424973,1281.9983647043466,1886.3243163424918,1510.6549029125902,2908.536039140636,1130.1078682241566,1053.5704248305042,1053.5704248305042,532.0489742994739,583.3425611836223,524.2398379927583,521.6006513675426,675.8265941448425,518.5157428579101,378.3347899673291,1375.2435964225158,383.35958178187434,396.5611064106768,394.97635357811845,1535.8847647628277,1549.5438581042142,1580.17861953448,1747.0099534143917,1979.7604001609766,1407.517170115084,1545.309564902008,1542.5347854164193,1535.3986651824284,1525.0273955500186,810.2807007650724,1320.3971472838605,1306.5188153957927,1306.622527214163,1173.4542697123043,1312.4765334506503,1348.2979599520143,1185.258383233611,809.9556266465485,930.8511189872277,914.3640923544274,1147.3571323754654,1038.5149197531528,1210.43379870036,734.7324119674776,795.476644765709,3082.059570452392,2408.3246144138584,1317.1671169114522,2133.910206900333,1843.8431749019794,1627.9030713887353,1857.7667716673284,1650.6246392364721,1600.763122896207,2381.897777132122,1975.9023243179079,1636.4058822680709,1733.657924795305,442.5917970302174,678.3038369855186,1316.6499895594786,2619.1551023216502,2617.9042103204947,1878.6823050504095,1125.2558317184476,1137.8314520552433,1137.0594734571298,1061.5199622340615,730.6132048153323,719.2784852615466,438.6547775983202,395.40551607189093,462.04002760716065,415.4426844077477,393.21916393656284,701.4845553005496,624.9248417262476,444.0313909589902,609.1584729197921,757.5350492704179,1035.4410279573467,771.2789944530805,808.3706243256825,2989.1913608279524,2992.94368535543,2987.569767767767,1604.0274279164714,1743.524704710776,1386.9406285264688,1523.7252572155608,1226.328614431404,1622.7335948723082,1494.1885081459848,2521.5028763755026,2578.2965695131847,4302.773905598009,2593.016064701221,7.699564493532162,87.97443157788382,395.5933861006392,16.067671155029885,15.238899231597161,2.0329062552070067,11.136552204117255,9.743350359054494,0.0,1475.491096779239,1545.7367777785294,1526.8187593584048,1658.814543598192,1462.4508102079392,1609.7196475599885,1586.763461128812,1449.483974575352,1514.1244070778919,1489.9728370681808,1468.4514580618375,1266.8788036993888,1397.606706544942,1497.632592066525,1451.5617409599188,1441.9886797900213,1559.9638774509285,1366.5727365255225,1353.0998089663242,1440.4842068839318,1474.5777159607494,1480.646374061367,1282.3263652551905,1343.8271676557079,1399.0701367986474,1432.0900876549938,1417.8467107465888,1397.5325041300587,1386.0195201515464,1367.5932180819514,1542.41489026108,1457.344639767401,1459.733660490467,1265.8594461889693,1473.5557092994518,1454.822593116172,1306.1378263522665,1555.408657318232,1377.7629884250427,1716.0986775387319
109,518.6364011451485,505.52169990306663,407.1941207480214,657.3529662080291,433.3202841233939,1344.6932199174169,669.9072564075459,2535.9327666645017,690.555344455745,574.8592378567012,574.8592378567012,955.8976717866003,970.6861451881434,964.6191716207909,963.454462311787,887.3098216073664,968.1610743485847,1728.2813313733961,1842.7202472527274,1785.9920087680096,1793.2442780189524,1799.3117370427804,414.5570206487155,420.4294545050002,419.0798959079722,291.513504422546,504.82432582819325,166.15233417913137,426.29774085351545,416.2255935384633,415.61427811145137,406.15521403156083,688.3615937278729,162.2984253750001,169.4101926605226,177.5688947632519,336.1072193446518,303.8161346073158,264.4165216461101,294.3466467242889,686.1130499333292,554.789436115804,624.1385771566346,410.2753228827682,461.8844822502014,274.6234139124727,772.1572262726854,702.5589118090265,1659.3562267909886,1688.380239851399,861.0782196563312,2563.143998965761,1249.8817611867548,1168.2023949008712,650.2655022374507,263.6399409287832,405.4796186809679,1150.4658927113658,738.6227306462754,273.64112974082605,280.2631440917412,1525.3220664695689,1461.488073014034,258.5980322081921,1417.6256315760932,1417.2532162606906,427.21792217682275,564.927503556847,561.434080995629,564.0076043083186,558.8034306859957,1659.2790882626714,1433.0786735098466,1337.1237667451496,1417.8753463073635,1519.0996170346482,1388.3962870196515,1322.350158500937,1273.4538346168447,1844.4947320900553,1362.7617131218728,1770.9497843218733,1260.946025573334,942.820469384798,858.7557580469908,1089.2274672689084,1675.0059986956035,1678.5108416948221,1670.7020221915948,1387.2863025203499,1467.1575486316128,1080.0791589738697,1057.9236517320358,2236.404479714699,1035.7116834188012,551.7617332718108,1327.7471334988782,1188.7759799570017,2939.69204750777,1202.0000222607548,1473.468130044501,1435.3461409215054,1165.892638652228,1464.4937729878004,1482.9275440871434,1473.6434573641552,1465.6585823008436,1470.1107307155835,1475.491096779239,0.0,72.93991393430228,51.701230834344315,187.12168787217453,75.49190745255062,135.4152028331091,180.4266211076443,86.68240681070652,41.20412779911208,82.33074026357046,74.78931002818926,1694.8786892160026,679.2938804737361,749.8908960524758,870.2709034059126,718.7930002712865,851.1689214562593,742.4261614230305,1092.411535631849,698.6757980323638,775.8634696936634,1117.2513053674306,882.2510349580429,946.2458098554158,838.1661160146763,707.4149973492538,748.9367784219166,955.7448922938969,960.7964980960336,910.104837023681,750.3310651318967,726.001640220327,783.7833162242869,1026.365766484126,743.5421449011909,888.922630358232,936.207026911863,1195.7030821904348,1225.700756943624,737.9115461189264
110,521.8395777597849,534.296364233515,429.9674522176997,682.4023546117638,491.58205818018735,1333.5799746444384,665.9659298694677,2517.064030293089,725.8496416801037,623.6689136989979,623.6689136989979,1027.715412117006,1043.5895831434634,1036.463720631063,1035.10516575826,960.2427611596069,1039.8927757882734,1794.0037272514023,1905.0400614159778,1852.8473252204758,1859.8830848757198,1866.156469548287,439.5542964599559,443.3512933167807,436.6458651164391,239.53262572563375,434.02632125000565,222.43590535584326,450.14181236083454,440.16846630817986,440.7270850868719,432.70391136462223,754.0832316147573,227.37139925857454,241.21263641041443,242.06345177015803,395.4423449223341,337.44359035320736,294.44717020607663,366.80064801172387,758.7376874118688,627.210361826737,696.9112705756629,480.84403737112166,534.8239858915415,347.51826532326135,844.8904153186738,775.2108687008654,1601.5949754968956,1658.2640095343036,878.5206118706759,2618.5309431722567,1277.6251942588844,1206.9348382449614,603.3474533252365,209.0988888538022,378.2653272463152,1090.68185921353,685.2098872844854,224.89743027158372,208.50798006411824,1586.980659951863,1515.7008093597308,322.72151916742575,1357.6909357763675,1357.3817033180985,354.7338213710343,630.992941965582,626.8485408924028,629.3956331668718,628.4342896431345,1731.073390325231,1504.2817195241682,1410.0487974420846,1490.8142108741874,1592.0034830128686,1461.3339551642011,1395.2800597255366,1344.7332905650974,1917.4004009895395,1435.6755530564324,1843.7818249892266,1311.6652257889823,980.8396629386666,915.9350801763087,1138.6517004977477,1631.6506013855833,1635.1044191948363,1627.0540618333878,1396.1186488203093,1470.0181891100406,1095.2399133680956,1062.7554838992128,2286.6624811869583,1032.2649546760983,547.1730037135594,1301.5780683954774,1138.4976158268253,2886.7519421252523,1151.3817145881148,1543.8107044519427,1506.536539914422,1238.5560998214746,1534.5839381296337,1553.3440460413137,1543.9004238527957,1535.9735361925405,1540.2490239266278,1545.7367777785294,72.93991393430228,0.0,32.413661691428025,127.62488249456756,100.65487033792154,74.82656655040498,131.5303125247736,116.21990788083431,32.04285111792154,84.27543292078941,95.7862124289469,1729.3058828946932,724.3291901597503,787.5118162760874,913.5508949472124,760.5554011027665,886.0416207583744,790.2496368926253,1144.431913242131,740.3072613934934,815.8627735004101,1163.1681715350464,936.0520414598425,997.1165313878117,884.5596321840206,749.8560568210331,792.9859090912813,1003.6796853845889,1009.459920139548,959.2570356697843,784.0653212083973,766.5905484487512,825.078528553332,1081.8288816679344,783.064399313394,932.2860716909711,989.0338797892758,1239.2300281371213,1278.4088443159287,753.8033080199905
111,539.7313462202292,541.7871123535273,439.8353981599121,691.8071556498502,459.2615418035162,1357.000734226635,686.6246407515878,2542.9496483262674,730.5461665701131,621.124058332165,621.124058332165,1006.4230540904979,1019.0828560701692,1015.11981578123,1014.1149282042478,934.8372772296169,1018.7571360104025,1779.9037497212637,1872.931640137015,1837.685280093897,1844.929473585297,1851.004728403936,410.9025738319538,415.18209422656514,409.78268373778565,242.31532306853535,454.01680493377245,190.1954231117978,421.77434830693716,411.7560224370378,412.05226127812125,403.69781066316364,739.9464437417577,213.49593340924287,220.39686304823533,228.67057867194285,386.06206917162115,342.0491489569995,300.4489237916294,344.42167177600595,735.6111757235509,604.7170021497493,670.5759574766257,451.6859248311809,509.9410272874078,323.4939059999547,821.3531073253998,751.9888581491628,1609.2107980202993,1686.904336617894,891.3785037530379,2586.129240780441,1248.9865106432223,1176.1338145981642,634.8455660175067,241.14250570334346,405.37094292427685,1123.0648486957512,717.430692121915,256.19791630330764,237.94557766642066,1576.2625732431447,1510.1965414959175,291.2793012090988,1390.062512122831,1389.7557789020143,382.7405978409324,599.7292867221275,595.4216884549857,597.9613689799272,598.5583521050619,1702.6823033992684,1475.297992391109,1384.4454632478073,1465.7102065711842,1566.1640842313225,1435.9684953642927,1370.4132719883607,1315.837987409933,1891.5526548986968,1409.9422023704847,1817.4870890180887,1308.306125278742,984.3673224786601,908.3588141608724,1136.0242024554948,1630.221371424359,1633.7042935339668,1625.7881179493766,1412.6645173386557,1488.8009372265944,1109.1724684322103,1080.65845695109,2283.695870451717,1053.0734391642072,567.8579581539503,1291.3849186471796,1141.055308302295,2891.1613435432437,1154.155240520818,1524.7641566888499,1486.2705415094986,1215.2050047269706,1515.8689653620709,1534.1977356230796,1524.967588363273,1516.9641295877857,1521.471616276818,1526.8187593584048,51.701230834344315,32.413661691428025,0.0,135.7195692343683,104.08158657166283,83.72463299811665,162.32585019446577,118.84155410858834,24.41197884898701,96.0023563689839,100.57423803713833,1734.8564455104517,692.5409841244405,756.7700870179095,882.0244050029407,729.1816051338582,855.8186697554103,758.2035494296135,1112.1289677436848,708.9431854188588,784.7606817874546,1131.3709620173834,903.6678192809983,964.8693896693264,852.6684195188019,718.388098138893,761.3319989657331,971.6588694834863,977.376054901057,927.1273201231204,754.0047323602706,735.3829172218581,793.792381395811,1049.4176337404288,752.0209750589875,900.7534008991619,956.6854072761936,1207.7300963460896,1246.0781452620172,727.8816209733388
112,625.5437056691617,656.1692424784683,549.5796294071104,801.367096658374,532.3276339703565,1413.5013803361458,760.108165618212,2582.559707631882,849.9686378189721,751.256268298055,751.256268298055,1135.4817978591393,1141.3435125939523,1144.082987604555,1143.6471132181882,1054.7563577424821,1148.0541539671415,1915.2959114902947,1942.5317546583703,1972.6513068074319,1979.9921640370212,1985.9745573311538,415.05079550746393,414.85358656815686,399.0923558302334,113.61601350164155,328.143872273863,280.21160218850247,422.8669472773502,413.7174738810948,416.3553692827749,411.4853861534154,875.4475681664218,349.214569730593,353.009959337793,364.3875843299006,521.1016019769368,462.7011893003379,418.9870985816465,473.9083264507095,861.8146127674293,732.5720200110527,788.5823228943935,559.9272742532078,633.1691864371918,450.35148063969643,946.4378563497763,877.9460131559247,1474.6141217664715,1707.3952579079876,991.1701915486246,2634.671200043219,1239.5358728687825,1190.4484146847044,630.633883374985,248.36074199648064,450.87949672687495,1075.7303127703394,694.513497391623,274.6497303690468,173.078041689117,1711.8688357815688,1643.17872727113,386.97677748536415,1340.3134766487563,1340.203212428408,291.7171777677481,689.8071610269018,683.6273939517367,686.039036081797,700.5591847727334,1809.1443986186648,1578.8359327774122,1502.8630243878576,1585.580701766583,1683.568238171288,1555.0732739462048,1491.1012709045553,1420.2374452842691,2008.6092566894652,1527.8993575061868,1933.0222537445202,1439.2768101617926,1105.641188981734,1042.7264024873791,1266.2027145108616,1506.3790909597617,1509.8092095361196,1501.6576592640056,1499.172029092707,1566.561150122709,1205.1253827753824,1162.9741660356299,2414.222792956855,1123.5039403474552,642.5807664470448,1188.7154165684447,1011.1861660907404,2759.1270631769585,1024.008331608449,1656.6100499349857,1616.5261794210328,1339.9939287001328,1648.0996728659968,1665.920567658273,1656.9468754245881,1648.8569191072986,1653.6302172537714,1658.814543598192,187.12168787217453,127.62488249456756,135.7195692343683,0.0,228.11056207240063,53.0884612336932,202.4859348674893,243.68101795779523,154.1467442248091,209.19365107236953,223.06010131665138,1851.8098673855009,727.6972158164833,774.2171258731457,909.7422799748695,756.2337883406235,865.5867284616334,798.3435008319484,1157.7149001397975,736.1518431853332,806.8242562785903,1162.2359521202711,955.8461410104413,1009.1379287997297,887.9028952678267,747.1742117226682,792.8179193713463,1008.868993313539,1016.2333077984432,967.7507044598801,763.2242931597776,759.722856266309,818.5368050235131,1104.2095861892985,773.6841736631733,928.3887008973134,1005.8158224535215,1232.466641284613,1292.3209777718005,701.5770397656669
113,443.2759514252417,437.7055333245893,336.2104583531674,587.9047080669313,489.13165154995295,1269.590489935159,594.4478412025279,2461.9001087696442,627.0158001023208,523.1696167269766,523.1696167269766,951.1996286100001,977.1920506945381,960.0638616945289,957.7471449561979,897.6069428055395,962.9129948549953,1701.9192212805062,1888.5693672246764,1762.3217577603477,1769.0304552941298,1775.6081735331793,488.9255554179495,495.1256943537602,494.3723764864496,340.14460546217555,521.0488320137863,230.1147551074478,500.8352631186836,490.77132873402985,489.9589792076845,480.25194676986143,663.3081005980732,143.8718663824012,176.2512836092962,156.58602489882006,299.980233666321,238.3665003864745,196.41013724426423,300.31607047461574,688.9520426377251,556.4204945817686,639.9387107485453,442.4016619974516,473.7047428130209,287.78288068255176,775.9653420052493,705.6346898357142,1700.8165230927993,1618.059383764435,788.8343974607106,2617.688035321713,1322.5364063438449,1236.511049522625,592.516239985142,221.97090782133736,336.7614010194446,1105.0007179867503,686.7210850677217,224.71754313092487,272.662951955731,1490.891742041832,1415.9194424731918,309.70397860130845,1371.848299617825,1371.3858643031342,420.112108139469,607.4863206031907,605.3197569254755,607.9227550538562,592.4090260702064,1680.3722676938185,1457.477537820588,1346.8320239629834,1425.5021638110884,1529.4069638016904,1397.0790291310811,1329.2595667545827,1297.7687728465476,1854.4010080451399,1372.9294426966385,1782.725830767385,1211.2225200613395,881.3808520665518,817.5190914232237,1038.0926582835225,1731.7591648472055,1735.222232511001,1727.2125005021333,1313.0321220644469,1392.0281202887961,1007.2572439731777,982.9490959023949,2186.1135122107917,960.2198658307536,476.37158663467426,1395.3667739142813,1239.1464185347713,2987.1120523095465,1252.021071432723,1460.8101673637193,1426.4264148471195,1167.624509597243,1450.8680032581458,1470.5554381504633,1460.648900399457,1452.8991349055948,1456.6621946326538,1462.4508102079392,75.49190745255062,100.65487033792154,104.08158657166283,228.11056207240063,0.0,175.47213746006915,139.99900915611153,15.571553904211541,79.97994795027114,28.1646279982372,6.000850494964026,1631.1428403990353,744.931598131505,819.3900839584367,936.4809866280505,786.2634663036711,921.6785159918704,805.9330766834171,1151.6063565647528,766.2775131474326,844.1357287467024,1181.294265392978,940.2454682957181,1006.7627501944595,902.4185115503182,774.5350783636138,814.9747234747158,1018.606467243135,1023.0882970788589,972.126350672497,821.468277074511,794.0894255095878,851.342696945228,1082.2916591964695,812.136363295671,955.0423340199253,994.9909134919809,1261.2343971513633,1284.0322145079863,813.1188386162503
114,583.828153334372,606.5935301223541,500.95754171190595,753.2171348997854,507.99750099731676,1382.7980284955004,722.6603669803475,2558.4975700702066,799.3522981860234,698.4651622457426,698.4651622457426,1088.0370236528245,1097.375974307504,1096.6919799825619,1095.9436631671786,1011.8746686507943,1100.4812158911384,1863.595622206124,1922.0291436325103,1921.407001691749,1928.65404264806,1934.7266528808782,416.5357156710397,418.0968596270646,406.21299649877307,164.87412845564424,372.8083184034758,246.38175805155046,425.6532409771217,416.04486004469976,417.79642063738146,411.4930826145528,823.6141238065555,296.9442478603211,303.2291757415967,312.0354496787995,468.17003484966534,411.3909170390416,368.00057813367926,425.91229479622433,815.7770444559735,685.6270248712048,746.3925442196777,521.5560618942212,588.3913009899081,403.58818630791404,901.000136350714,832.0401204690618,1527.6869735166574,1689.9546486212353,945.9794122673363,2623.074687858037,1249.8544796095412,1191.4675658810506,620.4037728917265,228.19995768948968,421.0159205759742,1084.3618081199172,692.0400026591859,251.15791689929802,181.91510237371432,1659.1728405415847,1590.1217000374638,352.6344293023003,1350.3074277117214,1350.1146944820491,316.8522744438979,659.3553477994919,653.9219997472729,656.3935599894497,665.1933944987661,1772.7533637733322,1543.6711862431923,1460.8615899160961,1542.9015451333282,1642.0938256317181,1512.7561815741237,1448.0038754115626,1384.6182491273867,1967.3619821427983,1486.1239165150967,1892.4842486632976,1386.430445929735,1054.6969322405164,989.6586278610064,1213.4629659747186,1557.4662234793063,1560.9108032984304,1552.8205881260203,1458.4677340106462,1528.7488481112523,1161.2696947563372,1123.3594061887977,2361.4680089345866,1087.7372642150133,604.3560664148697,1233.180480221298,1063.6745598993461,2812.0497319196606,1076.5554012206721,1607.6081053304226,1568.468828744828,1294.828922989929,1598.8568179505814,1616.9949284770657,1607.8621714821495,1599.8255636582176,1604.4330918641695,1609.7196475599885,135.4152028331091,74.82656655040498,83.72463299811665,53.0884612336932,175.47213746006915,0.0,168.30654530125238,191.0401634807367,101.15266750889316,157.6568845265492,170.54561687837585,1802.1172930222049,719.348819323621,773.0056693082341,904.9247920814776,751.1871462227421,867.6807144416118,788.2901972766272,1146.3124817426587,730.9640818955208,803.9196763332187,1156.6975498493478,941.4327552928986,997.9976134098195,880.0606656975692,741.4108172257135,786.1613134362345,1000.5345817144,1007.2604790687216,957.9717735539285,765.187273297151,755.7546905702294,814.6190797419347,1089.026768828268,770.8188081081024,923.6521712035287,992.7275051562771,1229.4560288201612,1280.8409324826857,717.0730371596792
115,425.421061831411,477.88133287765675,368.4473906867145,614.667928654228,613.7187244054912,1214.5197887942304,557.6237517082593,2391.5355716168833,675.5768955630579,604.7599369306181,604.7599369306181,1082.7480207493998,1114.073413307055,1091.6711383480574,1088.6605773463207,1035.814519006123,1094.0934992478008,1812.2914527018986,2022.0161329645923,1875.672256085945,1881.755165673634,1888.8951308448984,570.4113069558963,573.8094015988142,565.7533294987301,308.84603303472323,417.0142415789538,345.6621855177947,580.7639230091271,570.8378217852668,571.600261444626,563.8079017022102,780.3849760576436,279.58958282426596,316.17954041776073,290.51363113582573,414.12306092404884,304.34865321466833,260.3815426912032,439.31062746625236,825.0832617039695,692.6174949951616,779.5545777748907,580.9040235777991,613.0011564772656,427.6897803672801,912.2220918547703,841.8052400173569,1623.288388003216,1528.0897101953751,795.2231323905777,2743.4092614579026,1408.181212448324,1338.3647114786158,472.8182351846551,83.78136019185303,252.91061829656144,970.7514486091678,558.4014115445314,94.20218612206345,152.4291090143842,1591.3558743146732,1498.5979821954095,438.3431127025044,1237.8866325744375,1237.489528292215,292.2308189986397,742.3604374869193,739.4646327032261,742.0543850614843,730.7973241585273,1820.2338598843073,1597.4760075941558,1484.4464415684324,1562.329187844664,1667.1066318869287,1534.310837828903,1465.8901782933656,1437.7663050457966,1991.8199384068862,1510.6747285122565,1920.774212587372,1286.956141452482,931.5680085929271,912.0848207821023,1112.238208103732,1688.0137910181556,1691.3510895899506,1682.843292153932,1297.4395688350949,1364.0752185925003,1006.5522871621882,960.8305048972779,2256.878443640577,921.3012813470854,440.21263286031615,1388.5125447159414,1182.622912965283,2918.3951745261074,1194.600250769284,1585.4438545075357,1554.0494448087034,1302.1876210343119,1574.7111747904303,1595.405514907796,1585.0033450621186,1577.4645852034082,1580.6435129330748,1586.763461128812,180.4266211076443,131.5303125247736,162.32585019446577,202.4859348674893,139.99900915611153,168.30654530125238,0.0,147.93834754401087,148.05175928545103,113.22870229794209,134.78548802727718,1668.1408943926695,854.4108876227338,918.9619519536797,1044.2062463614348,891.4658147317322,1017.5668677916713,919.3886654121998,1271.605252344283,871.2320320577898,947.083550677136,1293.165796338273,1061.9998625425617,1124.9091757084811,1014.2929864844256,880.6230502156598,923.3915464558249,1132.8779630893684,1138.3484906656756,1087.9034189149866,915.5686532513844,897.7070982706687,956.1035998721978,1206.5519662178071,914.3348403808034,1062.928885030713,1115.6561832663713,1369.9209228147386,1405.1783605325925,881.0422010456642
116,432.2815504144845,423.0946382559159,322.29237610895444,573.6633651484425,490.1139387894173,1260.5032035589702,584.520065605017,2454.025297478473,611.8873674271042,507.6051003984932,507.6051003984932,939.4407654630679,967.0696554804223,948.3202346811684,945.8481114385843,888.1458639423035,951.073600973248,1687.563480684163,1885.9954583409979,1748.2017652306938,1754.8599437645855,1761.4839831501383,497.54764339589923,504.0654818511548,504.1371894500772,355.6931575760743,535.1474090510765,234.7031163710044,509.60907829892665,499.5599471139849,498.55866872032186,488.6448040723198,649.3032832840709,132.7336100527257,168.90853618126033,144.77740345099326,285.3528769310048,223.28135627746497,181.65248575272943,291.3761641388955,678.4796510403579,545.9380912728208,631.6781541830808,437.7523498127112,465.0652687915287,280.20465597997725,765.5592815238966,695.1812688077611,1716.2518979484494,1612.75421964614,775.4413987311007,2617.3995539328967,1329.594866126053,1241.286928135533,592.8321141965579,228.33904175124763,333.0752241955102,1108.4811682940312,688.7457692174801,229.14171390840983,284.78492191892803,1475.9370095624702,1400.4350194771832,310.0831235599568,1375.148074707851,1374.6625923435984,431.76140667907424,604.7816513156253,602.937223705141,605.5430236744829,587.7092675928129,1672.5003590040003,1450.2832112803721,1337.0723822486264,1415.3876729051237,1519.6966665229324,1387.1398918147963,1319.0588798330218,1290.6093822854687,1844.563537830269,1363.2368499540403,1773.2054722244497,1195.6614482043265,866.1062237935196,802.2412458927454,1022.5227884785373,1747.1957636397176,1750.6605653356683,1742.6585934856378,1300.6871993613088,1380.5430933686264,994.1138366384922,971.2621024168512,2170.5439125983844,949.8946463873748,466.77805463056444,1409.7843996548975,1254.714722360551,3002.6684331626125,1267.5910651493944,1447.888499555678,1413.9660076790547,1156.6888310857635,1437.8349785253722,1457.6658482640396,1447.6877253944242,1439.9668907546436,1443.648744330883,1449.483974575352,86.68240681070652,116.21990788083431,118.84155410858834,243.68101795779523,15.571553904211541,191.0401634807367,147.93834754401087,0.0,94.94885108856711,40.58181829177467,20.862653635827595,1616.102053862483,748.8061195108307,824.8545438502609,940.4692816576178,790.8460635693672,927.5957793448165,808.972922549086,1153.0075609385785,770.9276496284409,849.0301124514057,1184.3568595714833,941.36502128146,1008.6576099277452,905.6718665707523,778.9793996541744,818.9584023040769,1021.3001964194658,1025.5794927034497,974.547325659836,827.7538609242943,798.930312519266,855.926386526099,1082.7074520486594,817.1897130959777,958.9863008143047,996.3290265992556,1264.8425584412855,1285.11249731528,822.6331352838089
117,515.8674222694556,517.625515522565,415.46664623402194,667.4879231683116,467.6052073351739,1334.6788930246175,663.393871246376,2521.8678447837465,706.8287941558888,599.2929240170328,599.2929240170328,995.7434004876412,1011.6357021071881,1004.4874570699033,1003.1621262244824,928.4272420903432,1007.935422622917,1763.7839086866113,1879.4442138625382,1822.2568635951784,1829.363178962276,1835.5698190515668,430.3952258694747,435.11931560452456,430.7504756372101,263.37432320819227,465.69516363870065,198.57141205426328,441.524459484318,431.47623768877634,431.5208013074389,422.83861312939604,723.7724534175517,196.83981651451583,209.20553374944913,211.73153189700395,367.0209883403432,318.2297884743428,276.38866736160026,334.75780111050443,726.6988291868589,595.1686852458052,665.3410732558336,450.758257879708,502.95405773311126,315.5685143001464,812.8645074489353,743.1742272075717,1628.7218498876257,1668.0759093032625,866.9726510905114,2596.390370328501,1268.1364013675282,1192.4322605293642,620.683057779099,229.47734749464476,385.6183084696929,1114.7069039603218,705.8529331447896,242.23924766154428,239.19354882173494,1558.1541431753922,1489.6045538888677,295.7663072401578,1381.831244922289,1381.4895494892862,386.02399126749617,603.3360872407268,599.5184619880259,602.0797607936096,598.9024527450198,1700.280333007404,1473.8721397716388,1378.2559089574754,1458.9305746332695,1560.2564021829432,1429.4946611103223,1363.363394607774,1314.2730789526324,1885.6494220240377,1403.9089904598231,1812.1410434585289,1286.8655495393969,960.909922337379,888.6198531743726,1114.3082866776338,1653.0213261093934,1656.4965853029983,1648.5439018237519,1388.506026568299,1465.010754753652,1084.798181373485,1056.7203267859206,2262.1535052159156,1029.8242747381018,544.674222314909,1315.690479896492,1162.5891649292162,2912.0739227133386,1175.6137882306934,1512.1729569781558,1474.692620685803,1206.519425178473,1503.01267026087,1521.6873206159464,1512.285054670903,1504.3428539395313,1508.6649989058221,1514.1244070778919,41.20412779911208,32.04285111792154,24.41197884898701,154.1467442248091,79.97994795027114,101.15266750889316,148.05175928545103,94.94885108856711,0.0,71.87030499689968,76.29893509964585,1711.0483787887554,706.6844951464127,773.2932909939182,896.837751294664,744.4342132219928,873.1406561304319,771.3725419658768,1123.7433349679875,724.2286636134676,800.5868244380327,1145.3406507025759,914.4577507527786,976.9230423433286,866.397954109297,733.4169297731122,775.8453706726958,984.8588579758814,990.3022667491869,939.8516617461086,771.5991785502662,751.0082065818092,809.2189160383388,1059.4900473901093,767.9800742614436,915.5445579182941,967.9181327535941,1222.5324449665322,1257.4259741872397,749.2676979108137
118,444.07015800234745,450.02409047954615,346.00869468865585,598.4035694496312,508.79848414972264,1265.0745846572702,592.3403478596107,2454.609315126606,641.82431338938,543.7366706150691,543.7366706150691,979.2526903720516,1005.3118803672104,988.1206455517424,985.7637441724895,925.6034329627114,990.9458975577903,1727.8527186444733,1911.8648891452733,1788.6435164066174,1795.2745000399937,1801.923512652305,496.002631049634,501.51201193980995,498.9224933959687,322.37416141121827,494.73862762162094,245.6252203851069,507.5647151680113,497.49148296261416,497.0808312240839,487.8273811500128,689.8082313495433,171.98714680155547,203.7159048546879,184.57042915626042,325.47016073582245,253.7364224420572,210.40938639142587,328.23581833461355,717.1082802218027,584.5786196171732,667.5577539843578,467.91240202444243,501.4903320330846,315.21839252886764,804.1164392714142,733.7896378903156,1678.775789415994,1606.0604536603162,796.0127852449643,2638.3700362370964,1332.0476461342462,1250.110345950251,572.5040058574772,196.1097943168416,323.2243578947571,1081.1230836357722,664.5472264239271,200.69916009539799,244.6667025453314,1515.4116818536793,1437.669048866582,330.50277676874373,1348.1104155311139,1347.6712439077317,392.00571315668515,631.177785146893,628.694930525708,631.2934391433582,617.870000912396,1707.762206416885,1484.5193031848441,1374.887285199913,1453.6173904044656,1557.450351742364,1425.1672748629123,1357.3865761458146,1324.7980882053387,1882.4679925361563,1400.9705260399858,1810.7237165167817,1231.722393752425,897.0537902713523,840.8018148893332,1058.1956017906364,1715.1172254512621,1718.5604668078745,1710.4628435499997,1316.669581458194,1393.2450259940442,1013.4734117341367,984.8725959508464,2206.140554742019,958.6885729594221,473.73380470408205,1385.125405331457,1220.1131771178686,2966.6712889557475,1232.8542867185354,1488.3626196203877,1454.238250659611,1195.787017150932,1478.3436190429388,1498.1289615127348,1488.1747873049226,1480.4445159946467,1484.1517670077842,1489.9728370681808,82.33074026357046,84.27543292078941,96.0023563689839,209.19365107236953,28.1646279982372,157.6568845265492,113.22870229794209,40.58181829177467,71.87030499689968,0.0,22.353911326415428,1645.0781108494273,760.2301825574303,832.0296512629025,951.4761720627714,800.4026770611418,933.460127410021,822.4542104205273,1170.293171767148,780.3223560245013,857.7208081443915,1197.610506923033,959.3815645821488,1024.8231599079284,918.5633052473903,788.9073365993696,830.0502411113055,1035.5257319267494,1040.2992404901934,989.4594650606125,832.6585506206629,807.7990759966425,865.4340560044108,1102.2856794512427,825.4789031794162,970.0976898312234,1013.8147218245161,1276.6967832164182,1303.1138990864288,817.8019626888257
119,444.6284851729864,441.3546756278672,339.3378710441979,591.2354075505136,492.1840680206742,1269.9188025875337,595.2303414646706,2461.6500502619533,631.1603724000471,528.3070706495091,528.3070706495091,957.1470780066397,982.9581624127961,966.0100806639847,963.7049613926608,903.2758217705258,968.8664801628896,1707.823884252898,1892.6456312368532,1768.2621924466764,1774.9641640300558,1781.5480771684347,488.9743843487179,495.02349490132286,493.8692015751914,335.31880772666256,515.0999122785506,232.00839916697703,500.81022826768776,490.74163259921505,490.0180136958276,480.40925161254864,669.260029667981,149.7995594814365,181.63559651446806,162.55722618936593,305.81984851078386,242.50861031589287,200.25284436023784,305.93486190180374,694.7691559713918,562.2421693679172,645.4088276837186,447.1017711518617,479.25296466891274,293.16393066557487,781.7723819902586,711.4490663090514,1695.396090094937,1616.7393455070776,791.542532105981,2621.0658201067017,1323.2105415381395,1238.1240122920158,589.2346529254986,217.06415209318948,334.95568369792636,1100.7279481535459,682.8944145035688,220.32370962450932,266.70669779493824,1496.6349342418384,1421.271130601059,313.0149157520755,1367.6186924611618,1367.1627356880845,414.1910860535973,611.6480322136592,609.3906576865112,611.992548250096,597.1018267456299,1685.748096131069,1462.7169847205312,1352.5419812314155,1431.2634918982149,1535.1082380128883,1402.8153450111756,1335.0334999974787,1303.0029491098605,1860.1200380321013,1378.6290054747183,1788.396200950056,1216.3758663528722,885.700663027964,823.0883082062978,1043.1784070051674,1727.2047291994397,1730.664443355978,1722.6395663250782,1315.0639149919634,1393.5684119430946,1009.7913606267289,984.6151983907563,2191.2004441488493,961.1663359169349,477.01419114724683,1391.9589482143465,1234.1854191671714,2981.940136202278,1247.0387601136638,1466.810479116564,1432.4149192533696,1173.4918836895329,1456.868852936477,1476.5554135071234,1466.6495150202447,1458.8995408143978,1462.6630214020263,1468.4514580618375,74.78931002818926,95.7862124289469,100.57423803713833,223.06010131665138,6.000850494964026,170.54561687837585,134.78548802727718,20.862653635827595,76.29893509964585,22.353911326415428,0.0,1635.1707170869818,746.9216431118723,820.7550173402185,938.4119639825791,787.9792438562545,922.851644119059,808.2256357807993,1154.454121366001,767.9690807426318,845.7248227652813,1183.555641376859,943.1992108838082,1009.4478012818104,904.6254383170839,776.30537251633,816.9168488545304,1021.0089970164807,1025.5629117282879,974.6288340330603,822.4972261158135,795.7039292831689,853.0522704183572,1085.4710341680286,813.6656856499488,956.9888201239401,997.8676636832093,1263.291697089447,1286.9835928697535,812.6960979842637
120,1263.5947289361145,1195.6470161145633,1302.8091584419271,1053.474812151651,1838.1237452337646,1021.5234251320878,1191.8714924115927,1712.3581612536002,1004.4287708090551,1139.5187381884539,1139.5187381884539,1341.006127374687,1484.3437477946713,1342.6012992718445,1328.0060433932504,1520.8758050408737,1333.6982231232994,1065.9645687836232,2589.7273150777637,1148.6950616135257,1139.4305584064418,1153.475882279517,2019.6264142489736,2031.4758680613604,2047.514466925388,1965.355889435309,2055.183161673322,1758.0218617426135,2032.8968064588585,2024.6376652151391,2020.034406527823,2007.5898190546902,1205.2397923697022,1557.4845812437827,1593.0513659522264,1543.5451178656758,1393.989749855622,1392.8227179685562,1435.024783086357,1546.851732364159,1441.7395334975988,1453.7853015352796,1558.0156968584379,1663.2533099364728,1537.3692702216204,1577.992186279063,1444.4090523272573,1442.1537681424509,3266.2212381643403,1484.8679389040692,895.2837676110124,3375.278739945172,2692.965429003334,2515.9868931574406,1587.3944671946022,1673.8941202705555,1491.3950171115428,1924.442069696616,1675.197842913496,1644.966681816084,1801.7401032095297,838.403908897393,588.6605173064106,1736.1435084898885,2065.4772860946928,2063.555494858614,1891.2187913957164,1779.6198878897146,1790.2723819359003,1791.4886262269022,1700.2751076860054,1986.797931914814,1919.117610803993,1626.3785812833078,1622.3496642097361,1714.0350855612974,1628.8429264557494,1574.4757005610322,1837.3830861156666,1880.2137317086501,1643.974900174006,1874.0268239007892,588.8158105081924,753.9698475071303,963.6212157615023,690.9690520741408,3355.826028643931,3359.1871953138407,3350.756808403619,647.6085477854458,745.0981098154633,731.6009312813692,862.4651746178913,755.6638965664018,977.2512539114946,1277.9999460610732,3020.1516539057266,2849.6822543948706,4567.3152067308865,2861.3286652716233,1273.616820231011,1333.241551156154,1449.166888528261,1252.9560505387587,1281.5834491440528,1267.2677198323997,1269.6663898517506,1257.7287983575363,1266.8788036993888,1694.8786892160026,1729.3058828946932,1734.8564455104517,1851.8098673855009,1631.1428403990353,1802.1172930222049,1668.1408943926695,1616.102053862483,1711.0483787887554,1645.0781108494273,1635.1707170869818,0.0,2091.7854293632463,2203.2203980456707,2240.2631344647707,2146.9758812941327,2302.2148247104046,2106.339147688868,2286.5212643499194,2134.0379908950313,2202.7241385031357,2390.6147111728314,2122.463141915335,2204.0504027244274,2185.1259047457834,2133.300927443507,2147.5431589000023,2248.4456703115934,2242.806329687078,2202.047101348682,2232.7613012463285,2161.8934866537575,2197.09518727715,2187.371827026718,2183.2799942841916,2252.8435781333874,2170.3572601917767,2480.927884150026,2368.6675468900007,2326.2134069281224
121,1145.6240927844512,1052.519274064031,994.378021731142,1196.3643335174895,281.212821782332,1979.293509318601,1304.433190836201,3182.263226548925,1173.0437145640751,995.6293102516892,995.6293102516892,903.8359072603491,816.1454941631877,908.7849431136802,917.853934047774,726.9252804994902,917.2657713742576,1745.8309331437654,1241.0025878271258,1773.6947335194297,1785.39194737756,1786.233061429896,324.43354508697684,329.9411758183901,357.6075914916464,722.3833294290281,990.9587371734843,514.9252745952666,321.3552695131702,328.0703418289081,323.1205622486035,324.03352958959755,889.3460721042109,688.4465254464201,630.661820559783,693.4812047691554,774.6318719521457,881.3166740022161,864.3694324124893,598.1880023622381,680.1712461111523,639.4259304732377,553.8022027919875,438.6848745809782,556.2380879156743,575.1353627873385,715.468597832137,685.9514044272929,1777.7258301351267,2359.8360367463483,1412.5500394231226,1907.6009158185877,618.3971483263999,495.4217651663349,1327.2279633616793,933.3556831535636,1081.6460518973665,1802.775291408187,1408.3884179146735,948.5526391151203,898.5979689609084,1636.961713648021,1684.3483733046912,450.40032590728424,2067.877899687854,2067.7491824257236,1014.3370711172801,316.94903555689376,305.1985695688581,304.3963363885613,397.3250688968542,1258.6647361123817,1025.4209965318496,1073.8502302336037,1161.7824481829193,1226.531182710325,1126.8646331761277,1086.6206413720208,887.5635558928827,1525.9088372567928,1091.5272182818685,1441.6975502929677,1543.62698621521,1372.0568539784672,1131.1564866465553,1405.5793295618364,1612.4770149636158,1616.2326220076152,1611.9005199237833,1949.3587272754048,2052.107323155727,1627.009320653589,1648.5552216821795,2457.984385428723,1654.859861970802,1193.822863886302,1126.9231947922335,1267.1880026889457,2926.8520339413953,1282.2243967738782,1392.3889839221517,1325.521056501178,1005.122476639877,1393.2583638447295,1398.1016009978039,1395.5761733638296,1386.4705884446341,1396.5752527375373,1397.606706544942,679.2938804737361,724.3291901597503,692.5409841244405,727.6972158164833,744.931598131505,719.348819323621,854.4108876227338,748.8061195108307,706.6844951464127,760.2301825574303,746.9216431118723,2091.7854293632463,0.0,112.53525125940189,191.71773839291478,55.19355598096997,211.48227345569117,74.05693523305635,431.96399961572234,44.774980771354684,113.46637632343922,438.83905907743485,245.0821818210476,283.83957425003445,160.7299215047958,41.54431534760884,70.32787648931506,281.3126658222461,288.53907126528435,240.53574491091533,149.9958453812075,70.27369517810908,113.22627881039996,391.2284666746118,91.52785160196825,210.18974179097887,286.4992777884804,516.4668409557909,566.2139989838046,322.2010992810385
122,1234.037286634393,1150.04760204572,1086.7439818945013,1296.245408880611,381.23157265921554,2069.5631954268515,1392.5063532063534,3270.8260285330584,1277.1952035976274,1101.6031461265975,1101.6031461265975,1011.3886413223203,918.7852325170127,1016.0713151068965,1025.5380073785923,831.3056224244071,1024.688548790323,1850.0660343929683,1243.7774708408235,1875.8279488465114,1887.7673379137423,1888.2431054651088,359.36487759732114,360.67912797861595,381.57266090658845,752.8367960546506,1011.1489602233682,590.3684983234974,352.3717048917397,361.10046744608246,358.0499116627375,362.755522368916,1001.5384138172384,776.7609241144471,719.9732535924671,783.1427891868732,874.7406171606706,972.6332303221926,952.6762640178518,698.6987071253563,792.1808593174196,751.5944328197936,665.9629101444574,546.1844940479617,666.6491053289882,673.8735161157592,825.6796395048203,797.7026369490612,1717.3761575600593,2437.4479347116276,1512.8267220581688,1876.3949817634777,517.1894216921577,419.4362079253686,1389.9815671027181,994.6628723599028,1155.2207045698208,1848.4127085074945,1465.0441685129044,1012.3014090552857,947.1843218234229,1746.35150977004,1796.4875653491492,539.0474209002275,2111.354482277351,2111.332752478328,1052.4095138954171,429.47194753826494,417.73380155439094,416.9283868780562,509.854741390963,1318.6765861107203,1088.8087543132954,1159.5930327655392,1246.8028234970748,1305.4488878365441,1211.811528838022,1175.5356374715602,958.9134323544203,1596.6043864432595,1175.873612480125,1511.7397255262013,1656.1363678964672,1480.5947748416415,1243.2422281124293,1517.6370951325778,1530.2630840941297,1534.0051961499375,1530.1470336702623,2050.647547015302,2150.9518518679515,1728.7752469587224,1745.4520883688117,2569.2226341536775,1747.3761205299963,1279.652496447274,1035.4033969169082,1210.2280099639565,2841.970697808475,1225.150126258863,1492.2136233074345,1423.6769843273105,1103.3703938039775,1493.8379069845184,1497.5741071140044,1495.6069043987113,1486.5001765306865,1496.947862298151,1497.632592066525,749.8908960524758,787.5118162760874,756.7700870179095,774.2171258731457,819.3900839584367,773.0056693082341,918.9619519536797,824.8545438502609,773.2932909939182,832.0296512629025,820.7550173402185,2203.2203980456707,112.53525125940189,0.0,145.36151118699632,58.61368114950284,106.05325225694557,132.36899301793045,419.96884855742815,69.18554555726305,40.51314236364886,393.62487962589705,277.1147623396361,283.3469697185364,151.26411824989538,71.3589928284314,81.73707767573337,259.7460981095438,271.17652932264406,235.24693618768416,46.82164913750909,42.7670602462467,59.03477436172393,405.24453852317123,24.07701505707059,162.48475917130952,300.22671663053853,458.7065398007954,548.451074873916,243.4560139754522
123,1335.256365316268,1236.5851739835948,1182.3320343801026,1377.657199107395,467.97902171639964,2167.5231568446297,1494.0654151613207,3371.008675134865,1348.2379908137464,1167.9146311223874,1167.9146311223874,993.9658832478117,885.8175383687437,997.4975370683565,1008.4831946396472,805.284931836772,1006.5599550242492,1814.493798031581,1100.514888713824,1833.7077093952173,1846.3064213514683,1845.7193694588552,497.36223060520564,500.0777328174498,523.0857491268173,894.2231237877262,1155.1877851876886,706.4047038841717,491.5913423809439,499.764468733907,496.03305482712,499.406925241022,1035.2145923256373,878.7264900072317,820.7363065942183,883.2860293466168,957.003410564895,1070.025182676017,1054.3642374035396,781.104933799028,805.4976539076829,788.5836289651694,683.894906233542,612.5177052468838,718.9291307717186,759.9391172485111,824.0817701868835,808.0756921823564,1836.781568104308,2551.4748641961687,1592.944198543442,1733.1013350161375,452.88518750799045,305.7097784915163,1516.8620213780293,1122.257397684469,1273.2288136217542,1985.3783985758228,1595.9892416138478,1138.2172183649116,1082.0574868686358,1732.085800825354,1803.5627123838917,641.1696233323747,2249.358288920234,2249.2912657937,1191.863597731863,463.9739171859891,454.46929314981935,452.9140996468648,541.4481755361204,1209.9781320131829,985.4372050959154,1086.4060382561593,1171.5844507168433,1220.1796955121818,1136.7780048064658,1107.824684945469,866.6395513394962,1498.5673973379837,1100.1747112783016,1413.2960033100055,1678.3875978656529,1536.1436443512596,1276.6432738002693,1550.0692441183535,1626.0790626689013,1629.7864491586472,1626.6117170605235,2127.6902216731432,2233.438762964328,1805.063175964354,1832.2746756021493,2564.66771780934,1841.9755868516786,1384.29087086523,1119.470432200179,1334.0040725563335,2930.6679063342754,1348.7763185362755,1445.6508201789002,1373.3652664827362,1056.1216101391685,1449.2595325831212,1450.0695589614145,1449.5612229101312,1440.5079595489303,1451.7970827892616,1451.5617409599188,870.2709034059126,913.5508949472124,882.0244050029407,909.7422799748695,936.4809866280505,904.9247920814776,1044.2062463614348,940.4692816576178,896.837751294664,951.4761720627714,938.4119639825791,2240.2631344647707,191.71773839291478,145.36151118699632,0.0,153.74359921427117,122.10098928443928,141.81685436123402,276.1065270089822,173.96071725859417,106.55649871556487,252.60224838915366,174.89247909805735,149.61811862476765,56.29989824125867,163.78448099865435,121.5133834378231,116.27802021949731,128.79517404087224,103.96099047758338,178.21759559150695,150.25878821739326,91.96404534407709,273.63359735144576,138.6090385857865,18.74698055362597,175.91535286611602,325.7150379754267,403.1947048201546,366.049898788013
124,1193.2355687109296,1103.6869153738069,1043.5182820053485,1248.4345361814962,332.6223340767769,2027.848642173288,1351.9653521897144,3230.25308731349,1226.5736140038657,1049.7023442523189,1049.7023442523189,953.3557273389199,862.1398690658024,958.104358697626,967.4750215378153,774.0996615392403,966.6888246380043,1793.0438276046364,1232.612898690283,1819.4963993055414,1831.3549654789224,1831.9542899779792,345.227031168115,348.73958108093234,373.40804505066353,743.3304468105432,1007.5712358852425,556.2300144262838,340.18047339351085,347.973440048667,343.89659199917236,346.68715147712055,944.4071002362377,735.7048889361603,678.2708213225993,741.3088606743235,826.6569463921103,929.9746588783856,911.7824851706291,650.2613044347754,733.6648898471507,694.5064214129233,607.5099939330931,493.06939216568304,611.3443226154026,626.513972341132,767.1275565465037,739.1291669255537,1755.0087131295895,2403.269395855564,1464.7980475948716,1883.584925456523,565.1871263647769,450.5392254947775,1363.8999918932207,969.0458782240019,1122.933466016033,1831.9452011520011,1442.373236218806,985.3619253956155,928.4174670108338,1687.9529983081552,1737.9973022752586,497.40810352526006,2096.153239228065,2096.0735175763202,1039.4302216755245,371.4523172649262,359.8316970856067,358.96935454305765,451.85558502091817,1279.7123063910747,1048.127928806588,1109.339033534251,1196.8870820895893,1258.1156233164222,1161.909377476502,1124.0106416821739,914.578030287081,1552.9769770850558,1126.1999616286435,1468.366385557598,1598.3561499511893,1426.8457924467477,1186.2535231248353,1460.6818130477293,1577.9700477317908,1581.7193323992465,1577.6474884433228,2002.012235090888,2103.912949404296,1679.7992759835163,1699.6088422269695,2510.60934276146,1704.245874041807,1240.393559959703,1087.0252783659073,1245.9598582218414,2891.06732722684,1260.9486162326957,1436.6398447688512,1368.6894503959643,1048.2717650090963,1437.99978337433,1442.1259563219658,1439.9609885423572,1430.8533089693592,1441.1822981279722,1441.9886797900213,718.7930002712865,760.5554011027665,729.1816051338582,756.2337883406235,786.2634663036711,751.1871462227421,891.4658147317322,790.8460635693672,744.4342132219928,800.4026770611418,787.9792438562545,2146.9758812941327,55.19355598096997,58.61368114950284,153.74359921427117,0.0,156.616750394466,83.49769229459208,414.0451699363509,20.26239462912199,60.505264587724625,406.01211234139714,246.85400087035265,269.49246623601414,137.30747524736955,13.84410868864868,42.81268726691626,256.8805251081733,266.1991116043506,222.78305519144018,100.56453266282408,15.891473166793272,65.0824960140993,385.67900860082256,36.435960994432826,172.46601883083937,279.37335221825606,478.856849034775,546.4732142393569,287.21933951269426
125,1339.3019488489,1256.0914369377952,1192.5834880266318,1402.1612516304237,486.79887944443965,2174.9776200458127,1497.6593675777588,3375.819134813713,1382.2895082299922,1205.9874086849175,1205.9874086849175,1088.3719896730668,987.5328470688188,1092.507107226634,1102.7358041457235,903.4198135325947,1101.3635776158917,1918.7974040598606,1202.1704561341576,1940.8325347852583,1953.1658573377993,1953.019444500829,451.3352548713653,450.786372643437,467.81861281146274,835.9407269602574,1085.9417066500532,693.5870713899637,442.8691163234806,452.2041838401401,450.05819474295566,456.1983804427119,1098.495410585904,882.2410346181256,825.6222706892485,888.7938834611915,980.5795419010213,1078.393990450453,1058.0452814492664,804.4379444358866,881.6720531747249,848.8602707262671,756.5904490522227,649.6141263774891,767.6272893696197,779.7994200122644,909.2894172375612,886.0898126750102,1717.6330700129693,2539.4709547466355,1618.7168842067128,1804.5479075684848,411.1486755229888,325.08228696940574,1486.8521547366013,1091.7367295072254,1256.6439226760835,1936.007696697857,1558.9918105045015,1110.332352475097,1038.6144631246827,1825.9611933352944,1885.346852288427,644.7804519377544,2197.3747549634986,2197.415127816675,1137.8069439757098,523.9721204030138,512.8193698131805,511.7650724721078,604.1708972106425,1332.0183703784787,1107.4820409290705,1203.5308939879728,1289.3395797269848,1340.2141307758639,1254.4489878136926,1223.414584351847,987.5665180599716,1620.4111328268946,1217.9753243363955,1535.1543716996673,1750.365636386823,1583.4580373851475,1340.5141939072162,1614.9253545352142,1504.0043930343681,1507.712809131122,1504.5240489178736,2156.4361657676136,2256.9725740034987,1834.473124770602,1851.5037195713323,2653.7334503759807,1853.1404337877493,1384.4024934310812,998.0935456468496,1216.922278631835,2809.18124561824,1231.6094704110296,1554.2428280368479,1483.3382924036262,1164.4213957484797,1557.0574184911186,1559.0388591403494,1557.9511503308204,1548.8667201465335,1559.829671386611,1559.9638774509285,851.1689214562593,886.0416207583744,855.8186697554103,865.5867284616334,921.6785159918704,867.6807144416118,1017.5668677916713,927.5957793448165,873.1406561304319,933.460127410021,922.851644119059,2302.2148247104046,211.48227345569117,106.05325225694557,122.10098928443928,156.616750394466,0.0,203.42210490969245,382.1107714509881,172.1547666314609,99.54647884158405,326.23975293560596,294.6168872773657,269.87806965130665,164.46773053385837,170.4586340512219,156.4523752092584,229.2494122176034,243.0385386769351,225.70609866370808,102.50228154173276,142.79462421426675,107.39176492328818,392.9418527975224,121.35164458517743,129.3686308710943,297.85795594725863,377.6249779080323,499.282927577875,254.70187287658052
126,1196.488295109805,1095.1857156854549,1042.3561663481792,1235.890665149701,328.67749604769887,2027.4203737167054,1355.2219613723678,3231.1153444131805,1206.6629942124855,1026.6608532852313,1026.6608532852313,886.3030105692318,789.383846120008,890.6340406520242,900.6018086909457,703.293684681999,899.4094150453585,1721.0659229382181,1166.9577215537977,1745.5641045702205,1757.6242025849815,1757.9149568849139,398.07906833006126,403.81348565719446,431.6447976163076,795.5546566144386,1064.751003851786,576.8427179948726,395.23554647355184,401.8267196562788,396.77105759514126,397.3694982961498,901.2278904353986,741.1543357732711,682.9835635228285,745.1044547741939,815.413291517523,930.6276315366717,916.2018362354752,639.6918146900215,679.2477915145757,652.8034668464783,554.898999983426,470.78683103484207,579.0689099793384,618.9890677329604,705.8714964471874,683.2889939331636,1838.0755004964128,2416.5937480238345,1451.133109423507,1836.3506353868552,590.0469693457775,446.45313750093317,1391.9870063530552,999.3302428876527,1142.0351442974122,1872.4511824861252,1475.2210604804957,1013.5905871544034,968.414110958253,1623.3131574690442,1682.3087641726845,504.97988359705846,2137.952025871792,2137.798758000483,1086.1368891907425,326.943874451162,316.69313873664345,315.3320423165195,406.070363133954,1196.6897284247293,964.8295625343883,1027.6954820196659,1115.0502185187433,1175.186446749076,1080.0619477785526,1043.2680709938834,831.1058085387646,1469.487417238445,1044.2226710852638,1384.8704443421875,1549.781615618887,1396.7755411557766,1143.1869104001178,1417.29271655981,1660.6013605767537,1664.348420441162,1660.3470040286074,1985.9251971765063,2091.642337274403,1663.3010139553148,1690.7204039937951,2450.3421567790647,1701.3588774838033,1246.523845469199,1167.5718327821926,1328.6959702329907,2973.185539269929,1343.6970507137087,1361.083457276799,1292.059292684961,971.8946623573092,1362.991011675995,1366.3223285705262,1364.5494660234012,1355.4452761423966,1366.0184016582157,1366.5727365255225,742.4261614230305,790.2496368926253,758.2035494296135,798.3435008319484,805.9330766834171,788.2901972766272,919.3886654121998,808.972922549086,771.3725419658768,822.4542104205273,808.2256357807993,2106.339147688868,74.05693523305635,132.36899301793045,141.81685436123402,83.49769229459208,203.42210490969245,0.0,359.6804973785773,92.42685375413897,108.83538377668094,375.3869100149268,171.68212105469948,211.16023756820184,97.32946185496101,79.56296959773728,51.285900883785814,213.48993195792764,219.30288345448193,169.68230007158502,178.71369223001696,96.26077159402594,96.4401606985344,317.1911563823348,108.5706501184696,158.41741510155114,212.49945302971904,457.14490248080773,494.20071274852756,370.39347055610017
127,1514.612865515467,1391.6299536618465,1354.661967688789,1520.3387937589255,663.0281056639038,2331.177212523867,1671.5810790835037,3532.9436565069573,1472.8381208812145,1289.092026438276,1289.092026438276,969.8867475610051,838.5087325447556,970.982766312309,984.2600030460154,778.3566106225763,980.3737886797691,1728.7483662515144,824.410454781765,1735.062072173562,1748.7231519252143,1746.1044508306968,755.759250823794,760.5193912854623,786.5927278411513,1154.1585312147447,1421.0243381601013,926.296277011111,751.919947829628,759.1002087641992,754.4375039881387,755.8092071832754,1103.7686656425287,1070.4025110118378,1012.5804852416619,1071.8321171385119,1113.224030826433,1248.2750241865253,1240.4111300234315,945.6656013649165,852.3437104454988,878.2135971026735,750.5612116059837,764.4984912913809,839.5870604606308,931.4126335862861,842.1229012357433,849.4028545524658,2093.1057017427647,2745.056701208898,1729.250255593994,1477.041199232832,495.945475898249,276.63217140129143,1742.506914563416,1352.9499275673306,1484.2296293992288,2230.6610089147603,1829.4455329423615,1365.5909405329953,1327.1102365112772,1688.707106442332,1799.4302191499646,843.3976554828207,2496.5558488475676,2496.3764533525837,1445.8170719327966,588.8158336658054,584.3277005850033,581.9830295246064,648.9923474232803,991.8307180104869,784.0050041993727,945.2759270049019,1023.089063359702,1049.5722884484055,989.882623112078,977.1569697902577,694.9484751552178,1296.8880146886627,953.2730568679812,1212.0983467925223,1705.3651865259728,1628.1775893384543,1334.9287904649539,1598.9339400367467,1854.6984978982728,1858.334349444722,1856.0620138770014,2251.326699920186,2366.535249323213,1931.0482685696,1977.7629018209145,2528.4995391330995,2002.1128557337056,1569.0963537376515,1338.874363222923,1596.488032858347,3143.38324645019,1611.0608308271126,1346.3779849843306,1268.685900257044,969.6122846061832,1353.7822774811693,1348.8344506481164,1351.2005990480236,1342.489274670294,1355.1321793237173,1353.0998089663242,1092.411535631849,1144.431913242131,1112.1289677436848,1157.7149001397975,1151.6063565647528,1146.3124817426587,1271.605252344283,1153.0075609385785,1123.7433349679875,1170.293171767148,1154.454121366001,2286.5212643499194,431.96399961572234,419.96884855742815,276.1065270089822,414.0451699363509,382.1107714509881,359.6804973785773,0.0,432.4782964844564,379.84480868167987,128.83082678821256,212.34247549631723,148.58794326417387,276.74103835205443,419.80351984533155,372.7634210045311,160.24890363863616,148.98551535919893,192.0187380527245,454.27485801228534,415.85759936222496,362.70007611819835,99.16991580218641,409.3815524473865,261.1022244670708,156.71113857112218,204.75031975055288,134.61034444913156,636.3379962095979
128,1174.1909458477635,1085.843801096388,1024.9145204867002,1231.0309866544303,315.2335182573923,2009.007816872147,1332.8892245945565,3211.2363858139283,1210.1818780488231,1033.8668050642723,1033.8668050642723,948.3079230966737,859.5717056154027,953.2132652030414,962.3480919739872,770.739793984135,961.7176208200282,1789.7263141879655,1249.6566360482534,1817.121628671557,1828.8760247425005,1829.631800467521,325.6071496364417,329.3351260408124,354.40323610392466,723.8949992907887,988.7430438004948,536.2796428966651,320.7627354646249,328.44755575296017,324.27704661145134,326.8962401309782,932.4591167856106,716.6410924654203,659.3071253858108,722.3841438054716,809.2918213119593,911.2408441834307,892.722259993229,632.9751181007715,724.7653995202567,682.5142373167686,598.3372794107598,477.78537557539016,597.5619206361712,608.8762806683673,760.2336444784916,730.6240963764909,1746.2153694198184,2383.4390650970363,1447.4778306304415,1903.1253346220583,582.2122888810376,470.38220924122766,1343.6503203544848,948.7869818907287,1102.917961130112,1811.875329691977,1422.119073623118,965.1199343218567,908.281923763435,1681.6872880999254,1728.8570173302012,478.3702068399882,2076.1447945415666,2076.0617818024893,1019.6259135484228,361.0902084706558,349.22158620946533,348.4804958960454,441.4063585522454,1288.7120951721774,1056.4834417706863,1112.4824680557765,1200.2240112596198,1263.0272270143782,1165.2680234810705,1126.251446152449,921.2745677190459,1559.7809146924249,1129.722859852298,1475.3158149206397,1587.3585813543864,1412.0226272395387,1174.1205681158895,1448.5048438424144,1574.0242530061635,1577.7768364274716,1573.583453196595,1984.913530023565,2086.3163024833134,1662.806155261927,1681.666766055336,2502.7206994207813,1685.6695128517977,1221.1101540472146,1085.7232897909118,1236.5593365011853,2887.792025968482,1251.567922163808,1435.2143752751153,1367.899219185353,1047.4587353693541,1436.2754074648167,1440.8370059410015,1438.4546595446477,1429.347655447614,1439.540600435906,1440.4842068839318,698.6757980323638,740.3072613934934,708.9431854188588,736.1518431853332,766.2775131474326,730.9640818955208,871.2320320577898,770.9276496284409,724.2286636134676,780.3223560245013,767.9690807426318,2134.0379908950313,44.774980771354684,69.18554555726305,173.96071725859417,20.26239462912199,172.1547666314609,92.42685375413897,432.4782964844564,0.0,79.10242330779128,426.12842330961706,260.66040904360597,287.04820708646764,155.8490041672273,13.415223395684436,59.82406202195112,276.051775057509,285.095440958639,240.8117591133489,105.23299060618926,29.6589190944628,85.11213143521908,401.67623542962815,50.83654238020293,192.6898379624911,295.4695821216003,499.11921050228966,565.2856308884215,282.8882093569775
129,1253.2931155163099,1164.1817920410679,1103.896252545624,1308.8244024938795,393.0558773993451,2088.0871320788196,1411.9894993590874,3290.338799104011,1286.4023627111135,1109.095620010827,1109.095620010827,994.8195386844815,898.1153219987917,999.216472174757,1009.0912832804714,812.1281164338693,1007.9645862052879,1829.8139094133135,1203.4270477263062,1853.97848282637,1866.0853029028592,1866.3017796604533,392.9063379251638,395.02506664252854,417.23541443772365,788.5537275031912,1048.6942636684043,614.3280474796436,386.6029202734163,395.02147178805615,391.58150590105,395.56285498324297,998.9506932087615,795.7430642334785,738.4049944587221,801.4770003722648,887.0441002650596,990.2816872340883,971.8241094803376,710.6294064217939,783.2497982481585,749.316763460903,657.8269093999749,552.1246051587492,668.6844841907061,686.9827824594607,812.7924410051249,787.9749722164604,1755.0366087635657,2461.722579663221,1525.1535374584516,1839.3196835814945,505.1090530722894,392.411334322398,1418.9926984959466,1023.815285803149,1180.6010090460084,1881.9317752609359,1495.786599731904,1040.7600940650866,979.5521517895598,1731.4559954734757,1787.323558921318,557.4723968885024,2145.3959051128068,2145.3518985682995,1087.0900090120383,424.48573148000133,413.29527198412677,412.25328368906406,504.7269397637031,1282.1531802101965,1053.1108094896,1130.013636150087,1216.8705438943377,1273.4402250531768,1181.8863987735308,1147.1727401227586,925.1784472840142,1562.1818563932327,1145.7699453228406,1477.2036743601423,1651.0866838724664,1485.1653279052146,1240.9679938246952,1515.3800579025774,1563.005962914718,1566.7419274747353,1563.0340900616047,2062.2612076353216,2164.355573114728,1739.9979743559147,1760.1110462300976,2557.2803153542172,1764.639464322913,1300.1550272950963,1065.090572315704,1248.5720174386756,2873.452505828115,1263.4714721328096,1469.0363408717533,1399.5488504888103,1079.6027815850236,1471.1389066849633,1474.1757508144135,1472.5564219353053,1463.4550622379077,1474.1135589351802,1474.5777159607494,775.8634696936634,815.8627735004101,784.7606817874546,806.8242562785903,844.1357287467024,803.9196763332187,947.083550677136,849.0301124514057,800.5868244380327,857.7208081443915,845.7248227652813,2202.7241385031357,113.46637632343922,40.51314236364886,106.55649871556487,60.505264587724625,99.54647884158405,108.83538377668094,379.84480868167987,79.10242330779128,0.0,357.4538235065758,239.1942520430221,242.86751482857989,111.22859220433399,74.00272705919801,58.6328051628336,219.70639015534186,230.94788422403138,194.76408952586033,82.73467300948823,50.16260570130372,19.102975497491794,364.9866536015918,33.14440128658051,124.32643875981712,260.2667668397482,425.74607780747243,508.9499478288016,280.2810884106446
130,1566.1132008007992,1454.56250416838,1409.2269888798442,1589.20916106031,700.7456526410454,2392.129048601253,1724.434448277714,3595.762174179094,1548.9994630664391,1365.8047610222159,1365.8047610222159,1086.1431387009648,958.1384331525068,1087.7170410926624,1100.6326425996983,893.6797633970134,1097.1019720564893,1855.6915204596396,885.2569682715796,1862.9369425281595,1876.5413155209715,1874.0435376601185,749.8502006110574,752.3350409630623,774.6456205247156,1145.987405722443,1404.4045952437243,951.9883363785027,743.8800993382662,752.1619714301494,748.5218652088198,751.9958692697475,1197.6348406766174,1113.6328872536944,1055.3939159294146,1116.7603439154227,1174.2737143309812,1299.4338096675515,1287.4640878558475,1001.6826611779733,950.467653447878,963.2720798013288,841.4160333254134,824.1677224398227,913.0010411574136,984.0383426770618,947.8909664336277,949.0555360957426,2004.858104152798,2790.4240233744486,1801.447844935199,1483.0367712877285,367.15361586028433,147.85815310083646,1765.9788499868969,1372.1864012444742,1517.4132448938458,2237.923995612369,1846.955482416241,1387.329688999729,1334.4079178547797,1810.6313199673261,1914.611672747033,879.273904136551,2501.959747740582,2501.892042757392,1444.3111201942122,656.0514047047781,649.4940266368551,647.3930041254664,724.1654091892797,1111.1418863625445,908.374965939694,1074.1058231250431,1151.8342608773485,1177.1585704935153,1118.669802115599,1105.8623569314984,823.1895487111478,1419.3801407161695,1082.0727844535243,1334.9135871602166,1813.321669211761,1716.8423110979725,1433.1678914895704,1700.8455561488688,1749.6445593818519,1753.237091198181,1751.3936748733486,2329.7585866320824,2441.294267202939,2007.9533853580483,2046.5726870206556,2650.2931286734106,2064.2633175252863,1617.8498273606504,1231.8128319713712,1515.8017021428857,3029.996410260971,1530.0972338803103,1473.9732889421362,1396.547502597043,1095.3617992689653,1481.1129940550234,1476.563758221885,1478.7379289198977,1469.9925033035263,1482.5525466051329,1480.646374061367,1117.2513053674306,1163.1681715350464,1131.3709620173834,1162.2359521202711,1181.294265392978,1156.6975498493478,1293.165796338273,1184.3568595714833,1145.3406507025759,1197.610506923033,1183.555641376859,2390.6147111728314,438.83905907743485,393.62487962589705,252.60224838915366,406.01211234139714,326.23975293560596,375.3869100149268,128.83082678821256,426.12842330961706,357.4538235065758,0.0,275.7957339552006,193.59147748120395,279.0853974351919,415.3618461151135,370.67015666408963,164.99293990490264,163.6740923795063,214.2102529813515,417.05998308863667,402.84490711667337,344.30043635570655,217.1192309777763,390.2837116412563,234.04710132952903,222.77857445166384,91.28522167414624,187.38279228763915,576.4152932272594
131,1303.6870489028408,1184.5135439756448,1144.4164251983257,1316.4525314317668,451.25181067730057,2123.642221921108,1461.0603539488402,3326.4666618129627,1273.9649937953213,1090.5807517405076,1090.5807517405076,841.5013322237506,725.1798538625414,844.2496433887902,856.0976427486733,649.8147029456113,853.5001665641312,1648.5557072573304,997.2621237387983,1665.2099616538108,1678.028123903751,1677.0617588087268,565.8797791320314,572.4968021139117,601.3288103610997,960.6090554769975,1232.1463643506495,716.3595083250757,563.9791794599333,570.0250442828957,564.5942316055753,564.177384550845,924.4104398603762,858.116074895483,800.263816338624,859.6514551201666,905.0066313998366,1037.1093340979303,1028.5377612908778,735.4124990602387,680.7250681528474,687.7670064458339,567.8694613331049,555.1280415376556,638.1206110709752,720.2549225662401,685.9609206788743,680.5691491687651,1994.2069199181562,2533.330512705374,1527.5868388464105,1682.636897616608,584.8228586339942,393.6047402922638,1531.8427498487101,1143.9063551795005,1272.1534832551142,2024.8544752790674,1620.293428513983,1155.7723742930339,1123.022528444684,1577.0823527432954,1662.4753995859162,631.4993424459009,2291.298993882657,2291.07060924514,1246.1308173139864,382.54823292030545,376.8652671247432,374.6425439282914,448.6627033503752,1043.5940249933078,815.8860293855591,911.7196095947788,996.7491499397423,1045.7070375640913,961.9592722956814,933.7321671792685,693.0477710623595,1327.2188899034452,925.3370549168227,1242.0436581849888,1550.0366855466955,1441.4999114723066,1161.8767189905584,1431.7132897811239,1796.5307237578281,1800.2516189651565,1796.8455523556636,2054.4795597254456,2166.852821866504,1732.90382497067,1774.0554870381277,2413.572481925475,1794.982686877101,1357.6412858765948,1292.560192364991,1487.3426637096322,3103.471852432286,1502.2640811992742,1276.2585407060712,1202.8936650210999,887.6380107793826,1280.5556671021184,1280.3510863061406,1280.338704332868,1271.322960173569,1282.8832901140568,1282.3263652551905,882.2510349580429,936.0520414598425,903.6678192809983,955.8461410104413,940.2454682957181,941.4327552928986,1061.9998625425617,941.36502128146,914.4577507527786,959.3815645821488,943.1992108838082,2122.463141915335,245.0821818210476,277.1147623396361,174.89247909805735,246.85400087035265,294.6168872773657,171.68212105469948,212.34247549631723,260.66040904360597,239.1942520430221,275.7957339552006,0.0,82.64785926202603,132.40958818668682,247.25967732339822,204.6883463095416,127.05570196909821,120.40525209055177,86.54575691747971,321.88682762531704,254.95996087998606,220.1729376847319,148.81671309144926,257.96962416124376,174.5661754343124,56.51112822831552,366.89306455511246,343.78689963682615,519.4683172487889
132,1379.236011390235,1263.3892772414033,1220.9144422192721,1396.680202379597,519.7592082801016,2201.9525256114953,1537.0674890734326,3405.2040937777624,1355.510515706505,1172.261072280757,1172.261072280757,916.1702233322989,795.9094228569152,918.5670471547028,930.761396736357,723.7755486841005,927.8762512896457,1713.2560510373185,963.3249453707213,1727.1560291324927,1740.2226692414845,1738.8025676954942,608.0878531372967,613.1874419538789,639.8748436303093,1006.2214169849833,1274.1143518629244,780.0983031778295,604.5884362635151,611.5727881223193,606.7702168539338,607.8629728655105,1006.8791305896525,930.4037261837005,872.3011579072238,932.6164195763903,983.4236460915959,1112.4711098428754,1102.4473429593345,812.3096947312079,762.4114043261526,770.3759108946911,650.3464057866335,633.204463416196,719.5285788151842,795.9870531573678,765.5369888539841,761.9408058212448,1986.369186007053,2607.07692654867,1608.421267072128,1625.578320422097,510.17471640764626,312.74311423215875,1596.5101838878547,1205.8746475475791,1340.7878135618357,2082.358759198236,1682.2974289841943,1219.0010523765538,1178.6571648277165,1649.3879771398808,1740.0060076695777,700.0065859126731,2348.154982543521,2347.9823004382274,1297.2778503756308,462.9766936032274,456.7464328828309,454.595979273917,530.5739980894938,1063.788737427381,842.0057143418182,960.7780538563766,1043.9501274585753,1085.758563037516,1009.4944886468838,985.9919346240265,729.9457268874054,1356.4178694277552,972.6812041415346,1271.107680416666,1630.423236536719,1524.124659966397,1244.021711401734,1513.4444826205645,1771.2826231067272,1774.9756792304818,1772.0124631974843,2136.2118296829963,2248.0384532129365,1814.467709958239,1854.1980839155106,2487.1900590898604,1873.607327673672,1432.2915684428674,1261.6303808905457,1483.511819670207,3072.450077503297,1498.2956583518196,1337.5632513964244,1262.7946931762813,950.9492945430113,1342.7300608587943,1341.2091227086298,1341.8593637147508,1332.9066487596933,1344.793710892323,1343.8271676557079,946.2458098554158,997.1165313878117,964.8693896693264,1009.1379287997297,1006.7627501944595,997.9976134098195,1124.9091757084811,1008.6576099277452,976.9230423433286,1024.8231599079284,1009.4478012818104,2204.0504027244274,283.83957425003445,283.3469697185364,149.61811862476765,269.49246623601414,269.87806965130665,211.16023756820184,148.58794326417387,287.04820708646764,242.86751482857989,193.59147748120395,82.64785926202603,0.0,133.5033792546211,274.0431840900721,227.2591758142871,53.776877570192525,42.51892405239111,48.10459891756819,322.69711800071525,273.0682286115244,224.4371528647538,124.10494418240351,269.441756304271,140.51863947926563,37.830786595495425,284.4943439274414,283.18449592916113,514.9773716782446
133,1293.5623787362822,1190.4866018833552,1139.0124664565017,1330.0242335905762,425.82664539420614,2123.9158009247453,1452.264938259492,3327.686107300786,1298.3126828179352,1117.2959532912732,1117.2959532912732,938.2098569512257,831.1931465729047,941.8103404314659,952.7144861539851,749.9513395103554,950.8515564126251,1760.7234773711011,1096.643630301852,1780.8060915915964,1793.3161817143666,1792.8795929707317,480.5939403580696,484.78087991259974,510.22072846162035,879.1344973847202,1144.5897606031945,672.9512509534233,476.1922417906535,483.6627919265079,479.266317635026,481.3026008924039,980.2884820069686,838.4515816873501,780.2711465368695,842.3368876774729,910.3779978647227,1027.54780022855,1013.4188355960439,735.1375591029824,749.4697241187089,734.3244007521295,628.2197070758066,563.6270191147019,666.9041869035802,715.0729804183516,767.7848803694988,751.9427260379588,1864.301033399014,2513.887098305701,1544.766096087658,1748.5280582726095,507.8396066839209,351.4255295207326,1487.0747098700401,1093.641935582799,1238.7463436492228,1963.2705205038205,1568.9542664407793,1108.477991543423,1059.1193525683773,1676.391016621422,1747.2628529246867,602.2846141138659,2228.2013834368654,2228.084048792788,1173.4537068622353,410.68497750379026,401.5627065391357,399.9152019927196,487.34318002933594,1175.479468715902,948.2467686724464,1039.0717812077257,1124.8771020889333,1176.4474113864765,1089.9839828259485,1059.177660097291,824.8217250534758,1459.5772597174307,1053.5163327205992,1374.4146606988368,1622.4323661088274,1483.3535259488233,1221.5180542773085,1494.747228057883,1664.1789102477262,1667.9010387386904,1664.4744283354476,2078.4517711070557,2185.411370593507,1755.843074950019,1785.5903878419103,2508.6074315636706,1797.519066635785,1343.7726479500714,1161.0342719577675,1358.7411240623135,2971.6548468612073,1373.6134227828356,1393.2313680011346,1321.5025631406481,1003.5009853764502,1396.5422692679751,1397.7996673352727,1397.0646188413873,1387.9979367942635,1399.1664214319526,1399.0701367986474,838.1661160146763,884.5596321840206,852.6684195188019,887.9028952678267,902.4185115503182,880.0606656975692,1014.2929864844256,905.6718665707523,866.397954109297,918.5633052473903,904.6254383170839,2185.1259047457834,160.7299215047958,151.26411824989538,56.29989824125867,137.30747524736955,164.46773053385837,97.32946185496101,276.74103835205443,155.8490041672273,111.22859220433399,279.0853974351919,132.40958818668682,133.5033792546211,0.0,143.36641547752828,96.3864085678724,121.08792694068264,129.42016367391042,85.92856098661875,193.26235814894176,139.80631667564526,92.29191659383294,254.05613689175777,136.10240868676615,67.75742684555011,149.03843871615737,359.8610871315287,409.4581789747322,389.5960825748125
134,1180.3548027377358,1090.2099418260318,1030.3647587262212,1234.8297271590152,319.05321776042155,2014.8194105269479,1339.1048186850792,3217.3356098256095,1212.7928276270188,1035.8764927152174,1035.8764927152174,941.8838673576997,851.7195381638104,946.6951472653091,955.9725967830766,763.3194357890444,955.2480691364358,1782.318759853346,1236.4604705461516,1809.195769688438,1821.0066585351844,1821.6779684458659,337.5217013122398,341.48544888024287,366.8801957216973,735.9604207290391,1001.2867850392291,544.4476288717132,332.90244904818616,340.47115594765677,336.192430989622,338.57561642693554,930.8798205649783,722.854667361992,665.3521280164581,728.3596674901929,813.0496538451176,916.8973658202544,898.9213148514773,636.6406817933453,720.8526338041377,680.9636619189517,594.610505149787,479.2271284390959,597.5599253457643,612.9869062969187,754.9571297897674,726.4336330434446,1758.680793279841,2391.2143248366424,1451.1713276938285,1891.2401155395419,578.906390239629,462.66813939159533,1353.1939621440113,958.5015527597603,1111.2568125505472,1822.8994889971852,1432.246096585772,974.5857693562945,919.1252772123187,1676.0373503639958,1725.143030431281,484.5594428799633,2087.321069694666,2087.230375076895,1031.2097674609504,358.2150504345207,346.53524461622635,345.7001848418978,438.61129903913223,1276.1490595506984,1044.0880408808373,1101.907202611657,1189.5723446078,1251.762508538703,1154.606250089056,1116.0596800128335,909.3749950024223,1547.8646126097635,1118.9929516378381,1463.3512686191584,1585.0295321008482,1413.0066610761576,1172.6978113066311,1447.1215408120152,1584.8524213920277,1588.6037657720317,1584.4584669852036,1988.3352229101783,2090.352894170169,1666.1035526717064,1686.1586649923245,2498.1421445064207,1691.0677607433267,1227.7040370345187,1095.4060044701735,1249.176586885984,2898.3629100928747,1264.1804361450063,1426.7791408225332,1359.137804964844,1038.6972191105306,1427.9960045026799,1432.3314265440054,1430.0614541483656,1420.9538696836396,1431.2179800215622,1432.0900876549938,707.4149973492538,749.8560568210331,718.388098138893,747.1742117226682,774.5350783636138,741.4108172257135,880.6230502156598,778.9793996541744,733.4169297731122,788.9073365993696,776.30537251633,2133.300927443507,41.54431534760884,71.3589928284314,163.78448099865435,13.84410868864868,170.4586340512219,79.56296959773728,419.80351984533155,13.415223395684436,74.00272705919801,415.3618461151135,247.25967732339822,274.0431840900721,143.36641547752828,0.0,47.04298924977612,263.9139116584331,272.73947030568155,227.999729531918,111.37503782751718,28.781910330174842,77.25471197004748,388.33295527653047,49.98739381187438,182.53117329814205,282.1477493291072,489.3777337033701,552.8151318350161,293.7332026366821
135,1215.5353936557617,1120.6194832574286,1063.7657366393867,1263.5417549161468,349.817901791045,2048.8317033298244,1374.351987943045,3251.974137975441,1238.0497864371098,1059.475833336731,1059.475833336731,936.2953241938325,840.4108712583313,940.7231524167463,950.5559826958078,754.0076110825048,949.4573198804504,1772.0559490570154,1190.1014407753796,1796.7611928827741,1808.8051406317811,1809.1204470513514,384.2731149826127,388.39643546701063,413.9148264767041,782.7866956940538,1048.3272315924196,584.9084649485947,379.808496562197,387.3022507943857,382.9448150974039,385.1223548299202,943.0956225556947,758.5086275486773,700.6585646946146,763.4057670292685,842.0297345254768,950.9284246955071,934.365750625863,665.6675477609684,725.2969213498943,693.7961990412189,600.139467816603,502.3235726664937,615.7237603614085,643.2985509281419,754.2196700389422,729.8455066388768,1794.1074711845667,2430.1535600984503,1479.4679228899674,1844.6319477030283,554.222936916367,425.27424275982185,1396.1576388714006,1001.8776112453315,1151.7190255673522,1868.4599768878186,1476.3188510328803,1017.4726733536571,964.4743031275791,1672.8378614677438,1729.1745086473472,520.5724065134664,2133.0986587788584,2132.996876487736,1077.5575269289693,368.2674845215668,357.3633908784548,356.2139792309967,448.2611480759142,1240.8346208595865,1009.9832354737739,1077.855999346859,1165.072941558537,1224.072268163597,1130.08173535807,1093.8745279225245,878.4073102956319,1516.4569718029798,1094.1536162064924,1431.6919987670851,1594.06432929984,1433.1398028498525,1185.1490305138589,1459.4897586263614,1611.5794801883226,1615.3234842131335,1611.4124698776795,2015.6603479431412,2119.436930388461,1693.1616448760212,1716.6388052876944,2498.728042608469,1724.0432362554004,1263.9600780791188,1117.1251938869507,1285.6779096393907,2923.580919341569,1300.6467534775948,1412.361371982798,1343.3407009654363,1023.1805081133422,1414.2491208437657,1417.6053851663642,1415.823281925359,1406.7188895393338,1417.283311217593,1417.8467107465888,748.9367784219166,792.9859090912813,761.3319989657331,792.8179193713463,814.9747234747158,786.1613134362345,923.3915464558249,818.9584023040769,775.8453706726958,830.0502411113055,816.9168488545304,2147.5431589000023,70.32787648931506,81.73707767573337,121.5133834378231,42.81268726691626,156.4523752092584,51.285900883785814,372.7634210045311,59.82406202195112,58.6328051628336,370.67015666408963,204.6883463095416,227.2591758142871,96.3864085678724,47.04298924977612,0.0,217.1635477376857,225.79903964384565,181.0037120720657,128.44443521982433,50.51106581553645,49.58337153461233,342.8722340436762,58.4501395974256,140.07215135928274,236.56877009950807,446.79286105714704,505.7993475625906,322.8352674120637
136,1401.1257908097286,1290.6514481135405,1244.3668845774089,1426.479242690607,536.0757959334097,2227.6302603006634,1559.4633113518887,3431.3558804216536,1388.646360001373,1205.9469194831509,1205.9469194831509,967.0293011369297,848.1517087550283,969.5846529285855,981.6257623485778,774.8924473218437,978.8699053964864,1766.7350768379822,984.4814611059543,1780.85164329001,1793.9051037588497,1792.5088257028517,601.4124182382742,605.3656424981447,630.2881145574659,999.8738761472689,1264.3427604152089,789.9883922042749,596.7878701110435,604.3850670168412,600.0836296428799,602.2738146844398,1048.5593323061491,948.8276114337597,890.5927702819771,951.8569871402094,1010.2638535324592,1134.4566519057219,1122.5107854903465,837.1371199898846,806.7986518388066,809.0264144325386,692.2254756274907,660.4427618350406,753.0341653099496,819.2051040612392,813.0133378791588,806.9672110038845,1946.6948777440427,2625.7517159906947,1639.4858189047995,1627.4948068492777,458.841947533188,267.7158833583773,1605.4546017024604,1212.7712939978062,1354.2207186719293,2084.0856370832794,1688.5341200232815,1227.079757808535,1179.9094646749159,1701.275197452871,1789.281603169124,715.0627533033411,2349.131652862482,2349.0084329168058,1294.5350956419918,495.1787300318757,487.95019005892124,485.94586054241717,566.1004266682194,1110.7047308202625,890.9770590780737,1014.0788256470956,1097.0176888353071,1137.705087780758,1062.6129443017899,1039.562681285392,781.5813105292373,1405.7357883025982,1025.789066285509,1320.441683628291,1676.9038436995636,1562.5568718548877,1287.0182429335018,1557.5613686793065,1724.7672134500704,1728.448794935552,1725.642444505679,2169.622539761801,2279.776717555134,1847.4367772888813,1883.5515039822753,2538.6267793489974,1899.9818607438847,1452.8812659369228,1213.5112503108064,1446.0809102539654,3023.7321460439857,1460.783479214512,1391.2774578550752,1316.5539736673109,1004.5025691973519,1396.398965797338,1394.9418248027187,1395.5636591338564,1386.6074706373388,1398.4779177691764,1397.5325041300587,955.7448922938969,1003.6796853845889,971.6588694834863,1008.868993313539,1018.606467243135,1000.5345817144,1132.8779630893684,1021.3001964194658,984.8588579758814,1035.5257319267494,1021.0089970164807,2248.4456703115934,281.3126658222461,259.7460981095438,116.27802021949731,256.8805251081733,229.2494122176034,213.48993195792764,160.24890363863616,276.051775057509,219.70639015534186,164.99293990490264,127.05570196909821,53.776877570192525,121.08792694068264,263.9139116584331,217.1635477376857,0.0,14.12167870059907,49.836958439071914,294.45348024765866,257.35963269982994,202.8233178369646,166.02714937095845,249.71206264816203,102.47625645079263,91.39663169166624,252.3425278836506,290.08713579013966,480.4348688436374
137,1402.9913002151534,1290.934649276049,1245.7644283270897,1426.0013867258517,539.1654951616198,2228.4651166294693,1561.203598450971,3432.0888454522787,1387.097676004057,1204.1951505108225,1204.1951505108225,958.1585227162676,838.3328600880952,960.6155112564892,972.7523201795123,765.8516303228821,969.9161225539319,1755.6685104282917,972.6785639702291,1769.362669872359,1782.4509792504539,1780.989594276826,610.0002515751955,614.1950857275486,639.4940071984663,1008.5487821444461,1273.7636113199858,794.884798624623,605.6074436392039,613.0820447991359,608.672941472231,610.6327451190981,1043.9485398088352,951.5654714914878,893.3486039335928,954.3732069568736,1010.6231988502266,1136.2528328535686,1124.8417133633898,838.0410019163255,801.0687249389807,805.4956885488848,687.4676448719589,660.5597052835849,751.24020833589,820.5664487528215,805.9236634971041,800.969219201038,1960.5748718415155,2628.5970020327595,1638.6292471250265,1619.376751234394,467.9260574689282,273.2099055272326,1610.7556532662866,1218.5167458956664,1358.3611805028213,2091.1316885866268,1694.4994372661508,1232.5414921658755,1186.9680166918565,1691.733362245248,1781.3388953543476,718.607169689213,2356.3617072997736,2356.227337126561,1302.4986129737085,493.65811718424754,486.736249962777,484.6845007752433,563.5522161375123,1096.6135248548414,877.018009241163,1001.2867534916221,1084.055347783979,1124.2585458007654,1049.6847907891204,1027.0494504533913,768.0627391701404,1391.7999117784295,1012.8553108864631,1306.5088023207045,1670.3329337591474,1559.2056986683203,1281.913689907543,1552.015337274805,1738.8822332344876,1742.5636198029572,1739.7596026169485,2168.0367699353133,2278.741625303842,1845.9797303652606,1883.2507924803922,2529.405353105958,1900.5904049980222,1455.1180069607406,1227.574385710516,1459.7682230593996,3037.7468640248057,1474.4785634178781,1379.7379941626236,1304.8364923989793,993.321976920775,1384.9817397079375,1383.340544716119,1384.0537113759933,1375.107538405248,1387.0226149533255,1386.0195201515464,960.7964980960336,1009.459920139548,977.376054901057,1016.2333077984432,1023.0882970788589,1007.2604790687216,1138.3484906656756,1025.5794927034497,990.3022667491869,1040.2992404901934,1025.5629117282879,2242.806329687078,288.53907126528435,271.17652932264406,128.79517404087224,266.1991116043506,243.0385386769351,219.30288345448193,148.98551535919893,285.095440958639,230.94788422403138,163.6740923795063,120.40525209055177,42.51892405239111,129.42016367391042,272.73947030568155,225.79903964384565,14.12167870059907,0.0,51.20037386099432,306.7230354667402,267.30403185918414,213.71677155309726,151.90557617727026,260.4108942055613,115.65059075579443,80.33318088815626,252.65021320826787,280.2796480242558,493.7183059511257
138,1352.0453727566592,1240.9030650108398,1195.0186894100045,1376.6429586497052,487.9652332011122,2178.047428849067,1510.307908320087,3381.741364738082,1338.9397095865345,1156.3032671586977,1156.3032671586977,927.5610580717953,811.7253814649969,930.3940064541541,942.1548841327888,736.0865802573844,939.6287416717344,1734.58692315544,1010.7287779205633,1750.6427915780207,1763.5239120270155,1762.4437439020144,563.807706115352,568.5048680842747,594.62801590846,962.2812069141709,1229.0497150887666,744.1252503219114,559.9056530843267,567.1113156553771,562.4848157270407,563.9875063858403,1000.9806078452106,900.3945269156828,842.1746781816148,903.2376448078863,960.5286897863512,1085.3292841550588,1073.748996276435,787.5621565858252,760.7786167634869,760.4369165876024,644.9328252893647,610.6520908500481,703.4268414150872,769.828401324207,769.3868639464797,761.3670111382511,1940.244537396583,2577.420064126367,1589.6602683750136,1667.1473716762227,499.61274191140683,315.2551703315265,1560.1761830007595,1168.2663369486747,1307.280599194333,2042.118056314154,1644.3977798924095,1182.083763514983,1138.0474689860632,1663.4952481082862,1747.1631296476628,667.4281751779237,2307.5672565361338,2307.4185374973763,1254.8636093008856,445.5111667660429,438.2022331331241,436.20903954500386,516.8755318258137,1106.3760805381444,882.6895266554715,992.1185628435694,1076.2982750438052,1121.4689958367587,1041.653297226439,1015.5966371016938,766.6583104744773,1396.4090080674064,1004.9142551250078,1311.109986236105,1632.0318849625082,1513.7458291572293,1239.9920984603505,1511.0893896032926,1729.181111135599,1732.8833344499344,1729.786768989913,2119.9169484582676,2229.966637278398,1797.7021091974534,1833.7236691148798,2499.735739826873,1850.3223276699675,1404.0533666751005,1221.2267468155137,1436.6999491026752,3032.3960728421794,1451.505371254307,1361.4716775813285,1287.6902927012816,973.2670133779769,1365.9964832776523,1365.4419500114102,1365.6104910445733,1356.6098738411413,1368.2574225105923,1367.5932180819514,910.104837023681,959.2570356697843,927.1273201231204,967.7507044598801,972.126350672497,957.9717735539285,1087.9034189149866,974.547325659836,939.8516617461086,989.4594650606125,974.6288340330603,2202.047101348682,240.53574491091533,235.24693618768416,103.96099047758338,222.78305519144018,225.70609866370808,169.68230007158502,192.0187380527245,240.8117591133489,194.76408952586033,214.2102529813515,86.54575691747971,48.10459891756819,85.92856098661875,227.999729531918,181.0037120720657,49.836958439071914,51.20037386099432,0.0,274.73656085173593,225.72662942244241,176.35617737985493,171.41866292470053,221.54218660583777,97.4465513690126,72.22622220476335,302.127492952226,325.82802746306675,467.7683880154522
139,1242.9280890198245,1165.3373930153173,1098.5032200618527,1313.1438274487082,402.1100256353438,2078.7718681164624,1400.9278996824291,3278.406633096004,1297.8093640430227,1124.2133776318062,1124.2133776318062,1053.1916843081933,962.7039243329643,1058.0292184802327,1067.264682723164,874.5779230101708,1066.5695462251433,1893.551707964446,1278.677392670427,1920.0533857760454,1931.9168579303066,1932.507778931256,348.8370166109876,348.38192081157956,365.97400162582875,735.2907121861933,988.5269271346579,594.4665330131652,340.4304421392128,349.73521259706826,347.5591464895152,353.7153591702648,1033.6073965701676,786.892807333979,730.9939434989575,794.0814012483817,892.6078375802749,983.9754224697489,962.1545263661717,717.4787522795398,829.3920530620145,783.8202614372349,702.8440153710859,571.7863890232198,695.3957975967065,691.4300362956291,865.4641379985814,835.4566720722415,1672.3228281530974,2438.7000286653856,1529.811081543656,1899.5303990477514,504.7165233722286,427.25313113769823,1384.4709436746034,989.4179472906432,1155.7007005054163,1834.4469715517102,1456.5020492838664,1008.178709528072,936.2746715182504,1786.903159511074,1833.1788223328701,550.9237511193132,2096.233003965884,2096.2566958226294,1036.6566185451795,464.922403880282,452.8516472645911,452.2243939412423,545.0270748324695,1364.4768495086719,1134.9824227338331,1206.245822929433,1293.4982133997719,1352.2702801356875,1258.5072724561703,1221.9815119818966,1005.5969917928402,1643.1757037560567,1222.5914323751579,1558.2837637983978,1689.7306157696971,1505.7470069735166,1274.8018983948036,1548.9928141219673,1483.4479925228006,1487.1899136374027,1483.3377276903843,2068.1173717947336,2166.3445478262956,1746.845040135451,1759.5800119031403,2607.712888844022,1758.34476224967,1286.8523672148297,988.8657983365044,1165.871762814088,2795.1721521163636,1180.7669712825445,1537.0455896187068,1468.8816244987681,1148.4990419236603,1538.4760339122363,1542.492459337104,1540.3877309757388,1531.2801708879479,1541.640997706057,1542.41489026108,750.3310651318967,784.0653212083973,754.0047323602706,763.2242931597776,821.468277074511,765.187273297151,915.5686532513844,827.7538609242943,771.5991785502662,832.6585506206629,822.4972261158135,2232.7613012463285,149.9958453812075,46.82164913750909,178.21759559150695,100.56453266282408,102.50228154173276,178.71369223001696,454.27485801228534,105.23299060618926,82.73467300948823,417.05998308863667,321.88682762531704,322.69711800071525,193.26235814894176,111.37503782751718,128.44443521982433,294.45348024765866,306.7230354667402,274.73656085173593,0.0,85.07700517560701,101.81688781438378,445.8942840466859,70.16596673119284,193.44914474798026,342.0564787775768,475.62464485210137,579.7649606606808,197.67839144988795
140,1203.3947812527008,1115.4889303702628,1054.3741653982079,1260.687503148265,344.8829803192034,2038.3369259457354,1362.0658867857571,3240.443696941184,1239.6833939203773,1063.1983888153688,1063.1983888153688,969.196023567906,877.7068706573115,973.9340269245912,983.3200840326829,789.7834298084248,982.5238809546232,1808.699984757502,1236.3749439907776,1835.0077334193238,1846.8837555665373,1847.4564814843707,347.1399334036154,350.041859075917,373.7185415067977,744.4535474482117,1007.1891827252743,564.2324057017493,341.53027155693576,349.6080086422427,345.8103281131269,349.15189223112725,959.6170704802772,745.8472084931594,688.5869019051742,751.6854666452336,838.945680813519,940.642831185772,921.922693742299,662.622768177013,749.4365807591475,709.69359509791,623.2461544522885,506.8813795247487,625.9053102651336,638.5346612013699,783.0168814215981,754.9387394280897,1743.937975602215,2411.5982900087456,1477.1307784137127,1882.4777957872896,552.5721491898947,442.4228255149393,1369.84508397274,974.7762561000853,1130.6069906980938,1835.2554891284585,1447.3686275286689,991.4731667041978,932.2017950652801,1703.8403145774646,1753.755587669205,507.61523259817335,2099.135349767422,2099.0716597484507,1041.6390897981935,386.98472959590157,375.3140688965528,374.475442112119,467.38298271739615,1290.8766094496195,1059.7104832227424,1123.3868691524674,1210.8558405310193,1271.4370395384967,1175.8725687069323,1138.375507189789,927.0921248965724,1565.3712709642605,1140.1034582413733,1480.6900059948273,1613.8113187553704,1440.9420347192406,1201.4170001743655,1475.836873816912,1564.4028812178167,1568.15060885787,1564.129985523471,2014.5489855939782,2115.974317419175,1692.4282107424622,1711.2988007717775,2526.471929199132,1715.1332646922099,1250.1063444017775,1072.5111361479715,1235.3196542241799,2877.1963007858703,1250.2936683268397,1451.9799199569409,1383.8944976769885,1063.4947375259321,1453.3992166440257,1457.4376818879462,1455.3173711423872,1446.2097777180616,1456.5655554047244,1457.344639767401,726.001640220327,766.5905484487512,735.3829172218581,759.722856266309,794.0894255095878,755.7546905702294,897.7070982706687,798.930312519266,751.0082065818092,807.7990759966425,795.7039292831689,2161.8934866537575,70.27369517810908,42.7670602462467,150.25878821739326,15.891473166793272,142.79462421426675,96.26077159402594,415.85759936222496,29.6589190944628,50.16260570130372,402.84490711667337,254.95996087998606,273.0682286115244,139.80631667564526,28.781910330174842,50.51106581553645,257.35963269982994,267.30403185918414,225.72662942244241,85.07700517560701,0.0,58.87742957009289,391.17347680969783,21.522396776656517,168.80249673944715,284.9425481114171,473.7213164721902,547.4094942680211,274.1841339689057
141,1257.4074345762888,1165.7269696118215,1106.9864674213245,1309.5459573565308,394.3983601202583,2091.655278400805,1416.1757766919425,3294.32779069161,1285.487270273045,1107.4290113789925,1107.4290113789925,982.5817531030165,884.2977714828879,986.8621547889405,996.8973266207009,798.9324121616892,995.6595249746136,1815.9735104185088,1185.786355805103,1839.537746334456,1851.7055445404,1851.8260091326097,405.54997400046085,408.1481186643148,431.1481488601875,802.2596576844774,1063.6444493261106,621.3124715071798,399.67017799813124,407.8879972390031,404.22158977744795,407.7699180645799,992.6784073627807,799.9514882393861,742.3819844020788,805.3490900485298,887.8325812086252,993.6796282242921,976.0011896683825,711.3910451164762,774.3244732063238,743.3623885355255,649.3654528508462,550.2362667247684,664.7906382248098,688.3491991324534,802.1605912190851,778.7025391826262,1774.0883010704301,2468.318627278101,1525.6899787242698,1824.9860952555432,506.13411098712436,385.50235497817243,1428.3871710673304,1033.3939403396862,1188.005082881479,1894.0094924782798,1506.1883136406548,1049.9347987161884,991.052518367199,1719.7236789022845,1777.9553065956761,561.6724625144825,2157.79411396126,2157.7355298123634,1100.0255984266425,417.850582593157,406.94179926812996,405.7957648149847,497.8321752980399,1263.281308489545,1034.4024816184624,1112.968833542883,1199.70464333676,1255.6470276118375,1164.7264204433945,1130.5199295350021,906.9410251573856,1543.7408242106044,1128.558133060789,1458.7382531817952,1643.5151848730952,1481.9888974312519,1234.7317692744853,1509.0731274971622,1581.1353404821857,1584.8696375904879,1581.1990985012003,2062.3499505890213,2165.315740543463,1739.9464748431328,1761.7579315043968,2546.671354069752,1767.6053611250168,1304.9048629805275,1082.4375978786998,1267.6696446676344,2891.222021844787,1282.5682767230978,1454.148292084208,1384.3254136376577,1064.5655228553935,1456.4257583847339,1459.2065481962586,1457.7142310929273,1448.6160073980031,1459.350333455629,1459.733660490467,783.7833162242869,825.078528553332,793.792381395811,818.5368050235131,851.342696945228,814.6190797419347,956.1035998721978,855.926386526099,809.2189160383388,865.4340560044108,853.0522704183572,2197.09518727715,113.22627881039996,59.03477436172393,91.96404534407709,65.0824960140993,107.39176492328818,96.4401606985344,362.70007611819835,85.11213143521908,19.102975497491794,344.30043635570655,220.1729376847319,224.4371528647538,92.29191659383294,77.25471197004748,49.58337153461233,202.8233178369646,213.71677155309726,176.35617737985493,101.81688781438378,58.87742957009289,0.0,346.2138709895202,47.05905782700935,110.31221322377428,241.3166278436368,414.88169928386236,492.58523959380994,299.29618852023333
142,1432.1942614577986,1304.1609261932022,1271.1359129340958,1430.162856932274,593.5006196076605,2243.4332507608337,1588.2061429120865,3443.877958931218,1379.9701256844453,1196.2700350752655,1196.2700350752655,872.0015512976823,742.0000241052305,873.2567119835586,886.416877579617,680.1210751161578,882.6486179464424,1639.9310132883315,849.7770676720314,1648.6829739814766,1662.1563057816145,1659.938443422771,713.9825059617592,720.2940499395932,748.6373994314968,1109.3462620915611,1380.5354031259228,861.0084047699141,711.7469706188392,718.0025737443544,712.6894033070888,712.5326244546211,1006.1196164170061,993.795551358806,936.5313083635609,994.2901556234217,1027.3362543876574,1166.740493042474,1161.0099297812317,862.9612775005421,754.0684387612695,783.2993905718213,654.1639577157484,681.1327200155217,749.2358518436664,850.5445614363279,742.9851520722258,750.8745513737256,2110.1809062696225,2664.081818175559,1637.5510271863077,1536.9042232233514,578.1640118659699,362.64741207117197,1674.6699511900533,1288.9421990499043,1411.531949404442,2171.645815300451,1764.9434399159693,1300.0038398258102,1270.7737564628392,1593.7793464506356,1701.3752777293168,772.6771724392362,2438.288083766802,2438.038461989655,1394.7291151590273,503.2869689335538,499.9522387659716,497.5085596828361,558.9857386518804,945.1411229813912,727.3707008090646,866.5811909486903,946.9812309606165,981.0206988669037,913.123138282977,895.7787138468536,624.5485403766934,1242.267062394006,876.318920993051,1157.0342930098914,1606.2389499622009,1531.4021333892856,1236.381037354208,1499.9304168861636,1890.7038647644533,1894.383066341229,1891.6053104042066,2157.148273712097,2273.5080637253945,1837.532589614017,1887.1254864259888,2433.5116536446553,1914.137664012094,1487.9148611553503,1378.8743494040743,1607.604035953312,3188.483825359985,1622.384314588885,1259.2790503663662,1182.453855460057,878.8097889420337,1265.9658058762438,1262.13410365677,1263.9351755601265,1255.1329974493158,1267.5473718024439,1265.8594461889693,1026.365766484126,1081.8288816679344,1049.4176337404288,1104.2095861892985,1082.2916591964695,1089.026768828268,1206.5519662178071,1082.7074520486594,1059.4900473901093,1102.2856794512427,1085.4710341680286,2187.371827026718,391.2284666746118,405.24453852317123,273.63359735144576,385.67900860082256,392.9418527975224,317.1911563823348,99.16991580218641,401.67623542962815,364.9866536015918,217.1192309777763,148.81671309144926,124.10494418240351,254.05613689175777,388.33295527653047,342.8722340436762,166.02714937095845,151.90557617727026,171.41866292470053,445.8942840466859,391.17347680969783,346.2138709895202,0.0,389.79560600369155,263.73267619950707,106.30818665723186,300.667516098849,208.19327496393032,639.0383026979404
143,1223.1754113148704,1136.2718219242909,1074.6194285003694,1281.6871014035173,365.955216574366,2058.3111636472186,1381.79743178524,3260.1987489803937,1261.017694274406,1084.6379603326484,1084.6379603326484,987.6818236971055,894.7507763632947,992.3328390206187,1001.8462695084204,807.3486959457015,1000.9651306316555,1826.0676627240537,1231.88698097932,1851.765496192497,1863.70933563202,1864.1785295514137,359.8513666876018,362.07970645663636,384.5818337652383,755.8340029497945,1016.6844729342682,582.4985705641765,353.6413990385184,362.01179953146226,358.52576879503863,362.4472005010074,980.8283169938616,765.6606572138959,708.5251657239606,771.653581674713,859.9751299330848,960.7784358444968,941.7125615206492,683.6942249143582,769.745539988182,730.9213836556323,643.6750209802534,528.3820451652548,647.3943370687707,659.454179170219,802.4748945335804,775.0950181606627,1737.6162973332878,2429.940110507695,1498.162699257616,1871.7001750233187,531.4903902424609,424.66332443245363,1386.1195742109626,990.9076810005688,1148.4682822211207,1848.8225795711871,1462.7123895145146,1007.9597485174111,946.4079477928077,1722.8950263746053,1774.0976531738827,527.5243273977746,2112.3295055994276,2112.283213843013,1054.1251986310012,407.84698185038457,396.24736365897064,395.37631559914394,488.250787974957,1297.7979074872972,1067.4424298045642,1136.094121283353,1223.3673032414038,1282.520411381446,1188.3767376023138,1151.8326977125287,936.620235560984,1574.5406570287887,1152.4778991023666,1489.7330534068938,1634.7746056074416,1462.4624240192377,1222.6632931567558,1497.0894907518968,1553.1326293730517,1556.8764976968325,1552.9703275182646,2035.6643710781689,2136.87026279463,1713.5845111265928,1732.0076227993852,2546.278953713979,1735.3727472311914,1269.5697233022602,1059.0285703573595,1229.8507653887057,2865.1642793810047,1244.7952635030633,1468.1372044441307,1399.6160162993588,1079.3035033231783,1469.7615342217364,1473.4993405866524,1471.530012511172,1462.4232777777133,1472.8709774496067,1473.5557092994518,743.5421449011909,783.064399313394,752.0209750589875,773.6841736631733,812.136363295671,770.8188081081024,914.3348403808034,817.1897130959777,767.9800742614436,825.4789031794162,813.6656856499488,2183.2799942841916,91.52785160196825,24.07701505707059,138.6090385857865,36.435960994432826,121.35164458517743,108.5706501184696,409.3815524473865,50.83654238020293,33.14440128658051,390.2837116412563,257.96962416124376,269.441756304271,136.10240868676615,49.98739381187438,58.4501395974256,249.71206264816203,260.4108942055613,221.54218660583777,70.16596673119284,21.522396776656517,47.05905782700935,389.79560600369155,0.0,156.7034007278178,284.04702678483113,458.88846984283185,539.5884713110034,264.89734378229286
144,1353.0848996145298,1253.565262984549,1199.884798734376,1394.2447101771045,485.5986400064237,2185.0621771313677,1511.8855184947306,3388.6159236050908,1364.0742979144638,1183.4684601068866,1183.4684601068866,1001.3520147277328,891.4426680535568,1004.7398867752731,1015.8934332133606,811.9474730720696,1013.8435131745892,1818.950583743736,1085.3739016535396,1837.291466794841,1849.9727273269693,1849.243901461488,515.8341118677538,518.4576175768949,541.2770227677618,912.4865374449114,1173.0067539082063,724.9804213749928,509.98158189857804,518.1957675030014,514.5053376033386,517.9499449478079,1048.0403038126,896.7164962096749,838.6939022733307,901.1858736432272,973.8300611380424,1087.7130624102865,1072.2818855809376,798.0686920220506,816.6282700822916,802.034066485869,695.7550236115591,628.6367817605089,733.8035764708125,777.1443637870893,833.579836912491,818.8957097796671,1846.5118019910103,2569.823273043916,1609.3809496688848,1715.036533736355,440.127707424733,288.2696018636228,1535.5930507206901,1140.9994371013017,1291.7818268097026,2004.0019267355779,1614.7340095337552,1156.9447819278612,1100.7327428980095,1739.2480011265438,1813.15359123731,659.289807698892,2267.935650783268,2267.87102661535,1210.3244924387284,478.0963581878482,468.82050924480865,467.2108953933146,555.0111475310014,1203.4758401553815,980.1283248336795,1086.0689172108484,1170.8437621552448,1217.7920931841315,1136.100613391824,1108.2976058370914,863.4760080527935,1493.840328919224,1099.4321497261894,1408.5430698982047,1689.6549648611121,1550.6402242566287,1289.2433658938628,1562.4210361363496,1631.8637801638927,1635.5640134248526,1632.4989648362728,2143.7979189700623,2249.938011567947,1821.1697147351977,1849.135876423218,2572.7092962777383,1859.3432825773489,1402.287168460298,1123.8072700315954,1344.7220858408089,2934.9930752360315,1359.459523414419,1448.8487870239392,1376.100832287244,1059.5915742851003,1452.724297339195,1453.1359115118128,1452.8268741661257,1443.7871565246774,1455.1826472995904,1454.822593116172,888.922630358232,932.2860716909711,900.7534008991619,928.3887008973134,955.0423340199253,923.6521712035287,1062.928885030713,958.9863008143047,915.5445579182941,970.0976898312234,956.9888201239401,2252.8435781333874,210.18974179097887,162.48475917130952,18.74698055362597,172.46601883083937,129.3686308710943,158.41741510155114,261.1022244670708,192.6898379624911,124.32643875981712,234.04710132952903,174.5661754343124,140.51863947926563,67.75742684555011,182.53117329814205,140.07215135928274,102.47625645079263,115.65059075579443,97.4465513690126,193.44914474798026,168.80249673944715,110.31221322377428,263.73267619950707,156.7034007278178,0.0,169.59326635113823,306.99611342138724,386.7462507222817,378.0691219719252
145,1360.178344433423,1240.8085909677602,1200.9274984282483,1372.3300537463213,506.32042095968893,2180.0122267465968,1517.56791698842,3382.749089965998,1328.9960210936304,1145.4966313709504,1145.4966313709504,879.1441543969821,758.316097458796,881.4676016794209,893.7311698512601,686.6568605025628,890.7867414084851,1675.4438337268582,954.9925252787466,1689.4553777269903,1702.508576943433,1701.11417991746,610.4081879585223,616.2897798572494,644.1011629706959,1007.182807391968,1277.1354514526931,770.1577798267851,607.7157453118501,614.2369615694926,609.1045560427748,609.4208876073151,975.0875241252883,914.2073737496063,856.3014282020366,915.8536664435746,961.3963785942695,1093.5856439454712,1084.8835204409675,791.9220699638055,729.0921239931102,740.7263421714418,618.739708141873,611.5867059892262,693.393762820456,776.7402663246368,730.3538571940451,728.2271327609667,2010.9631062781916,2589.696760754772,1583.1407704306605,1630.4707117468174,547.616822461845,348.00732234057216,1586.1434731215852,1197.2667140639426,1327.5241352758792,2076.746658906876,1673.749471659404,1209.5570371497477,1174.0204645959861,1611.8945608779434,1703.6815416198513,686.6867452351534,2342.969411599318,2342.762269980514,1295.308825138025,438.5278414641594,433.041938097119,430.79839190181815,503.5148529801933,1034.1760980334755,810.5562365807632,924.4220837568798,1007.923686621305,1051.1053101995235,973.4008060233823,949.1766849416181,695.7550393392917,1324.427332401575,936.6067859949338,1239.1227919057412,1595.6026614222437,1494.1521125214263,1211.3178929238074,1480.003233274496,1801.4024623585676,1805.1043644584076,1802.0115611495125,2109.263702018412,2222.139247468497,1787.8822084593944,1829.946073145698,2449.8567464838707,1851.3059489533416,1414.0752999098966,1293.209225584745,1506.5488509308711,3104.3274938254117,1521.3876815869248,1299.885301407438,1225.2071457691814,913.1568758276202,1305.0036758063711,1303.5595890414197,1304.168762245952,1295.2119465263695,1307.0813078589572,1306.1378263522665,936.207026911863,989.0338797892758,956.6854072761936,1005.8158224535215,994.9909134919809,992.7275051562771,1115.6561832663713,996.3290265992556,967.9181327535941,1013.8147218245161,997.8676636832093,2170.3572601917767,286.4992777884804,300.22671663053853,175.91535286611602,279.37335221825606,297.85795594725863,212.49945302971904,156.71113857112218,295.4695821216003,260.2667668397482,222.77857445166384,56.51112822831552,37.830786595495425,149.03843871615737,282.1477493291072,236.56877009950807,91.39663169166624,80.33318088815626,72.22622220476335,342.0564787775768,284.9425481114171,241.3166278436368,106.30818665723186,284.04702678483113,169.59326635113823,0.0,314.06300572855616,289.52275849620196,537.2528925634781
146,1651.888890750276,1542.986337279861,1495.906544757871,1678.6052666059659,784.9316795585984,2479.6886951234046,1810.4160303950634,3683.47018551847,1639.4215976868013,1456.3486271336778,1456.3486271336778,1172.4809992860091,1042.5279493546448,1173.818276255809,1186.9189231981056,980.3616793856322,1183.209593578926,1931.8044253718817,871.0944637374922,1936.6012329914577,1950.383725383513,1947.4908596299722,817.9688354675176,819.381652681653,839.6854012648294,1210.3758961882309,1463.4093625762305,1031.3333690690204,811.0782443466863,819.7870472430499,816.6504188971516,821.0387339096519,1288.8298645901616,1197.8776109314078,1139.6582903420194,1201.457919952783,1262.5909353825778,1385.4254338069884,1372.4225139946016,1089.2415302666018,1041.3083662982579,1054.505650318573,932.6618125511247,912.7786288278257,1003.4478145994535,1070.9003603456085,1037.5883148992896,1039.7319439373691,2009.7102361189486,2873.7385853604087,1891.2744406064483,1427.7980956621345,309.9137801852152,99.74926013113374,1842.5588947985793,1447.8587126700995,1597.8454153244847,2307.107563969029,1921.0656963398485,1463.92561008108,1405.2655155613008,1893.3890400168978,2001.63115519317,962.1239968610162,2570.010072499908,2569.9944985143857,1510.841539521716,746.1465507506242,739.3464476684993,737.2817631711551,814.9573093650955,1153.179004705046,960.1468882254659,1141.9968488292589,1217.3117944862165,1236.300918194832,1184.8043683413223,1175.9076030799786,885.9900987383149,1465.8049574956947,1148.4997599389674,1382.148239119959,1902.7771983061148,1808.1077006286923,1524.1130544335658,1791.4192496254752,1736.5096893927919,1740.0391421472973,1738.7351100652818,2420.282087078248,2531.3429787757436,2098.3518154158355,2135.7860028401674,2733.1835586642583,2152.2001059977847,1702.8588894665147,1217.8892667627463,1529.2499575022055,3003.884153681232,1543.2375162056674,1548.6053110022551,1470.4288016720902,1173.8159208414406,1556.4301343506977,1550.8128004434748,1553.5257782726517,1544.8744665662578,1557.6448430674757,1555.408657318232,1195.7030821904348,1239.2300281371213,1207.7300963460896,1232.466641284613,1261.2343971513633,1229.4560288201612,1369.9209228147386,1264.8425584412855,1222.5324449665322,1276.6967832164182,1263.291697089447,2480.927884150026,516.4668409557909,458.7065398007954,325.7150379754267,478.856849034775,377.6249779080323,457.14490248080773,204.75031975055288,499.11921050228966,425.74607780747243,91.28522167414624,366.89306455511246,284.4943439274414,359.8610871315287,489.3777337033701,446.79286105714704,252.3425278836506,252.65021320826787,302.127492952226,475.62464485210137,473.7213164721902,414.88169928386236,300.667516098849,458.88846984283185,306.99611342138724,314.06300572855616,0.0,208.91305083193157,615.8013381222528
147,1640.14399742635,1512.1413949531623,1479.2311659814757,1637.1824582723273,795.0035565964685,2451.2571547521025,1796.3060380115219,3651.1674856430072,1585.0302460378336,1401.4992660298062,1401.4992660298062,1036.8158299465154,899.0199028804786,1036.8609987455093,1050.7963455568408,849.5681724946817,1046.172121973092,1755.8952482645018,703.1937429426855,1755.449303331813,1769.553428884709,1765.884319017342,889.5544946458538,894.0632799118753,919.6780338949402,1288.075434675272,1554.0161283461607,1059.6714750616952,885.4678812119445,892.7876810680101,888.2302051541902,889.8115357374978,1202.372835549963,1199.723425338861,1142.1678522436066,1200.6315206050895,1235.5212996297798,1374.4699175707638,1368.1222064717383,1070.8658296409176,948.3770096705779,986.564444397574,855.1462964494414,889.0950503710413,956.5234352663181,1058.007881251371,928.6080004475346,943.7018740508425,2192.1225382045736,2871.8166158489507,1843.524023368609,1342.4351856786404,518.0741594003019,306.3826468637153,1875.5302779151793,1486.7484561683277,1615.552381191487,2365.16831136917,1963.240811726506,1499.0776585635206,1461.695046858565,1736.8011197379192,1863.968258590759,975.1665302080463,2631.112398418315,2630.9297368576836,1580.3078177022069,711.445093274741,707.9860758106539,705.5548470290548,766.5956962328411,944.6606767617832,755.7442891926651,953.7545186405105,1025.1216005196982,1036.769610231794,993.6898067516795,991.0307345720886,692.3998201393287,1258.1575349960065,958.0031037317805,1174.8270152158093,1783.2083219538588,1729.6722124128796,1427.4455625793826,1685.8149583137374,1934.7569042082307,1938.3311724450016,1936.6496795342748,2360.2645333956793,2478.0429233138193,2041.6488085941724,2093.764473061336,2574.8953880217227,2121.926962483523,1695.6116689944913,1416.4570802172589,1701.8880632894447,3209.5781077103384,1716.246837333688,1370.7061051180253,1291.2811151707238,1007.7213769488834,1380.005591311379,1372.0870391316219,1375.9436180047103,1367.5344927272977,1380.7137905782172,1377.7629884250427,1225.700756943624,1278.4088443159287,1246.0781452620172,1292.3209777718005,1284.0322145079863,1280.8409324826857,1405.1783605325925,1285.11249731528,1257.4259741872397,1303.1138990864288,1286.9835928697535,2368.6675468900007,566.2139989838046,548.451074873916,403.1947048201546,546.4732142393569,499.282927577875,494.20071274852756,134.61034444913156,565.2856308884215,508.9499478288016,187.38279228763915,343.78689963682615,283.18449592916113,409.4581789747322,552.8151318350161,505.7993475625906,290.08713579013966,280.2796480242558,325.82802746306675,579.7649606606808,547.4094942680211,492.58523959380994,208.19327496393032,539.5884713110034,386.7462507222817,289.52275849620196,208.91305083193157,0.0,753.5327653053575
148,1253.304726912546,1204.2192155159275,1123.5758293848712,1356.7406995762137,494.598542772727,2082.5910147615405,1407.1074408313912,3270.7667722968076,1357.6602828840573,1195.1406511213263,1195.1406511213263,1211.8806340259107,1133.1442286082786,1217.4795259437374,1225.4720060470183,1042.0903343220816,1225.5707073133576,2058.5579055015924,1456.6462094500846,2089.5318876762826,2100.9015876569674,2102.2140819192623,327.71905265458076,319.63526092748265,318.9037113003873,646.4234953644944,871.0304224233168,605.7633113145837,314.9345670996943,324.7951529614297,326.86447031631917,338.0063031239966,1147.085814662624,813.5131226112738,763.5181298043008,823.7909757507693,948.1374677147381,1009.7606491303603,980.6290745868367,782.3961035101014,968.63384697719,902.3062560930949,842.8601501962257,670.3372867085652,801.7324556693928,752.4159435733321,1015.9516421597777,977.0372546179973,1474.8633945268907,2406.994807534706,1571.3383468007253,2040.920630763897,543.7819974008803,544.1744381967926,1332.1060023695607,945.0766628784487,1131.9728477257238,1743.3282914437573,1390.687015344015,968.1233441664731,869.31349790221,1935.8382808355805,1962.3433068294514,596.7511001768962,1999.089384545593,1999.294006508887,946.9549394421759,606.207390307796,593.4206146366271,593.4873912590177,682.1712379072578,1562.0803295822575,1332.2237597469878,1395.3420928494095,1483.1067477964052,1545.3155958996492,1448.1526963064464,1408.719208182977,1201.157005665211,1839.2877201358706,1412.6101021498716,1754.5271853492595,1804.6220966534167,1583.3423841578842,1383.2399381057157,1654.2883920307343,1291.1506777167997,1294.902779095675,1290.734875553856,2107.839083689659,2196.444223645024,1791.25113778605,1786.7314918856912,2743.934164295334,1771.8796289320435,1289.3815909345167,805.830546745166,969.3121784332493,2604.975414473564,984.161018212172,1711.0615915264782,1645.499453050793,1325.3794751223368,1711.244148893877,1717.061655547467,1714.0660482498868,1704.9713545118375,1714.7533505114336,1716.0986775387319,737.9115461189264,753.8033080199905,727.8816209733388,701.5770397656669,813.1188386162503,717.0730371596792,881.0422010456642,822.6331352838089,749.2676979108137,817.8019626888257,812.6960979842637,2326.2134069281224,322.2010992810385,243.4560139754522,366.049898788013,287.21933951269426,254.70187287658052,370.39347055610017,636.3379962095979,282.8882093569775,280.2810884106446,576.4152932272594,519.4683172487889,514.9773716782446,389.5960825748125,293.7332026366821,322.8352674120637,480.4348688436374,493.7183059511257,467.7683880154522,197.67839144988795,274.1841339689057,299.29618852023333,639.0383026979404,264.89734378229286,378.0691219719252,537.2528925634781,615.8013381222528,753.5327653053575,0.0
